timestamp_ms,trial_time_ms,participant_id,trial_id,condition,gaze_x,gaze_y,gaze_valid,gaze_region,gaze_state,left_pupil_x,left_pupil_y,right_pupil_x,right_pupil_y
604,22,P_TEST,0,GAZE_AWARE,0.0,0.0,true,OUTSIDE,INVALID,805.85095,535.6658,1105.851,535.6658
657,75,P_TEST,0,GAZE_AWARE,0.0,0.0,true,OUTSIDE,INVALID,801.7019,531.33154,1101.7019,531.33154
705,123,P_TEST,0,GAZE_AWARE,0.0,0.0,true,OUTSIDE,INVALID,793.40393,522.6631,1093.4038,522.6631
740,158,P_TEST,0,GAZE_AWARE,0.0,0.0,true,OUTSIDE,INVALID,785.10596,513.9946,1085.1057,513.9946
773,191,P_TEST,0,GAZE_AWARE,0.0,0.0,true,OUTSIDE,LOOKING_AWAY,776.8079,505.32617,1076.8076,505.3261
806,224,P_TEST,0,GAZE_AWARE,0.0,0.0,true,OUTSIDE,LOOKING_AWAY,768.5099,496.6577,1068.5095,496.6576
840,258,P_TEST,0,GAZE_AWARE,0.0,0.0,true,OUTSIDE,LOOKING_AWAY,760.21185,487.98923,1060.2114,487.98907
873,291,P_TEST,0,GAZE_AWARE,0.0,0.0,true,OUTSIDE,LOOKING_AWAY,751.9138,479.32074,1051.9133,479.32056
907,325,P_TEST,0,GAZE_AWARE,0.0,0.0,true,OUTSIDE,LOOKING_AWAY,743.6158,470.65225,1043.6154,470.652
1004,422,P_TEST,0,GAZE_AWARE,0.0,0.0,true,OUTSIDE,LOOKING_AWAY,735.31775,461.98376,1035.3174,461.98346
1053,471,P_TEST,0,GAZE_AWARE,0.0,0.0,true,OUTSIDE,LOOKING_AWAY,733.7371,460.33255,1033.737,460.33255
1091,509,P_TEST,0,GAZE_AWARE,0.0,0.0,true,OUTSIDE,LOOKING_AWAY,733.7371,460.33255,1033.737,460.33255
1130,548,P_TEST,0,GAZE_AWARE,0.0,0.0,true,OUTSIDE,LOOKING_AWAY,733.7371,460.33255,1033.737,460.33255
1164,582,P_TEST,0,GAZE_AWARE,0.0,0.0,true,OUTSIDE,LOOKING_AWAY,733.7371,460.33255,1033.737,460.33255
1198,616,P_TEST,0,GAZE_AWARE,169.0,553.0,true,OUTSIDE,LOOKING_AWAY,732.13666,472.2253,1032.1366,472.2253
1232,650,P_TEST,0,GAZE_AWARE,226.0,539.0,true,OUTSIDE,LOOKING_AWAY,730.4493,484.10608,1030.4492,484.10608
1265,683,P_TEST,0,GAZE_AWARE,221.0,534.0,true,OUTSIDE,LOOKING_AWAY,728.7231,495.98126,1028.7231,495.98126
1299,717,P_TEST,0,GAZE_AWARE,221.0,534.0,true,OUTSIDE,LOOKING_AWAY,726.9932,507.85596,1026.9933,507.8559
1349,767,P_TEST,0,GAZE_AWARE,221.0,534.0,true,OUTSIDE,LOOKING_AWAY,724.39844,525.6679,1024.3986,525.66785
1382,800,P_TEST,0,GAZE_AWARE,221.0,534.0,true,OUTSIDE,LOOKING_AWAY,722.66864,537.54254,1022.6687,537.5425
1416,834,P_TEST,0,GAZE_AWARE,221.0,534.0,true,OUTSIDE,LOOKING_AWAY,722.50287,538.6807,1022.50287,538.6807
1449,867,P_TEST,0,GAZE_AWARE,221.0,534.0,true,OUTSIDE,LOOKING_AWAY,722.50287,538.6807,1022.50287,538.6807
1482,900,P_TEST,0,GAZE_AWARE,221.0,533.0,true,OUTSIDE,LOOKING_AWAY,722.5039,538.4608,1022.5039,538.4608
1515,933,P_TEST,0,GAZE_AWARE,228.0,527.0,true,OUTSIDE,LOOKING_AWAY,722.5138,537.1145,1022.5138,537.1145
1548,966,P_TEST,0,GAZE_AWARE,237.0,527.0,true,OUTSIDE,LOOKING_AWAY,722.51416,537.0786,1022.51416,537.0786
1599,1017,P_TEST,0,GAZE_AWARE,260.0,535.0,true,OUTSIDE,LOOKING_AWAY,722.50226,538.8393,1022.50226,538.8393
1633,1051,P_TEST,0,GAZE_AWARE,283.0,543.0,true,OUTSIDE,LOOKING_AWAY,722.50085,540.7201,1022.50085,540.7201
1681,1099,P_TEST,0,GAZE_AWARE,296.0,547.0,true,OUTSIDE,LOOKING_AWAY,722.5049,541.713,1022.5049,541.713
1715,1133,P_TEST,0,GAZE_AWARE,298.0,547.0,true,OUTSIDE,LOOKING_AWAY,722.5049,541.7182,1022.5049,541.7182
1748,1166,P_TEST,0,GAZE_AWARE,298.0,547.0,true,OUTSIDE,LOOKING_AWAY,722.5049,541.7182,1022.5049,541.7182
1783,1201,P_TEST,0,GAZE_AWARE,298.0,547.0,true,OUTSIDE,LOOKING_AWAY,722.5049,541.7182,1022.5049,541.7182
1832,1250,P_TEST,0,GAZE_AWARE,298.0,547.0,true,OUTSIDE,LOOKING_AWAY,722.5049,541.7182,1022.5049,541.7182
1867,1285,P_TEST,0,GAZE_AWARE,298.0,547.0,true,OUTSIDE,LOOKING_AWAY,722.5049,541.7182,1022.5049,541.7182
1905,1323,P_TEST,0,GAZE_AWARE,298.0,547.0,true,OUTSIDE,LOOKING_AWAY,722.5049,541.7182,1022.5049,541.7182
1951,1369,P_TEST,0,GAZE_AWARE,309.0,548.0,true,OUTSIDE,LOOKING_AWAY,722.5066,541.99677,1022.5066,541.99677
1990,1408,P_TEST,0,GAZE_AWARE,347.0,552.0,true,OUTSIDE,LOOKING_AWAY,722.5168,543.1805,1022.5168,543.1805
2029,1447,P_TEST,0,GAZE_AWARE,398.0,551.0,true,OUTSIDE,LOOKING_AWAY,722.5168,543.18,1022.5168,543.18
2076,1494,P_TEST,0,GAZE_AWARE,439.0,546.0,true,OUTSIDE,LOOKING_AWAY,722.5058,541.8713,1022.5058,541.8713
2111,1529,P_TEST,0,GAZE_AWARE,462.0,540.0,true,OUTSIDE,LOOKING_AWAY,722.5,540.0,1022.5,540.0
2145,1563,P_TEST,0,GAZE_AWARE,471.0,538.0,true,OUTSIDE,LOOKING_AWAY,722.50073,539.3354,1022.50073,539.3354
2178,1596,P_TEST,0,GAZE_AWARE,481.0,534.0,true,OUTSIDE,LOOKING_AWAY,722.50684,537.96466,1022.50684,537.96466
2212,1630,P_TEST,0,GAZE_AWARE,489.0,530.0,true,OUTSIDE,LOOKING_AWAY,722.5197,536.55066,1022.5197,536.55066
2245,1663,P_TEST,0,GAZE_AWARE,496.0,527.0,true,OUTSIDE,LOOKING_AWAY,722.5343,535.449,1022.5343,535.449
2294,1712,P_TEST,0,GAZE_AWARE,525.0,514.0,true,OUTSIDE,LOOKING_AWAY,722.6559,530.3047,1022.6559,530.3047
2345,1763,P_TEST,0,GAZE_AWARE,545.0,499.0,true,OUTSIDE,LOOKING_AWAY,722.92395,524.02356,1022.92395,524.02356
2378,1796,P_TEST,0,GAZE_AWARE,554.0,489.0,true,OUTSIDE,LOOKING_AWAY,723.1823,519.7466,1023.1823,519.7466
2412,1830,P_TEST,0,GAZE_AWARE,557.0,484.0,true,OUTSIDE,LOOKING_AWAY,723.33276,517.6343,1023.33276,517.6343
2462,1880,P_TEST,0,GAZE_AWARE,558.0,481.0,true,OUTSIDE,LOOKING_AWAY,723.4274,516.40326,1023.4274,516.40326
2495,1913,P_TEST,0,GAZE_AWARE,561.0,477.0,true,OUTSIDE,LOOKING_AWAY,723.57074,514.65607,1023.57074,514.65607
2528,1946,P_TEST,0,GAZE_AWARE,572.0,476.0,true,OUTSIDE,LOOKING_AWAY,723.6666,513.5532,1023.6666,513.5532
2562,1980,P_TEST,0,GAZE_AWARE,605.0,480.0,true,FACE,LOOKING_AWAY,723.7236,512.9193,1023.7236,512.9193
2595,2013,P_TEST,0,GAZE_AWARE,672.0,491.0,true,FACE,LOOKING_AWAY,735.2258,516.2925,1035.2258,516.2925
2628,2046,P_TEST,0,GAZE_AWARE,705.0,496.0,true,LEFT_EYE,LOOKING_AWAY,746.25,519.5714,1046.25,519.5714
2663,2081,P_TEST,0,GAZE_AWARE,722.0,499.0,true,LEFT_EYE,LOOKING_AWAY,750.5,520.9643,1050.5,520.9643
2712,2130,P_TEST,0,GAZE_AWARE,727.0,500.0,true,LEFT_EYE,LOOKING_AWAY,751.75,521.4286,1051.75,521.4286
2762,2180,P_TEST,0,GAZE_AWARE,727.0,500.0,true,LEFT_EYE,LOOKING_AT_EYES,751.75,521.4286,1051.75,521.4286
2796,2214,P_TEST,0,GAZE_AWARE,727.0,500.0,true,LEFT_EYE,LOOKING_AT_EYES,751.75,521.4286,1051.75,521.4286
2845,2263,P_TEST,0,GAZE_AWARE,727.0,500.0,true,LEFT_EYE,LOOKING_AT_EYES,751.75,521.4286,1051.75,521.4286
2878,2296,P_TEST,0,GAZE_AWARE,732.0,503.0,true,LEFT_EYE,LOOKING_AT_EYES,753.0,522.8214,1053.0,522.8214
2912,2330,P_TEST,0,GAZE_AWARE,738.0,506.0,true,LEFT_EYE,LOOKING_AT_EYES,754.5,524.2143,1054.5,524.2143
2945,2363,P_TEST,0,GAZE_AWARE,740.0,506.0,true,LEFT_EYE,LOOKING_AT_EYES,755.0,524.2143,1055.0,524.2143
2978,2396,P_TEST,0,GAZE_AWARE,740.0,506.0,true,LEFT_EYE,LOOKING_AT_EYES,755.0,524.2143,1055.0,524.2143
3012,2430,P_TEST,0,GAZE_AWARE,740.0,506.0,true,LEFT_EYE,LOOKING_AT_EYES,755.0,524.2143,1055.0,524.2143
3045,2463,P_TEST,0,GAZE_AWARE,741.0,506.0,true,LEFT_EYE,LOOKING_AT_EYES,755.25,524.2143,1055.25,524.2143
3078,2496,P_TEST,0,GAZE_AWARE,742.0,508.0,true,LEFT_EYE,LOOKING_AT_EYES,755.5,525.1429,1055.5,525.1429
3111,2529,P_TEST,0,GAZE_AWARE,746.0,510.0,true,LEFT_EYE,LOOKING_AT_EYES,756.5,526.0714,1056.5,526.0714
3145,2563,P_TEST,0,GAZE_AWARE,747.0,511.0,true,LEFT_EYE,LOOKING_AT_EYES,756.75,526.5357,1056.75,526.5357
3178,2596,P_TEST,0,GAZE_AWARE,748.0,511.0,true,LEFT_EYE,LOOKING_AT_EYES,757.0,526.5357,1057.0,526.5357
3212,2630,P_TEST,0,GAZE_AWARE,749.0,512.0,true,LEFT_EYE,LOOKING_AT_EYES,757.25,527.0,1057.25,527.0
3246,2664,P_TEST,0,GAZE_AWARE,750.0,513.0,true,LEFT_EYE,LOOKING_AT_EYES,757.5,527.4643,1057.5,527.4643
3279,2697,P_TEST,0,GAZE_AWARE,752.0,515.0,true,LEFT_EYE,LOOKING_AT_EYES,758.0,528.3929,1058.0,528.3929
3329,2747,P_TEST,0,GAZE_AWARE,754.0,518.0,true,LEFT_EYE,LOOKING_AT_EYES,758.5,529.7857,1058.5,529.7857
3362,2780,P_TEST,0,GAZE_AWARE,756.0,519.0,true,LEFT_EYE,LOOKING_AT_EYES,759.0,530.25,1059.0,530.25
3395,2813,P_TEST,0,GAZE_AWARE,756.0,519.0,true,LEFT_EYE,LOOKING_AT_EYES,759.0,530.25,1059.0,530.25
3429,2847,P_TEST,0,GAZE_AWARE,756.0,519.0,true,LEFT_EYE,LOOKING_AT_EYES,759.0,530.25,1059.0,530.25
3462,2880,P_TEST,0,GAZE_AWARE,756.0,519.0,true,LEFT_EYE,LOOKING_AT_EYES,759.0,530.25,1059.0,530.25
3496,2914,P_TEST,0,GAZE_AWARE,756.0,519.0,true,LEFT_EYE,LOOKING_AT_EYES,759.0,530.25,1059.0,530.25
3545,2963,P_TEST,0,GAZE_AWARE,756.0,519.0,true,LEFT_EYE,LOOKING_AT_EYES,759.0,530.25,1059.0,530.25
3579,2997,P_TEST,0,GAZE_AWARE,756.0,519.0,true,LEFT_EYE,LOOKING_AT_EYES,759.0,530.25,1059.0,530.25
3612,3030,P_TEST,0,GAZE_AWARE,756.0,519.0,true,LEFT_EYE,LOOKING_AT_EYES,759.0,530.25,1059.0,530.25
3646,3064,P_TEST,0,GAZE_AWARE,756.0,519.0,true,LEFT_EYE,LOOKING_AT_EYES,759.0,530.25,1059.0,530.25
3696,3114,P_TEST,0,GAZE_AWARE,756.0,519.0,true,LEFT_EYE,LOOKING_AT_EYES,759.0,530.25,1059.0,530.25
3745,3163,P_TEST,0,GAZE_AWARE,756.0,519.0,true,LEFT_EYE,LOOKING_AT_EYES,759.0,530.25,1059.0,530.25
3778,3196,P_TEST,0,GAZE_AWARE,756.0,519.0,true,LEFT_EYE,LOOKING_AT_EYES,759.0,530.25,1059.0,530.25
3811,3229,P_TEST,0,GAZE_AWARE,759.0,519.0,true,LEFT_EYE,LOOKING_AT_EYES,759.75,530.25,1059.75,530.25
3845,3263,P_TEST,0,GAZE_AWARE,765.0,518.0,true,LEFT_EYE,LOOKING_AT_EYES,761.25,529.7857,1061.25,529.7857
3878,3296,P_TEST,0,GAZE_AWARE,774.0,519.0,true,LEFT_EYE,LOOKING_AT_EYES,763.5,530.25,1063.5,530.25
3912,3330,P_TEST,0,GAZE_AWARE,784.0,520.0,true,LEFT_EYE,LOOKING_AT_EYES,766.0,530.7143,1066.0,530.7143
3945,3363,P_TEST,0,GAZE_AWARE,789.0,520.0,true,LEFT_EYE,LOOKING_AT_EYES,767.25,530.7143,1067.25,530.7143
3978,3396,P_TEST,0,GAZE_AWARE,793.0,521.0,true,LEFT_EYE,LOOKING_AT_EYES,768.25,531.1786,1068.25,531.1786
4012,3430,P_TEST,0,GAZE_AWARE,798.0,521.0,true,LEFT_EYE,LOOKING_AT_EYES,769.5,531.1786,1069.5,531.1786
4045,3463,P_TEST,0,GAZE_AWARE,803.0,521.0,true,LEFT_EYE,LOOKING_AT_EYES,770.75,531.1786,1070.75,531.1786
4079,3497,P_TEST,0,GAZE_AWARE,810.0,521.0,true,LEFT_EYE,LOOKING_AT_EYES,772.5,531.1786,1072.5,531.1786
4112,3530,P_TEST,0,GAZE_AWARE,818.0,521.0,true,LEFT_EYE,LOOKING_AT_EYES,774.5,531.1786,1074.5,531.1786
4145,3563,P_TEST,0,GAZE_AWARE,825.0,521.0,true,LEFT_EYE,LOOKING_AT_EYES,776.25,531.1786,1076.25,531.1786
4179,3597,P_TEST,0,GAZE_AWARE,830.0,521.0,true,LEFT_EYE,LOOKING_AT_EYES,777.5,531.1786,1077.5,531.1786
4213,3631,P_TEST,0,GAZE_AWARE,831.0,521.0,true,LEFT_EYE,LOOKING_AT_EYES,777.75,531.1786,1077.75,531.1786
4262,3680,P_TEST,0,GAZE_AWARE,831.0,521.0,true,LEFT_EYE,LOOKING_AT_EYES,777.75,531.1786,1077.75,531.1786
4295,3713,P_TEST,0,GAZE_AWARE,831.0,521.0,true,LEFT_EYE,LOOKING_AT_EYES,777.75,531.1786,1077.75,531.1786
4328,3746,P_TEST,0,GAZE_AWARE,832.0,521.0,true,LEFT_EYE,LOOKING_AT_EYES,778.0,531.1786,1078.0,531.1786
4362,3780,P_TEST,0,GAZE_AWARE,835.0,522.0,true,LEFT_EYE,LOOKING_AT_EYES,778.75,531.6429,1078.75,531.6429
4395,3813,P_TEST,0,GAZE_AWARE,841.0,524.0,true,LEFT_EYE,LOOKING_AT_EYES,780.25,532.5714,1080.25,532.5714
4428,3846,P_TEST,0,GAZE_AWARE,845.0,525.0,true,LEFT_EYE,LOOKING_AT_EYES,781.25,533.0357,1081.25,533.0357
4463,3881,P_TEST,0,GAZE_AWARE,846.0,525.0,true,LEFT_EYE,LOOKING_AT_EYES,781.5,533.0357,1081.5,533.0357
4496,3914,P_TEST,0,GAZE_AWARE,846.0,525.0,true,LEFT_EYE,LOOKING_AT_EYES,781.5,533.0357,1081.5,533.0357
4545,3963,P_TEST,0,GAZE_AWARE,846.0,525.0,true,LEFT_EYE,LOOKING_AT_EYES,781.5,533.0357,1081.5,533.0357
4578,3996,P_TEST,0,GAZE_AWARE,846.0,525.0,true,LEFT_EYE,LOOKING_AT_EYES,781.5,533.0357,1081.5,533.0357
4612,4030,P_TEST,0,GAZE_AWARE,846.0,525.0,true,LEFT_EYE,LOOKING_AT_EYES,781.5,533.0357,1081.5,533.0357
4645,4063,P_TEST,0,GAZE_AWARE,846.0,525.0,true,LEFT_EYE,LOOKING_AT_EYES,781.5,533.0357,1081.5,533.0357
4678,4096,P_TEST,0,GAZE_AWARE,846.0,525.0,true,LEFT_EYE,LOOKING_AT_EYES,781.5,533.0357,1081.5,533.0357
4711,4129,P_TEST,0,GAZE_AWARE,846.0,525.0,true,LEFT_EYE,LOOKING_AT_EYES,781.5,533.0357,1081.5,533.0357
4745,4163,P_TEST,0,GAZE_AWARE,846.0,525.0,true,LEFT_EYE,LOOKING_AT_EYES,781.5,533.0357,1081.5,533.0357
4778,4196,P_TEST,0,GAZE_AWARE,846.0,525.0,true,LEFT_EYE,LOOKING_AT_EYES,781.5,533.0357,1081.5,533.0357
4811,4230,P_TEST,0,GAZE_AWARE,846.0,525.0,true,LEFT_EYE,LOOKING_AT_EYES,781.5,533.0357,1081.5,533.0357
4845,4263,P_TEST,0,GAZE_AWARE,846.0,525.0,true,LEFT_EYE,LOOKING_AT_EYES,781.5,533.0357,1081.5,533.0357
4878,4296,P_TEST,0,GAZE_AWARE,846.0,525.0,true,LEFT_EYE,LOOKING_AT_EYES,781.5,533.0357,1081.5,533.0357
4911,4329,P_TEST,0,GAZE_AWARE,846.0,525.0,true,LEFT_EYE,LOOKING_AT_EYES,781.5,533.0357,1081.5,533.0357
4945,4363,P_TEST,0,GAZE_AWARE,846.0,525.0,true,LEFT_EYE,LOOKING_AT_EYES,781.5,533.0357,1081.5,533.0357
4978,4396,P_TEST,0,GAZE_AWARE,845.0,525.0,true,LEFT_EYE,LOOKING_AT_EYES,781.25,533.0357,1081.25,533.0357
5013,4431,P_TEST,0,GAZE_AWARE,843.0,526.0,true,LEFT_EYE,LOOKING_AT_EYES,780.75,533.5,1080.75,533.5
5046,4464,P_TEST,0,GAZE_AWARE,840.0,526.0,true,LEFT_EYE,LOOKING_AT_EYES,780.0,533.5,1080.0,533.5
5079,4497,P_TEST,0,GAZE_AWARE,831.0,527.0,true,LEFT_EYE,LOOKING_AT_EYES,777.75,533.9643,1077.75,533.9643
5112,4530,P_TEST,0,GAZE_AWARE,819.0,527.0,true,LEFT_EYE,LOOKING_AT_EYES,774.75,533.9643,1074.75,533.9643
5146,4564,P_TEST,0,GAZE_AWARE,808.0,527.0,true,LEFT_EYE,LOOKING_AT_EYES,772.0,533.9643,1072.0,533.9643
5179,4597,P_TEST,0,GAZE_AWARE,804.0,527.0,true,LEFT_EYE,LOOKING_AT_EYES,771.0,533.9643,1071.0,533.9643
5212,4630,P_TEST,0,GAZE_AWARE,804.0,527.0,true,LEFT_EYE,LOOKING_AT_EYES,771.0,533.9643,1071.0,533.9643
5246,4664,P_TEST,0,GAZE_AWARE,804.0,527.0,true,LEFT_EYE,LOOKING_AT_EYES,771.0,533.9643,1071.0,533.9643
5279,4697,P_TEST,0,GAZE_AWARE,804.0,527.0,true,LEFT_EYE,LOOKING_AT_EYES,771.0,533.9643,1071.0,533.9643
5312,4730,P_TEST,0,GAZE_AWARE,804.0,527.0,true,LEFT_EYE,LOOKING_AT_EYES,771.0,533.9643,1071.0,533.9643
5345,4763,P_TEST,0,GAZE_AWARE,805.0,527.0,true,LEFT_EYE,LOOKING_AT_EYES,771.25,533.9643,1071.25,533.9643
5395,4813,P_TEST,0,GAZE_AWARE,818.0,525.0,true,LEFT_EYE,LOOKING_AT_EYES,774.5,533.0357,1074.5,533.0357
5428,4846,P_TEST,0,GAZE_AWARE,836.0,525.0,true,LEFT_EYE,LOOKING_AT_EYES,779.0,533.0357,1079.0,533.0357
5462,4880,P_TEST,0,GAZE_AWARE,854.0,525.0,true,LEFT_EYE,LOOKING_AT_EYES,783.5,533.0357,1083.5,533.0357
5512,4930,P_TEST,0,GAZE_AWARE,879.0,527.0,true,LEFT_EYE,LOOKING_AT_EYES,789.75,533.9643,1089.75,533.9643
5546,4964,P_TEST,0,GAZE_AWARE,889.0,527.0,true,LEFT_EYE,LOOKING_AT_EYES,792.25,533.9643,1092.25,533.9643
5579,4997,P_TEST,0,GAZE_AWARE,896.0,528.0,true,LEFT_EYE,LOOKING_AT_EYES,794.0,534.4286,1094.0,534.4286
5612,5030,P_TEST,0,GAZE_AWARE,907.0,529.0,true,LEFT_EYE,LOOKING_AT_EYES,796.75,534.8929,1096.75,534.8929
5645,5063,P_TEST,0,GAZE_AWARE,916.0,529.0,true,LEFT_EYE,LOOKING_AT_EYES,799.0,534.8929,1099.0,534.8929
5678,5096,P_TEST,0,GAZE_AWARE,924.0,530.0,true,LEFT_EYE,LOOKING_AT_EYES,801.0,535.3571,1101.0,535.3571
5712,5130,P_TEST,0,GAZE_AWARE,927.0,530.0,true,LEFT_EYE,LOOKING_AT_EYES,801.75,535.3571,1101.75,535.3571
5745,5163,P_TEST,0,GAZE_AWARE,929.0,530.0,true,LEFT_EYE,LOOKING_AT_EYES,802.25,535.3571,1102.25,535.3571
5779,5197,P_TEST,0,GAZE_AWARE,931.0,530.0,true,LEFT_EYE,LOOKING_AT_EYES,802.75,535.3571,1102.75,535.3571
5829,5247,P_TEST,0,GAZE_AWARE,935.0,530.0,true,FACE,LOOKING_AT_EYES,803.75,535.3571,1103.75,535.3571
5863,5281,P_TEST,0,GAZE_AWARE,937.0,530.0,true,FACE,LOOKING_AT_EYES,804.25,535.3571,1104.25,535.3571
5911,5329,P_TEST,0,GAZE_AWARE,939.0,530.0,true,FACE,LOOKING_AT_EYES,804.75,535.3571,1104.75,535.3571
5945,5363,P_TEST,0,GAZE_AWARE,940.0,530.0,true,FACE,LOOKING_AT_EYES,805.0,535.3571,1105.0,535.3571
5979,5397,P_TEST,0,GAZE_AWARE,940.0,530.0,true,FACE,LOOKING_AT_FACE,805.0,535.3571,1105.0,535.3571
6013,5431,P_TEST,0,GAZE_AWARE,940.0,530.0,true,FACE,LOOKING_AT_FACE,805.0,535.3571,1105.0,535.3571
6062,5480,P_TEST,0,GAZE_AWARE,940.0,530.0,true,FACE,LOOKING_AT_FACE,805.0,535.3571,1105.0,535.3571
6095,5513,P_TEST,0,GAZE_AWARE,940.0,530.0,true,FACE,LOOKING_AT_FACE,805.0,535.3571,1105.0,535.3571
6128,5546,P_TEST,0,GAZE_AWARE,940.0,530.0,true,FACE,LOOKING_AT_FACE,805.0,535.3571,1105.0,535.3571
6162,5580,P_TEST,0,GAZE_AWARE,941.0,530.0,true,FACE,LOOKING_AT_FACE,805.25,535.3571,1105.25,535.3571
6196,5614,P_TEST,0,GAZE_AWARE,944.0,530.0,true,FACE,LOOKING_AT_FACE,806.0,535.3571,1106.0,535.3571
6245,5663,P_TEST,0,GAZE_AWARE,947.0,530.0,true,FACE,LOOKING_AT_FACE,806.75,535.3571,1106.75,535.3571
6278,5696,P_TEST,0,GAZE_AWARE,949.0,530.0,true,FACE,LOOKING_AT_FACE,807.25,535.3571,1107.25,535.3571
6312,5730,P_TEST,0,GAZE_AWARE,954.0,530.0,true,FACE,LOOKING_AT_FACE,808.5,535.3571,1108.5,535.3571
6345,5763,P_TEST,0,GAZE_AWARE,958.0,530.0,true,FACE,LOOKING_AT_FACE,809.5,535.3571,1109.5,535.3571
6378,5796,P_TEST,0,GAZE_AWARE,962.0,529.0,true,FACE,LOOKING_AT_FACE,810.5,534.8929,1110.5,534.8929
6412,5830,P_TEST,0,GAZE_AWARE,965.0,529.0,true,FACE,LOOKING_AT_FACE,811.25,534.8929,1111.25,534.8929
6445,5863,P_TEST,0,GAZE_AWARE,967.0,529.0,true,FACE,LOOKING_AT_FACE,811.75,534.8929,1111.75,534.8929
6495,5913,P_TEST,0,GAZE_AWARE,969.0,529.0,true,FACE,LOOKING_AT_FACE,812.25,534.8929,1112.25,534.8929
6528,5946,P_TEST,0,GAZE_AWARE,970.0,528.0,true,FACE,LOOKING_AT_FACE,812.5,534.4286,1112.5,534.4286
6562,5980,P_TEST,0,GAZE_AWARE,970.0,528.0,true,FACE,LOOKING_AT_FACE,812.5,534.4286,1112.5,534.4286
6595,6013,P_TEST,0,GAZE_AWARE,970.0,528.0,true,FACE,LOOKING_AT_FACE,812.5,534.4286,1112.5,534.4286
6628,6046,P_TEST,0,GAZE_AWARE,970.0,528.0,true,FACE,LOOKING_AT_FACE,812.5,534.4286,1112.5,534.4286
6662,6080,P_TEST,0,GAZE_AWARE,970.0,528.0,true,FACE,LOOKING_AT_FACE,812.5,534.4286,1112.5,534.4286
6695,6114,P_TEST,0,GAZE_AWARE,970.0,528.0,true,FACE,LOOKING_AT_FACE,812.5,534.4286,1112.5,534.4286
6746,6164,P_TEST,0,GAZE_AWARE,970.0,528.0,true,FACE,LOOKING_AT_FACE,812.5,534.4286,1112.5,534.4286
6795,6213,P_TEST,0,GAZE_AWARE,970.0,528.0,true,FACE,LOOKING_AT_FACE,812.5,534.4286,1112.5,534.4286
6829,6247,P_TEST,0,GAZE_AWARE,970.0,528.0,true,FACE,LOOKING_AT_FACE,812.5,534.4286,1112.5,534.4286
6862,6280,P_TEST,0,GAZE_AWARE,970.0,528.0,true,FACE,LOOKING_AT_FACE,812.5,534.4286,1112.5,534.4286
6895,6313,P_TEST,0,GAZE_AWARE,970.0,528.0,true,FACE,LOOKING_AT_FACE,812.5,534.4286,1112.5,534.4286
6928,6346,P_TEST,0,GAZE_AWARE,970.0,528.0,true,FACE,LOOKING_AT_FACE,812.5,534.4286,1112.5,534.4286
6961,6379,P_TEST,0,GAZE_AWARE,970.0,528.0,true,FACE,LOOKING_AT_FACE,812.5,534.4286,1112.5,534.4286
6995,6413,P_TEST,0,GAZE_AWARE,970.0,528.0,true,FACE,LOOKING_AT_FACE,812.5,534.4286,1112.5,534.4286
7028,6446,P_TEST,0,GAZE_AWARE,970.0,528.0,true,FACE,LOOKING_AT_FACE,812.5,534.4286,1112.5,534.4286
7061,6479,P_TEST,0,GAZE_AWARE,970.0,528.0,true,FACE,LOOKING_AT_FACE,812.5,534.4286,1112.5,534.4286
7095,6513,P_TEST,0,GAZE_AWARE,970.0,528.0,true,FACE,LOOKING_AT_FACE,812.5,534.4286,1112.5,534.4286
7128,6546,P_TEST,0,GAZE_AWARE,970.0,528.0,true,FACE,LOOKING_AT_FACE,812.5,534.4286,1112.5,534.4286
7161,6579,P_TEST,0,GAZE_AWARE,970.0,528.0,true,FACE,LOOKING_AT_FACE,812.5,534.4286,1112.5,534.4286
7195,6613,P_TEST,0,GAZE_AWARE,970.0,528.0,true,FACE,LOOKING_AT_FACE,812.5,534.4286,1112.5,534.4286
7228,6646,P_TEST,0,GAZE_AWARE,970.0,528.0,true,FACE,LOOKING_AT_FACE,812.5,534.4286,1112.5,534.4286
7262,6680,P_TEST,0,GAZE_AWARE,970.0,528.0,true,FACE,LOOKING_AT_FACE,812.5,534.4286,1112.5,534.4286
7311,6729,P_TEST,0,GAZE_AWARE,970.0,528.0,true,FACE,LOOKING_AT_FACE,812.5,534.4286,1112.5,534.4286
7345,6763,P_TEST,0,GAZE_AWARE,970.0,528.0,true,FACE,LOOKING_AT_FACE,812.5,534.4286,1112.5,534.4286
7378,6796,P_TEST,0,GAZE_AWARE,970.0,528.0,true,FACE,LOOKING_AT_FACE,812.5,534.4286,1112.5,534.4286
7412,6830,P_TEST,0,GAZE_AWARE,970.0,528.0,true,FACE,LOOKING_AT_FACE,812.5,534.4286,1112.5,534.4286
7462,6880,P_TEST,0,GAZE_AWARE,970.0,528.0,true,FACE,LOOKING_AT_FACE,812.5,534.4286,1112.5,534.4286
7495,6913,P_TEST,0,GAZE_AWARE,970.0,528.0,true,FACE,LOOKING_AT_FACE,812.5,534.4286,1112.5,534.4286
7528,6946,P_TEST,0,GAZE_AWARE,970.0,528.0,true,FACE,LOOKING_AT_FACE,812.5,534.4286,1112.5,534.4286
7562,6980,P_TEST,0,GAZE_AWARE,970.0,528.0,true,FACE,LOOKING_AT_FACE,812.5,534.4286,1112.5,534.4286
7595,7013,P_TEST,0,GAZE_AWARE,968.0,528.0,true,FACE,LOOKING_AT_FACE,812.0,534.4286,1112.0,534.4286
7628,7046,P_TEST,0,GAZE_AWARE,957.0,528.0,true,FACE,LOOKING_AT_FACE,809.25,534.4286,1109.25,534.4286
7662,7080,P_TEST,0,GAZE_AWARE,941.0,528.0,true,FACE,LOOKING_AT_FACE,805.25,534.4286,1105.25,534.4286
7701,7119,P_TEST,0,GAZE_AWARE,925.0,529.0,true,LEFT_EYE,LOOKING_AT_FACE,801.25,534.8929,1101.25,534.8929
7754,7172,P_TEST,0,GAZE_AWARE,887.0,529.0,true,LEFT_EYE,LOOKING_AT_FACE,791.75,534.8929,1091.75,534.8929
7794,7212,P_TEST,0,GAZE_AWARE,851.0,527.0,true,LEFT_EYE,LOOKING_AT_FACE,782.75,533.9643,1082.75,533.9643
7828,7246,P_TEST,0,GAZE_AWARE,810.0,525.0,true,LEFT_EYE,LOOKING_AT_FACE,772.5,533.0357,1072.5,533.0357
7864,7282,P_TEST,0,GAZE_AWARE,788.0,525.0,true,LEFT_EYE,LOOKING_AT_EYES,767.0,533.0357,1067.0,533.0357
7897,7315,P_TEST,0,GAZE_AWARE,770.0,524.0,true,LEFT_EYE,LOOKING_AT_EYES,762.5,532.5714,1062.5,532.5714
7930,7348,P_TEST,0,GAZE_AWARE,766.0,524.0,true,LEFT_EYE,LOOKING_AT_EYES,761.5,532.5714,1061.5,532.5714
7981,7399,P_TEST,0,GAZE_AWARE,765.0,524.0,true,LEFT_EYE,LOOKING_AT_EYES,761.25,532.5714,1061.25,532.5714
8030,7448,P_TEST,0,GAZE_AWARE,765.0,524.0,true,LEFT_EYE,LOOKING_AT_EYES,761.25,532.5714,1061.25,532.5714
8080,7498,P_TEST,0,GAZE_AWARE,765.0,524.0,true,LEFT_EYE,LOOKING_AT_EYES,761.25,532.5714,1061.25,532.5714
8113,7531,P_TEST,0,GAZE_AWARE,766.0,524.0,true,LEFT_EYE,LOOKING_AT_EYES,761.5,532.5714,1061.5,532.5714
8164,7582,P_TEST,0,GAZE_AWARE,776.0,525.0,true,LEFT_EYE,LOOKING_AT_EYES,764.0,533.0357,1064.0,533.0357
8197,7615,P_TEST,0,GAZE_AWARE,786.0,526.0,true,LEFT_EYE,LOOKING_AT_EYES,766.5,533.5,1066.5,533.5
8230,7648,P_TEST,0,GAZE_AWARE,796.0,527.0,true,LEFT_EYE,LOOKING_AT_EYES,769.0,533.9643,1069.0,533.9643
8263,7681,P_TEST,0,GAZE_AWARE,800.0,528.0,true,LEFT_EYE,LOOKING_AT_EYES,770.0,534.4286,1070.0,534.4286
8297,7715,P_TEST,0,GAZE_AWARE,800.0,528.0,true,LEFT_EYE,LOOKING_AT_EYES,770.0,534.4286,1070.0,534.4286
8331,7749,P_TEST,0,GAZE_AWARE,800.0,528.0,true,LEFT_EYE,LOOKING_AT_EYES,770.0,534.4286,1070.0,534.4286
8380,7798,P_TEST,0,GAZE_AWARE,800.0,528.0,true,LEFT_EYE,LOOKING_AT_EYES,770.0,534.4286,1070.0,534.4286
8414,7832,P_TEST,0,GAZE_AWARE,800.0,528.0,true,LEFT_EYE,LOOKING_AT_EYES,770.0,534.4286,1070.0,534.4286
8447,7865,P_TEST,0,GAZE_AWARE,803.0,528.0,true,LEFT_EYE,LOOKING_AT_EYES,770.75,534.4286,1070.75,534.4286
8481,7899,P_TEST,0,GAZE_AWARE,808.0,529.0,true,LEFT_EYE,LOOKING_AT_EYES,772.0,534.8929,1072.0,534.8929
8515,7933,P_TEST,0,GAZE_AWARE,813.0,529.0,true,LEFT_EYE,LOOKING_AT_EYES,773.25,534.8929,1073.25,534.8929
8564,7982,P_TEST,0,GAZE_AWARE,814.0,529.0,true,LEFT_EYE,LOOKING_AT_EYES,773.5,534.8929,1073.5,534.8929
8597,8015,P_TEST,0,GAZE_AWARE,814.0,529.0,true,LEFT_EYE,LOOKING_AT_EYES,773.5,534.8929,1073.5,534.8929
8630,8048,P_TEST,0,GAZE_AWARE,814.0,529.0,true,LEFT_EYE,LOOKING_AT_EYES,773.5,534.8929,1073.5,534.8929
8664,8082,P_TEST,0,GAZE_AWARE,814.0,529.0,true,LEFT_EYE,LOOKING_AT_EYES,773.5,534.8929,1073.5,534.8929
8697,8115,P_TEST,0,GAZE_AWARE,815.0,529.0,true,LEFT_EYE,LOOKING_AT_EYES,773.75,534.8929,1073.75,534.8929
8730,8148,P_TEST,0,GAZE_AWARE,815.0,529.0,true,LEFT_EYE,LOOKING_AT_EYES,773.75,534.8929,1073.75,534.8929
8763,8181,P_TEST,0,GAZE_AWARE,816.0,529.0,true,LEFT_EYE,LOOKING_AT_EYES,774.0,534.8929,1074.0,534.8929
8814,8232,P_TEST,0,GAZE_AWARE,817.0,529.0,true,LEFT_EYE,LOOKING_AT_EYES,774.25,534.8929,1074.25,534.8929
8847,8265,P_TEST,0,GAZE_AWARE,817.0,529.0,true,LEFT_EYE,LOOKING_AT_EYES,774.25,534.8929,1074.25,534.8929
8897,8315,P_TEST,0,GAZE_AWARE,817.0,529.0,true,LEFT_EYE,LOOKING_AT_EYES,774.25,534.8929,1074.25,534.8929
8947,8365,P_TEST,0,GAZE_AWARE,817.0,529.0,true,LEFT_EYE,LOOKING_AT_EYES,774.25,534.8929,1074.25,534.8929
8997,8415,P_TEST,0,GAZE_AWARE,817.0,529.0,true,LEFT_EYE,LOOKING_AT_EYES,774.25,534.8929,1074.25,534.8929
9031,8449,P_TEST,0,GAZE_AWARE,817.0,529.0,true,LEFT_EYE,LOOKING_AT_EYES,774.25,534.8929,1074.25,534.8929
9064,8482,P_TEST,0,GAZE_AWARE,817.0,529.0,true,LEFT_EYE,LOOKING_AT_EYES,774.25,534.8929,1074.25,534.8929
9114,8532,P_TEST,0,GAZE_AWARE,817.0,529.0,true,LEFT_EYE,LOOKING_AT_EYES,774.25,534.8929,1074.25,534.8929
9163,8581,P_TEST,0,GAZE_AWARE,817.0,529.0,true,LEFT_EYE,LOOKING_AT_EYES,774.25,534.8929,1074.25,534.8929
9196,8614,P_TEST,0,GAZE_AWARE,817.0,529.0,true,LEFT_EYE,LOOKING_AT_EYES,774.25,534.8929,1074.25,534.8929
9230,8648,P_TEST,0,GAZE_AWARE,817.0,529.0,true,LEFT_EYE,LOOKING_AT_EYES,774.25,534.8929,1074.25,534.8929
9264,8682,P_TEST,0,GAZE_AWARE,817.0,529.0,true,LEFT_EYE,LOOKING_AT_EYES,774.25,534.8929,1074.25,534.8929
9297,8715,P_TEST,0,GAZE_AWARE,817.0,529.0,true,LEFT_EYE,LOOKING_AT_EYES,774.25,534.8929,1074.25,534.8929
9330,8748,P_TEST,0,GAZE_AWARE,817.0,529.0,true,LEFT_EYE,LOOKING_AT_EYES,774.25,534.8929,1074.25,534.8929
9364,8782,P_TEST,0,GAZE_AWARE,817.0,529.0,true,LEFT_EYE,LOOKING_AT_EYES,774.25,534.8929,1074.25,534.8929
9397,8815,P_TEST,0,GAZE_AWARE,817.0,529.0,true,LEFT_EYE,LOOKING_AT_EYES,774.25,534.8929,1074.25,534.8929
9430,8848,P_TEST,0,GAZE_AWARE,817.0,529.0,true,LEFT_EYE,LOOKING_AT_EYES,774.25,534.8929,1074.25,534.8929
9465,8883,P_TEST,0,GAZE_AWARE,822.0,530.0,true,LEFT_EYE,LOOKING_AT_EYES,775.5,535.3571,1075.5,535.3571
9498,8916,P_TEST,0,GAZE_AWARE,844.0,533.0,true,LEFT_EYE,LOOKING_AT_EYES,781.0,536.75,1081.0,536.75
9548,8966,P_TEST,0,GAZE_AWARE,947.0,537.0,true,FACE,LOOKING_AT_EYES,798.90454,538.3772,1098.9045,538.3772
9598,9016,P_TEST,0,GAZE_AWARE,1039.0,537.0,true,RIGHT_EYE,LOOKING_AT_EYES,816.9038,538.5371,1116.9037,538.5371
9648,9066,P_TEST,0,GAZE_AWARE,1070.0,537.0,true,RIGHT_EYE,LOOKING_AT_EYES,834.9037,538.6,1134.9037,538.6
9682,9100,P_TEST,0,GAZE_AWARE,1073.0,537.0,true,RIGHT_EYE,LOOKING_AT_EYES,838.25,538.6071,1138.25,538.6071
9731,9149,P_TEST,0,GAZE_AWARE,1073.0,537.0,true,RIGHT_EYE,LOOKING_AT_EYES,838.25,538.6071,1138.25,538.6071
9764,9182,P_TEST,0,GAZE_AWARE,1074.0,537.0,true,RIGHT_EYE,LOOKING_AT_EYES,838.5,538.6071,1138.5,538.6071
9798,9216,P_TEST,0,GAZE_AWARE,1075.0,537.0,true,RIGHT_EYE,LOOKING_AT_EYES,838.75,538.6071,1138.75,538.6071
9832,9250,P_TEST,0,GAZE_AWARE,1075.0,537.0,true,RIGHT_EYE,LOOKING_AT_EYES,838.75,538.6071,1138.75,538.6071
9881,9299,P_TEST,0,GAZE_AWARE,1075.0,537.0,true,RIGHT_EYE,LOOKING_AT_EYES,838.75,538.6071,1138.75,538.6071
9915,9333,P_TEST,0,GAZE_AWARE,1075.0,537.0,true,RIGHT_EYE,LOOKING_AT_EYES,838.75,538.6071,1138.75,538.6071
9948,9366,P_TEST,0,GAZE_AWARE,1075.0,537.0,true,RIGHT_EYE,LOOKING_AT_EYES,838.75,538.6071,1138.75,538.6071
9982,9400,P_TEST,0,GAZE_AWARE,1075.0,537.0,true,RIGHT_EYE,LOOKING_AT_EYES,838.75,538.6071,1138.75,538.6071
10015,9433,P_TEST,0,GAZE_AWARE,1075.0,537.0,true,RIGHT_EYE,LOOKING_AT_EYES,838.75,538.6071,1138.75,538.6071
10048,9466,P_TEST,0,GAZE_AWARE,1075.0,537.0,true,RIGHT_EYE,LOOKING_AT_EYES,838.75,538.6071,1138.75,538.6071
10098,9516,P_TEST,0,GAZE_AWARE,1075.0,537.0,true,RIGHT_EYE,LOOKING_AT_EYES,838.75,538.6071,1138.75,538.6071
10131,9549,P_TEST,0,GAZE_AWARE,1075.0,537.0,true,RIGHT_EYE,LOOKING_AT_EYES,838.75,538.6071,1138.75,538.6071
10164,9582,P_TEST,0,GAZE_AWARE,1075.0,537.0,true,RIGHT_EYE,LOOKING_AT_EYES,838.75,538.6071,1138.75,538.6071
10197,9615,P_TEST,0,GAZE_AWARE,1081.0,537.0,true,RIGHT_EYE,LOOKING_AT_EYES,840.25,538.6071,1140.25,538.6071
10232,9650,P_TEST,0,GAZE_AWARE,1092.0,536.0,true,RIGHT_EYE,LOOKING_AT_EYES,843.0,538.1429,1143.0,538.1429
10280,9698,P_TEST,0,GAZE_AWARE,1128.0,536.0,true,RIGHT_EYE,LOOKING_AT_EYES,852.0,538.1429,1152.0,538.1429
10315,9733,P_TEST,0,GAZE_AWARE,1155.0,535.0,true,RIGHT_EYE,LOOKING_AT_EYES,858.75,537.6786,1158.75,537.6786
10365,9783,P_TEST,0,GAZE_AWARE,1183.0,533.0,true,RIGHT_EYE,LOOKING_AT_EYES,865.75,536.75,1165.75,536.75
10398,9816,P_TEST,0,GAZE_AWARE,1183.0,532.0,true,RIGHT_EYE,LOOKING_AT_EYES,865.75,536.2857,1165.75,536.2857
10432,9850,P_TEST,0,GAZE_AWARE,1183.0,532.0,true,RIGHT_EYE,LOOKING_AT_EYES,865.75,536.2857,1165.75,536.2857
10465,9883,P_TEST,0,GAZE_AWARE,1183.0,532.0,true,RIGHT_EYE,LOOKING_AT_EYES,865.75,536.2857,1165.75,536.2857
10515,9933,P_TEST,0,GAZE_AWARE,1181.0,531.0,true,RIGHT_EYE,LOOKING_AT_EYES,865.25,535.8214,1165.25,535.8214
10548,9966,P_TEST,0,GAZE_AWARE,1176.0,530.0,true,RIGHT_EYE,LOOKING_AT_EYES,864.0,535.3571,1164.0,535.3571
10582,10000,P_TEST,0,GAZE_AWARE,1170.0,529.0,true,RIGHT_EYE,LOOKING_AT_EYES,862.5,534.8929,1162.5,534.8929
10632,10050,P_TEST,0,GAZE_AWARE,1152.0,526.0,true,RIGHT_EYE,LOOKING_AT_EYES,858.0,533.5,1158.0,533.5
10665,10083,P_TEST,0,GAZE_AWARE,1141.0,523.0,true,RIGHT_EYE,LOOKING_AT_EYES,855.25,532.1071,1155.25,532.1071
10698,10116,P_TEST,0,GAZE_AWARE,1141.0,523.0,true,RIGHT_EYE,LOOKING_AT_EYES,855.25,532.1071,1155.25,532.1071
10749,10167,P_TEST,0,GAZE_AWARE,1140.0,522.0,true,RIGHT_EYE,LOOKING_AT_EYES,855.0,531.6429,1155.0,531.6429
10798,10216,P_TEST,0,GAZE_AWARE,1141.0,521.0,true,RIGHT_EYE,LOOKING_AT_EYES,855.25,531.1786,1155.25,531.1786
10832,10250,P_TEST,0,GAZE_AWARE,1141.0,521.0,true,RIGHT_EYE,LOOKING_AT_EYES,855.25,531.1786,1155.25,531.1786
10865,10283,P_TEST,0,GAZE_AWARE,1141.0,521.0,true,RIGHT_EYE,LOOKING_AT_EYES,855.25,531.1786,1155.25,531.1786
10915,10333,P_TEST,0,GAZE_AWARE,1140.0,521.0,true,RIGHT_EYE,LOOKING_AT_EYES,855.0,531.1786,1155.0,531.1786
10965,10383,P_TEST,0,GAZE_AWARE,1123.0,527.0,true,RIGHT_EYE,LOOKING_AT_EYES,850.75,533.9643,1150.75,533.9643
10998,10416,P_TEST,0,GAZE_AWARE,1107.0,533.0,true,RIGHT_EYE,LOOKING_AT_EYES,846.75,536.75,1146.75,536.75
11048,10466,P_TEST,0,GAZE_AWARE,1075.0,543.0,true,RIGHT_EYE,LOOKING_AT_EYES,838.75,541.3929,1138.75,541.3929
11081,10499,P_TEST,0,GAZE_AWARE,1066.0,543.0,true,RIGHT_EYE,LOOKING_AT_EYES,836.5,541.3929,1136.5,541.3929
11114,10532,P_TEST,0,GAZE_AWARE,1063.0,543.0,true,RIGHT_EYE,LOOKING_AT_EYES,835.75,541.3929,1135.75,541.3929
11148,10566,P_TEST,0,GAZE_AWARE,1063.0,543.0,true,RIGHT_EYE,LOOKING_AT_EYES,835.75,541.3929,1135.75,541.3929
11196,10614,P_TEST,0,GAZE_AWARE,1063.0,541.0,true,RIGHT_EYE,LOOKING_AT_EYES,835.75,540.4643,1135.75,540.4643
11232,10650,P_TEST,0,GAZE_AWARE,1063.0,541.0,true,RIGHT_EYE,LOOKING_AT_EYES,835.75,540.4643,1135.75,540.4643
11282,10700,P_TEST,0,GAZE_AWARE,1064.0,541.0,true,RIGHT_EYE,LOOKING_AT_EYES,836.0,540.4643,1136.0,540.4643
11330,10748,P_TEST,0,GAZE_AWARE,1068.0,543.0,true,RIGHT_EYE,LOOKING_AT_EYES,837.0,541.3929,1137.0,541.3929
11364,10782,P_TEST,0,GAZE_AWARE,1068.0,543.0,true,RIGHT_EYE,LOOKING_AT_EYES,837.0,541.3929,1137.0,541.3929
11398,10816,P_TEST,0,GAZE_AWARE,1068.0,544.0,true,RIGHT_EYE,LOOKING_AT_EYES,837.0,541.8571,1137.0,541.8571
11431,10849,P_TEST,0,GAZE_AWARE,1068.0,544.0,true,RIGHT_EYE,LOOKING_AT_EYES,837.0,541.8571,1137.0,541.8571
11464,10882,P_TEST,0,GAZE_AWARE,1068.0,544.0,true,RIGHT_EYE,LOOKING_AT_EYES,837.0,541.8571,1137.0,541.8571
11498,10916,P_TEST,0,GAZE_AWARE,1075.0,540.0,true,RIGHT_EYE,LOOKING_AT_EYES,838.75,540.0,1138.75,540.0
11531,10949,P_TEST,0,GAZE_AWARE,1094.0,531.0,true,RIGHT_EYE,LOOKING_AT_EYES,843.5,535.8214,1143.5,535.8214
11565,10983,P_TEST,0,GAZE_AWARE,1115.0,528.0,true,RIGHT_EYE,LOOKING_AT_EYES,848.75,534.4286,1148.75,534.4286
11599,11017,P_TEST,0,GAZE_AWARE,1121.0,529.0,true,RIGHT_EYE,LOOKING_AT_EYES,850.25,534.8929,1150.25,534.8929
11648,11066,P_TEST,0,GAZE_AWARE,1115.0,535.0,true,RIGHT_EYE,LOOKING_AT_EYES,848.75,537.6786,1148.75,537.6786
11681,11099,P_TEST,0,GAZE_AWARE,1095.0,541.0,true,RIGHT_EYE,LOOKING_AT_EYES,843.75,540.4643,1143.75,540.4643
11715,11133,P_TEST,0,GAZE_AWARE,1089.0,542.0,true,RIGHT_EYE,LOOKING_AT_EYES,842.25,540.9286,1142.25,540.9286
11748,11166,P_TEST,0,GAZE_AWARE,1101.0,539.0,true,RIGHT_EYE,LOOKING_AT_EYES,845.25,539.5357,1145.25,539.5357
11799,11217,P_TEST,0,GAZE_AWARE,1143.0,532.0,true,RIGHT_EYE,LOOKING_AT_EYES,855.75,536.2857,1155.75,536.2857
11832,11250,P_TEST,0,GAZE_AWARE,1144.0,532.0,true,RIGHT_EYE,LOOKING_AT_EYES,856.0,536.2857,1156.0,536.2857
11882,11300,P_TEST,0,GAZE_AWARE,1109.0,539.0,true,RIGHT_EYE,LOOKING_AT_EYES,847.25,539.5357,1147.25,539.5357
11915,11333,P_TEST,0,GAZE_AWARE,1083.0,545.0,true,RIGHT_EYE,LOOKING_AT_EYES,840.75,542.3214,1140.75,542.3214
11948,11366,P_TEST,0,GAZE_AWARE,1088.0,544.0,true,RIGHT_EYE,LOOKING_AT_EYES,842.0,541.8571,1142.0,541.8571
11981,11399,P_TEST,0,GAZE_AWARE,1099.0,542.0,true,RIGHT_EYE,LOOKING_AT_EYES,844.75,540.9286,1144.75,540.9286
12014,11432,P_TEST,0,GAZE_AWARE,1097.0,542.0,true,RIGHT_EYE,LOOKING_AT_EYES,844.25,540.9286,1144.25,540.9286
12048,11466,P_TEST,0,GAZE_AWARE,1096.0,542.0,true,RIGHT_EYE,LOOKING_AT_EYES,844.0,540.9286,1144.0,540.9286
12082,11500,P_TEST,0,GAZE_AWARE,1097.0,542.0,true,RIGHT_EYE,LOOKING_AT_EYES,844.25,540.9286,1144.25,540.9286
12115,11533,P_TEST,0,GAZE_AWARE,1097.0,542.0,true,RIGHT_EYE,LOOKING_AT_EYES,844.25,540.9286,1144.25,540.9286
12148,11566,P_TEST,0,GAZE_AWARE,1097.0,542.0,true,RIGHT_EYE,LOOKING_AT_EYES,844.25,540.9286,1144.25,540.9286
12182,11600,P_TEST,0,GAZE_AWARE,1097.0,542.0,true,RIGHT_EYE,LOOKING_AT_EYES,844.25,540.9286,1144.25,540.9286
12215,11633,P_TEST,0,GAZE_AWARE,1097.0,542.0,true,RIGHT_EYE,LOOKING_AT_EYES,844.25,540.9286,1144.25,540.9286
12248,11666,P_TEST,0,GAZE_AWARE,1097.0,542.0,true,RIGHT_EYE,LOOKING_AT_EYES,844.25,540.9286,1144.25,540.9286
12281,11699,P_TEST,0,GAZE_AWARE,1097.0,542.0,true,RIGHT_EYE,LOOKING_AT_EYES,844.25,540.9286,1144.25,540.9286
12315,11733,P_TEST,0,GAZE_AWARE,1097.0,542.0,true,RIGHT_EYE,LOOKING_AT_EYES,844.25,540.9286,1144.25,540.9286
12365,11783,P_TEST,0,GAZE_AWARE,1097.0,542.0,true,RIGHT_EYE,LOOKING_AT_EYES,844.25,540.9286,1144.25,540.9286
12399,11817,P_TEST,0,GAZE_AWARE,1095.0,543.0,true,RIGHT_EYE,LOOKING_AT_EYES,843.75,541.3929,1143.75,541.3929
12446,11864,P_TEST,0,GAZE_AWARE,1091.0,544.0,true,RIGHT_EYE,LOOKING_AT_EYES,842.75,541.8571,1142.75,541.8571
12479,11897,P_TEST,0,GAZE_AWARE,1079.0,545.0,true,RIGHT_EYE,LOOKING_AT_EYES,839.75,542.3214,1139.75,542.3214
12515,11933,P_TEST,0,GAZE_AWARE,1068.0,544.0,true,RIGHT_EYE,LOOKING_AT_EYES,837.0,541.8571,1137.0,541.8571
12548,11966,P_TEST,0,GAZE_AWARE,1068.0,543.0,true,RIGHT_EYE,LOOKING_AT_EYES,837.0,541.3929,1137.0,541.3929
12581,11999,P_TEST,0,GAZE_AWARE,1067.0,542.0,true,RIGHT_EYE,LOOKING_AT_EYES,836.75,540.9286,1136.75,540.9286
12615,12033,P_TEST,0,GAZE_AWARE,1065.0,539.0,true,RIGHT_EYE,LOOKING_AT_EYES,836.25,539.5357,1136.25,539.5357
12649,12067,P_TEST,0,GAZE_AWARE,1050.0,535.0,true,RIGHT_EYE,LOOKING_AT_EYES,832.5,537.6786,1132.5,537.6786
12698,12116,P_TEST,0,GAZE_AWARE,900.0,518.0,true,LEFT_EYE,LOOKING_AT_EYES,814.96045,533.6704,1114.9604,533.6704
12731,12149,P_TEST,0,GAZE_AWARE,809.0,517.0,true,LEFT_EYE,LOOKING_AT_EYES,803.03503,532.34357,1103.035,532.34357
12766,12184,P_TEST,0,GAZE_AWARE,767.0,517.0,true,LEFT_EYE,LOOKING_AT_EYES,791.0686,531.44666,1091.0687,531.44666
12815,12233,P_TEST,0,GAZE_AWARE,763.0,516.0,true,LEFT_EYE,LOOKING_AT_EYES,773.1341,529.91266,1073.1343,529.91266
12848,12266,P_TEST,0,GAZE_AWARE,763.0,516.0,true,LEFT_EYE,LOOKING_AT_EYES,761.1774,528.89355,1061.1777,528.89355
12882,12300,P_TEST,0,GAZE_AWARE,763.0,516.0,true,LEFT_EYE,LOOKING_AT_EYES,760.75,528.8571,1060.75,528.8571
12915,12333,P_TEST,0,GAZE_AWARE,764.0,516.0,true,LEFT_EYE,LOOKING_AT_EYES,761.0,528.8571,1061.0,528.8571
12948,12366,P_TEST,0,GAZE_AWARE,771.0,520.0,true,LEFT_EYE,LOOKING_AT_EYES,762.75,530.7143,1062.75,530.7143
12999,12417,P_TEST,0,GAZE_AWARE,825.0,532.0,true,LEFT_EYE,LOOKING_AT_EYES,776.25,536.2857,1076.25,536.2857
13032,12450,P_TEST,0,GAZE_AWARE,844.0,534.0,true,LEFT_EYE,LOOKING_AT_EYES,781.0,537.2143,1081.0,537.2143
13065,12483,P_TEST,0,GAZE_AWARE,860.0,535.0,true,LEFT_EYE,LOOKING_AT_EYES,785.0,537.6786,1085.0,537.6786
13114,12532,P_TEST,0,GAZE_AWARE,863.0,535.0,true,LEFT_EYE,LOOKING_AT_EYES,785.75,537.6786,1085.75,537.6786
13147,12565,P_TEST,0,GAZE_AWARE,854.0,535.0,true,LEFT_EYE,LOOKING_AT_EYES,783.5,537.6786,1083.5,537.6786
13181,12599,P_TEST,0,GAZE_AWARE,833.0,534.0,true,LEFT_EYE,LOOKING_AT_EYES,778.25,537.2143,1078.25,537.2143
13232,12650,P_TEST,0,GAZE_AWARE,798.0,533.0,true,LEFT_EYE,LOOKING_AT_EYES,769.5,536.75,1069.5,536.75
13265,12683,P_TEST,0,GAZE_AWARE,795.0,532.0,true,LEFT_EYE,LOOKING_AT_EYES,768.75,536.2857,1068.75,536.2857
13299,12717,P_TEST,0,GAZE_AWARE,796.0,531.0,true,LEFT_EYE,LOOKING_AT_EYES,769.0,535.8214,1069.0,535.8214
13349,12767,P_TEST,0,GAZE_AWARE,802.0,530.0,true,LEFT_EYE,LOOKING_AT_EYES,770.5,535.3571,1070.5,535.3571
13398,12816,P_TEST,0,GAZE_AWARE,810.0,532.0,true,LEFT_EYE,LOOKING_AT_EYES,772.5,536.2857,1072.5,536.2857
13431,12849,P_TEST,0,GAZE_AWARE,811.0,534.0,true,LEFT_EYE,LOOKING_AT_EYES,772.75,537.2143,1072.75,537.2143
13465,12883,P_TEST,0,GAZE_AWARE,808.0,537.0,true,LEFT_EYE,LOOKING_AT_EYES,772.0,538.6071,1072.0,538.6071
13498,12916,P_TEST,0,GAZE_AWARE,803.0,539.0,true,LEFT_EYE,LOOKING_AT_EYES,770.75,539.5357,1070.75,539.5357
13532,12950,P_TEST,0,GAZE_AWARE,803.0,539.0,true,LEFT_EYE,LOOKING_AT_EYES,770.75,539.5357,1070.75,539.5357
13580,12998,P_TEST,0,GAZE_AWARE,809.0,535.0,true,LEFT_EYE,LOOKING_AT_EYES,772.25,537.6786,1072.25,537.6786
13615,13033,P_TEST,0,GAZE_AWARE,825.0,531.0,true,LEFT_EYE,LOOKING_AT_EYES,776.25,535.8214,1076.25,535.8214
13648,13066,P_TEST,0,GAZE_AWARE,838.0,530.0,true,LEFT_EYE,LOOKING_AT_EYES,779.5,535.3571,1079.5,535.3571
13692,13110,P_TEST,0,GAZE_AWARE,851.0,533.0,true,LEFT_EYE,LOOKING_AT_EYES,782.75,536.75,1082.75,536.75
13731,13149,P_TEST,0,GAZE_AWARE,854.0,537.0,true,LEFT_EYE,LOOKING_AT_EYES,783.5,538.6071,1083.5,538.6071
13766,13184,P_TEST,0,GAZE_AWARE,848.0,546.0,true,LEFT_EYE,LOOKING_AT_EYES,782.0,542.7857,1082.0,542.7857
13803,13221,P_TEST,0,GAZE_AWARE,836.0,551.0,true,LEFT_EYE,LOOKING_AT_EYES,779.0,545.1071,1079.0,545.1071
13839,13257,P_TEST,0,GAZE_AWARE,831.0,550.0,true,LEFT_EYE,LOOKING_AT_EYES,777.75,544.6429,1077.75,544.6429
13886,13304,P_TEST,0,GAZE_AWARE,830.0,545.0,true,LEFT_EYE,LOOKING_AT_EYES,777.5,542.3214,1077.5,542.3214
13921,13339,P_TEST,0,GAZE_AWARE,832.0,542.0,true,LEFT_EYE,LOOKING_AT_EYES,778.0,540.9286,1078.0,540.9286
13955,13373,P_TEST,0,GAZE_AWARE,834.0,540.0,true,LEFT_EYE,LOOKING_AT_EYES,778.5,540.0,1078.5,540.0
13988,13406,P_TEST,0,GAZE_AWARE,834.0,539.0,true,LEFT_EYE,LOOKING_AT_EYES,778.5,539.5357,1078.5,539.5357
14021,13439,P_TEST,0,GAZE_AWARE,834.0,540.0,true,LEFT_EYE,LOOKING_AT_EYES,778.5,540.0,1078.5,540.0
14054,13472,P_TEST,0,GAZE_AWARE,829.0,546.0,true,LEFT_EYE,LOOKING_AT_EYES,777.25,542.7857,1077.25,542.7857
14088,13506,P_TEST,0,GAZE_AWARE,819.0,550.0,true,LEFT_EYE,LOOKING_AT_EYES,774.75,544.6429,1074.75,544.6429
14138,13556,P_TEST,0,GAZE_AWARE,807.0,549.0,true,LEFT_EYE,LOOKING_AT_EYES,771.75,544.1786,1071.75,544.1786
14171,13589,P_TEST,0,GAZE_AWARE,803.0,547.0,true,LEFT_EYE,LOOKING_AT_EYES,770.75,543.25,1070.75,543.25
14204,13622,P_TEST,0,GAZE_AWARE,802.0,546.0,true,LEFT_EYE,LOOKING_AT_EYES,770.5,542.7857,1070.5,542.7857
14238,13656,P_TEST,0,GAZE_AWARE,802.0,546.0,true,LEFT_EYE,LOOKING_AT_EYES,770.5,542.7857,1070.5,542.7857
14272,13690,P_TEST,0,GAZE_AWARE,802.0,546.0,true,LEFT_EYE,LOOKING_AT_EYES,770.5,542.7857,1070.5,542.7857
14322,13740,P_TEST,0,GAZE_AWARE,802.0,546.0,true,LEFT_EYE,LOOKING_AT_EYES,770.5,542.7857,1070.5,542.7857
14372,13790,P_TEST,0,GAZE_AWARE,802.0,546.0,true,LEFT_EYE,LOOKING_AT_EYES,770.5,542.7857,1070.5,542.7857
14405,13823,P_TEST,0,GAZE_AWARE,802.0,546.0,true,LEFT_EYE,LOOKING_AT_EYES,770.5,542.7857,1070.5,542.7857
14438,13856,P_TEST,0,GAZE_AWARE,802.0,546.0,true,LEFT_EYE,LOOKING_AT_EYES,770.5,542.7857,1070.5,542.7857
14471,13889,P_TEST,0,GAZE_AWARE,802.0,546.0,true,LEFT_EYE,LOOKING_AT_EYES,770.5,542.7857,1070.5,542.7857
14504,13922,P_TEST,0,GAZE_AWARE,802.0,546.0,true,LEFT_EYE,LOOKING_AT_EYES,770.5,542.7857,1070.5,542.7857
14537,13955,P_TEST,0,GAZE_AWARE,802.0,546.0,true,LEFT_EYE,LOOKING_AT_EYES,770.5,542.7857,1070.5,542.7857
14570,13988,P_TEST,0,GAZE_AWARE,802.0,546.0,true,LEFT_EYE,LOOKING_AT_EYES,770.5,542.7857,1070.5,542.7857
14605,14023,P_TEST,0,GAZE_AWARE,802.0,546.0,true,LEFT_EYE,LOOKING_AT_EYES,770.5,542.7857,1070.5,542.7857
14638,14056,P_TEST,0,GAZE_AWARE,802.0,546.0,true,LEFT_EYE,LOOKING_AT_EYES,770.5,542.7857,1070.5,542.7857
14671,14089,P_TEST,0,GAZE_AWARE,802.0,546.0,true,LEFT_EYE,LOOKING_AT_EYES,770.5,542.7857,1070.5,542.7857
14705,14123,P_TEST,0,GAZE_AWARE,802.0,546.0,true,LEFT_EYE,LOOKING_AT_EYES,770.5,542.7857,1070.5,542.7857
14754,14172,P_TEST,0,GAZE_AWARE,802.0,546.0,true,LEFT_EYE,LOOKING_AT_EYES,770.5,542.7857,1070.5,542.7857
14788,14206,P_TEST,0,GAZE_AWARE,802.0,546.0,true,LEFT_EYE,LOOKING_AT_EYES,770.5,542.7857,1070.5,542.7857
14821,14239,P_TEST,0,GAZE_AWARE,802.0,546.0,true,LEFT_EYE,LOOKING_AT_EYES,770.5,542.7857,1070.5,542.7857
14854,14272,P_TEST,0,GAZE_AWARE,802.0,546.0,true,LEFT_EYE,LOOKING_AT_EYES,770.5,542.7857,1070.5,542.7857
14888,14306,P_TEST,0,GAZE_AWARE,802.0,546.0,true,LEFT_EYE,LOOKING_AT_EYES,770.5,542.7857,1070.5,542.7857
14922,14340,P_TEST,0,GAZE_AWARE,802.0,546.0,true,LEFT_EYE,LOOKING_AT_EYES,770.5,542.7857,1070.5,542.7857
14972,14390,P_TEST,0,GAZE_AWARE,802.0,546.0,true,LEFT_EYE,LOOKING_AT_EYES,770.5,542.7857,1070.5,542.7857
15021,14439,P_TEST,0,GAZE_AWARE,802.0,546.0,true,LEFT_EYE,LOOKING_AT_EYES,770.5,542.7857,1070.5,542.7857
15055,14473,P_TEST,0,GAZE_AWARE,802.0,546.0,true,LEFT_EYE,LOOKING_AT_EYES,770.5,542.7857,1070.5,542.7857
15088,14506,P_TEST,0,GAZE_AWARE,802.0,546.0,true,LEFT_EYE,LOOKING_AT_EYES,770.5,542.7857,1070.5,542.7857
15121,14539,P_TEST,0,GAZE_AWARE,802.0,546.0,true,LEFT_EYE,LOOKING_AT_EYES,770.5,542.7857,1070.5,542.7857
15155,14573,P_TEST,0,GAZE_AWARE,802.0,546.0,true,LEFT_EYE,LOOKING_AT_EYES,770.5,542.7857,1070.5,542.7857
15188,14606,P_TEST,0,GAZE_AWARE,802.0,546.0,true,LEFT_EYE,LOOKING_AT_EYES,770.5,542.7857,1070.5,542.7857
15221,14639,P_TEST,0,GAZE_AWARE,802.0,546.0,true,LEFT_EYE,LOOKING_AT_EYES,770.5,542.7857,1070.5,542.7857
15255,14673,P_TEST,0,GAZE_AWARE,802.0,546.0,true,LEFT_EYE,LOOKING_AT_EYES,770.5,542.7857,1070.5,542.7857
15305,14723,P_TEST,0,GAZE_AWARE,802.0,546.0,true,LEFT_EYE,LOOKING_AT_EYES,770.5,542.7857,1070.5,542.7857
15338,14756,P_TEST,0,GAZE_AWARE,802.0,546.0,true,LEFT_EYE,LOOKING_AT_EYES,770.5,542.7857,1070.5,542.7857
15371,14789,P_TEST,0,GAZE_AWARE,802.0,546.0,true,LEFT_EYE,LOOKING_AT_EYES,770.5,542.7857,1070.5,542.7857
15405,14823,P_TEST,0,GAZE_AWARE,802.0,546.0,true,LEFT_EYE,LOOKING_AT_EYES,770.5,542.7857,1070.5,542.7857
15438,14856,P_TEST,0,GAZE_AWARE,802.0,546.0,true,LEFT_EYE,LOOKING_AT_EYES,770.5,542.7857,1070.5,542.7857
15471,14889,P_TEST,0,GAZE_AWARE,802.0,546.0,true,LEFT_EYE,LOOKING_AT_EYES,770.5,542.7857,1070.5,542.7857
15505,14923,P_TEST,0,GAZE_AWARE,802.0,546.0,true,LEFT_EYE,LOOKING_AT_EYES,770.5,542.7857,1070.5,542.7857
15538,14956,P_TEST,0,GAZE_AWARE,802.0,546.0,true,LEFT_EYE,LOOKING_AT_EYES,770.5,542.7857,1070.5,542.7857
15587,15005,P_TEST,0,GAZE_AWARE,802.0,546.0,true,LEFT_EYE,LOOKING_AT_EYES,770.5,542.7857,1070.5,542.7857
15622,15040,P_TEST,0,GAZE_AWARE,802.0,546.0,true,LEFT_EYE,LOOKING_AT_EYES,770.5,542.7857,1070.5,542.7857
15655,15073,P_TEST,0,GAZE_AWARE,802.0,546.0,true,LEFT_EYE,LOOKING_AT_EYES,770.5,542.7857,1070.5,542.7857
15688,15106,P_TEST,0,GAZE_AWARE,802.0,546.0,true,LEFT_EYE,LOOKING_AT_EYES,770.5,542.7857,1070.5,542.7857
15721,15139,P_TEST,0,GAZE_AWARE,802.0,546.0,true,LEFT_EYE,LOOKING_AT_EYES,770.5,542.7857,1070.5,542.7857
15754,15172,P_TEST,0,GAZE_AWARE,802.0,546.0,true,LEFT_EYE,LOOKING_AT_EYES,770.5,542.7857,1070.5,542.7857
15788,15206,P_TEST,0,GAZE_AWARE,802.0,546.0,true,LEFT_EYE,LOOKING_AT_EYES,770.5,542.7857,1070.5,542.7857
15821,15239,P_TEST,0,GAZE_AWARE,802.0,546.0,true,LEFT_EYE,LOOKING_AT_EYES,770.5,542.7857,1070.5,542.7857
15854,15272,P_TEST,0,GAZE_AWARE,802.0,546.0,true,LEFT_EYE,LOOKING_AT_EYES,770.5,542.7857,1070.5,542.7857
15887,15305,P_TEST,0,GAZE_AWARE,802.0,546.0,true,LEFT_EYE,LOOKING_AT_EYES,770.5,542.7857,1070.5,542.7857
15921,15339,P_TEST,0,GAZE_AWARE,802.0,546.0,true,LEFT_EYE,LOOKING_AT_EYES,770.5,542.7857,1070.5,542.7857
15954,15372,P_TEST,0,GAZE_AWARE,802.0,546.0,true,LEFT_EYE,LOOKING_AT_EYES,770.5,542.7857,1070.5,542.7857
15988,15406,P_TEST,0,GAZE_AWARE,802.0,546.0,true,LEFT_EYE,LOOKING_AT_EYES,770.5,542.7857,1070.5,542.7857
16040,15458,P_TEST,0,GAZE_AWARE,802.0,546.0,true,LEFT_EYE,LOOKING_AT_EYES,770.5,542.7857,1070.5,542.7857
16091,15509,P_TEST,0,GAZE_AWARE,802.0,546.0,true,LEFT_EYE,LOOKING_AT_EYES,770.5,542.7857,1070.5,542.7857
16131,15549,P_TEST,0,GAZE_AWARE,802.0,546.0,true,LEFT_EYE,LOOKING_AT_EYES,770.5,542.7857,1070.5,542.7857
16177,15595,P_TEST,0,GAZE_AWARE,802.0,546.0,true,LEFT_EYE,LOOKING_AT_EYES,770.5,542.7857,1070.5,542.7857
16213,15631,P_TEST,0,GAZE_AWARE,802.0,546.0,true,LEFT_EYE,LOOKING_AT_EYES,770.5,542.7857,1070.5,542.7857
16250,15668,P_TEST,0,GAZE_UNAWARE,802.0,546.0,true,LEFT_EYE,LOOKING_AT_EYES,767.9536,550.78644,1067.9536,550.78644
16300,15718,P_TEST,0,GAZE_UNAWARE,802.0,546.0,true,LEFT_EYE,LOOKING_AT_EYES,764.13403,562.78754,1064.134,562.78754
16351,15769,P_TEST,0,GAZE_UNAWARE,802.0,546.0,true,LEFT_EYE,LOOKING_AT_EYES,760.31445,574.78864,1060.3145,574.78864
16400,15818,P_TEST,0,GAZE_UNAWARE,802.0,546.0,true,LEFT_EYE,LOOKING_AT_EYES,756.4949,586.78973,1056.4949,586.78973
16433,15851,P_TEST,0,GAZE_UNAWARE,802.0,546.0,true,LEFT_EYE,LOOKING_AT_EYES,753.9485,594.79047,1053.9485,594.79047
16466,15884,P_TEST,0,GAZE_UNAWARE,802.0,546.0,true,LEFT_EYE,LOOKING_AT_EYES,751.804,601.52814,1051.804,601.52814
16499,15917,P_TEST,0,GAZE_UNAWARE,802.0,546.0,true,LEFT_EYE,LOOKING_AT_EYES,751.804,601.52814,1051.804,601.52814
16533,15951,P_TEST,0,GAZE_UNAWARE,802.0,546.0,true,LEFT_EYE,LOOKING_AT_EYES,751.804,601.52814,1051.804,601.52814
16583,16001,P_TEST,0,GAZE_UNAWARE,802.0,546.0,true,LEFT_EYE,LOOKING_AT_EYES,751.804,601.52814,1051.804,601.52814
16616,16034,P_TEST,0,GAZE_UNAWARE,802.0,546.0,true,LEFT_EYE,LOOKING_AT_EYES,751.804,601.52814,1051.804,601.52814
16666,16084,P_TEST,0,GAZE_UNAWARE,802.0,546.0,true,LEFT_EYE,LOOKING_AT_EYES,751.804,601.52814,1051.804,601.52814
16700,16118,P_TEST,0,GAZE_UNAWARE,802.0,546.0,true,LEFT_EYE,LOOKING_AT_EYES,751.804,601.52814,1051.804,601.52814
16749,16167,P_TEST,0,GAZE_UNAWARE,802.0,546.0,true,LEFT_EYE,LOOKING_AT_EYES,751.804,601.52814,1051.804,601.52814
16782,16200,P_TEST,0,GAZE_UNAWARE,802.0,546.0,true,LEFT_EYE,LOOKING_AT_EYES,751.804,601.52814,1051.804,601.52814
16816,16234,P_TEST,0,GAZE_UNAWARE,802.0,546.0,true,LEFT_EYE,LOOKING_AT_EYES,751.804,601.52814,1051.804,601.52814
16849,16267,P_TEST,0,GAZE_UNAWARE,800.0,550.0,true,LEFT_EYE,LOOKING_AT_EYES,751.804,601.52814,1051.804,601.52814
16882,16300,P_TEST,0,GAZE_UNAWARE,786.0,568.0,true,LEFT_EYE,LOOKING_AT_EYES,751.804,601.52814,1051.804,601.52814
16917,16335,P_TEST,0,GAZE_UNAWARE,778.0,575.0,true,LEFT_EYE,LOOKING_AT_EYES,751.804,601.52814,1051.804,601.52814
16966,16384,P_TEST,0,GAZE_UNAWARE,771.0,579.0,true,LEFT_EYE,LOOKING_AT_EYES,751.804,601.52814,1051.804,601.52814
17000,16418,P_TEST,0,GAZE_UNAWARE,769.0,581.0,true,LEFT_EYE,LOOKING_AT_EYES,751.804,601.52814,1051.804,601.52814
17033,16451,P_TEST,0,GAZE_UNAWARE,767.0,585.0,true,LEFT_EYE,LOOKING_AT_EYES,751.804,601.52814,1051.804,601.52814
17066,16484,P_TEST,0,GAZE_UNAWARE,766.0,588.0,true,LEFT_EYE,LOOKING_AT_EYES,751.804,601.52814,1051.804,601.52814
17100,16518,P_TEST,0,GAZE_UNAWARE,764.0,590.0,true,LEFT_EYE,LOOKING_AT_EYES,751.804,601.52814,1051.804,601.52814
17133,16551,P_TEST,0,GAZE_UNAWARE,764.0,591.0,true,LEFT_EYE,LOOKING_AT_EYES,751.804,601.52814,1051.804,601.52814
17166,16584,P_TEST,0,GAZE_UNAWARE,763.0,591.0,true,LEFT_EYE,LOOKING_AT_EYES,751.804,601.52814,1051.804,601.52814
17199,16617,P_TEST,0,GAZE_UNAWARE,763.0,591.0,true,LEFT_EYE,LOOKING_AT_EYES,751.804,601.52814,1051.804,601.52814
17234,16652,P_TEST,0,GAZE_UNAWARE,763.0,591.0,true,LEFT_EYE,LOOKING_AT_EYES,751.804,601.52814,1051.804,601.52814
17283,16701,P_TEST,0,GAZE_UNAWARE,763.0,591.0,true,LEFT_EYE,LOOKING_AT_EYES,751.804,601.52814,1051.804,601.52814
17332,16750,P_TEST,0,GAZE_UNAWARE,762.0,593.0,true,LEFT_EYE,LOOKING_AT_EYES,751.804,601.52814,1051.804,601.52814
17366,16784,P_TEST,0,GAZE_UNAWARE,762.0,594.0,true,LEFT_EYE,LOOKING_AT_EYES,751.804,601.52814,1051.804,601.52814
17399,16817,P_TEST,0,GAZE_UNAWARE,762.0,594.0,true,LEFT_EYE,LOOKING_AT_EYES,751.804,601.52814,1051.804,601.52814
17434,16852,P_TEST,0,GAZE_UNAWARE,762.0,594.0,true,LEFT_EYE,LOOKING_AT_EYES,751.804,601.52814,1051.804,601.52814
17467,16885,P_TEST,0,GAZE_UNAWARE,762.0,594.0,true,LEFT_EYE,LOOKING_AT_EYES,751.804,601.52814,1051.804,601.52814
17516,16934,P_TEST,0,GAZE_UNAWARE,762.0,594.0,true,LEFT_EYE,LOOKING_AT_EYES,751.804,601.52814,1051.804,601.52814
17566,16984,P_TEST,0,GAZE_UNAWARE,762.0,596.0,true,LEFT_EYE,LOOKING_AT_EYES,751.804,601.52814,1051.804,601.52814
17599,17017,P_TEST,0,GAZE_UNAWARE,763.0,597.0,true,LEFT_EYE,LOOKING_AT_EYES,751.804,601.52814,1051.804,601.52814
17633,17051,P_TEST,0,GAZE_UNAWARE,763.0,599.0,true,LEFT_EYE,LOOKING_AT_EYES,751.804,601.52814,1051.804,601.52814
17666,17084,P_TEST,0,GAZE_UNAWARE,764.0,599.0,true,LEFT_EYE,LOOKING_AT_EYES,751.804,601.52814,1051.804,601.52814
17699,17117,P_TEST,0,GAZE_UNAWARE,764.0,600.0,true,LEFT_EYE,LOOKING_AT_EYES,751.804,601.52814,1051.804,601.52814
17733,17151,P_TEST,0,GAZE_UNAWARE,764.0,600.0,true,LEFT_EYE,LOOKING_AT_EYES,751.804,601.52814,1051.804,601.52814
17784,17202,P_TEST,0,GAZE_UNAWARE,766.0,599.0,true,LEFT_EYE,LOOKING_AT_EYES,751.804,601.52814,1051.804,601.52814
17832,17250,P_TEST,0,GAZE_UNAWARE,768.0,598.0,true,LEFT_EYE,LOOKING_AT_EYES,751.804,601.52814,1051.804,601.52814
17866,17284,P_TEST,0,GAZE_UNAWARE,770.0,597.0,true,LEFT_EYE,LOOKING_AT_EYES,751.804,601.52814,1051.804,601.52814
17900,17318,P_TEST,0,GAZE_UNAWARE,771.0,596.0,true,LEFT_EYE,LOOKING_AT_EYES,751.804,601.52814,1051.804,601.52814
17934,17352,P_TEST,0,GAZE_UNAWARE,771.0,596.0,true,LEFT_EYE,LOOKING_AT_EYES,751.804,601.52814,1051.804,601.52814
17967,17385,P_TEST,0,GAZE_UNAWARE,771.0,596.0,true,LEFT_EYE,LOOKING_AT_EYES,751.804,601.52814,1051.804,601.52814
18015,17433,P_TEST,0,GAZE_UNAWARE,771.0,596.0,true,LEFT_EYE,LOOKING_AT_EYES,751.804,601.52814,1051.804,601.52814
18050,17468,P_TEST,0,GAZE_UNAWARE,771.0,596.0,true,LEFT_EYE,LOOKING_AT_EYES,751.804,601.52814,1051.804,601.52814
18083,17501,P_TEST,0,GAZE_UNAWARE,771.0,596.0,true,LEFT_EYE,LOOKING_AT_EYES,751.804,601.52814,1051.804,601.52814
18117,17535,P_TEST,0,GAZE_UNAWARE,771.0,596.0,true,LEFT_EYE,LOOKING_AT_EYES,751.804,601.52814,1051.804,601.52814
18166,17584,P_TEST,0,GAZE_UNAWARE,771.0,595.0,true,LEFT_EYE,LOOKING_AT_EYES,751.804,601.52814,1051.804,601.52814
18215,17633,P_TEST,0,GAZE_UNAWARE,771.0,595.0,true,LEFT_EYE,LOOKING_AT_EYES,751.804,601.52814,1051.804,601.52814
18256,17674,P_TEST,0,GAZE_UNAWARE,771.0,595.0,true,LEFT_EYE,LOOKING_AT_EYES,751.804,601.52814,1051.804,601.52814
18293,17711,P_TEST,0,GAZE_UNAWARE,771.0,595.0,true,LEFT_EYE,LOOKING_AT_EYES,751.804,601.52814,1051.804,601.52814
18326,17744,P_TEST,0,GAZE_UNAWARE,771.0,595.0,true,LEFT_EYE,LOOKING_AT_EYES,751.804,601.52814,1051.804,601.52814
18359,17777,P_TEST,0,GAZE_UNAWARE,771.0,595.0,true,LEFT_EYE,LOOKING_AT_EYES,751.804,601.52814,1051.804,601.52814
18393,17811,P_TEST,0,GAZE_UNAWARE,771.0,595.0,true,LEFT_EYE,LOOKING_AT_EYES,751.804,601.52814,1051.804,601.52814
18442,17860,P_TEST,0,GAZE_UNAWARE,771.0,595.0,true,LEFT_EYE,LOOKING_AT_EYES,751.804,601.52814,1051.804,601.52814
18475,17893,P_TEST,0,GAZE_UNAWARE,771.0,595.0,true,LEFT_EYE,LOOKING_AT_EYES,751.804,601.52814,1051.804,601.52814
18508,17926,P_TEST,0,GAZE_UNAWARE,771.0,595.0,true,LEFT_EYE,LOOKING_AT_EYES,751.804,601.52814,1051.804,601.52814
18542,17960,P_TEST,0,GAZE_UNAWARE,771.0,595.0,true,LEFT_EYE,LOOKING_AT_EYES,751.804,601.52814,1051.804,601.52814
18575,17993,P_TEST,0,GAZE_UNAWARE,771.0,595.0,true,LEFT_EYE,LOOKING_AT_EYES,751.804,601.52814,1051.804,601.52814
18609,18027,P_TEST,0,GAZE_UNAWARE,776.0,591.0,true,LEFT_EYE,LOOKING_AT_EYES,751.804,601.52814,1051.804,601.52814
18643,18061,P_TEST,0,GAZE_UNAWARE,782.0,585.0,true,LEFT_EYE,LOOKING_AT_EYES,751.804,601.52814,1051.804,601.52814
18676,18094,P_TEST,0,GAZE_UNAWARE,786.0,577.0,true,LEFT_EYE,LOOKING_AT_EYES,751.804,601.52814,1051.804,601.52814
18710,18128,P_TEST,0,GAZE_UNAWARE,789.0,568.0,true,LEFT_EYE,LOOKING_AT_EYES,751.804,601.52814,1051.804,601.52814
18743,18161,P_TEST,0,GAZE_UNAWARE,794.0,559.0,true,LEFT_EYE,LOOKING_AT_EYES,751.804,601.52814,1051.804,601.52814
18776,18194,P_TEST,0,GAZE_UNAWARE,794.0,558.0,true,LEFT_EYE,LOOKING_AT_EYES,751.804,601.52814,1051.804,601.52814
18825,18243,P_TEST,0,GAZE_UNAWARE,795.0,555.0,true,LEFT_EYE,LOOKING_AT_EYES,751.804,601.52814,1051.804,601.52814
18859,18277,P_TEST,0,GAZE_UNAWARE,796.0,554.0,true,LEFT_EYE,LOOKING_AT_EYES,751.804,601.52814,1051.804,601.52814
18892,18310,P_TEST,0,GAZE_UNAWARE,797.0,551.0,true,LEFT_EYE,LOOKING_AT_EYES,751.804,601.52814,1051.804,601.52814
18925,18343,P_TEST,0,GAZE_UNAWARE,799.0,547.0,true,LEFT_EYE,LOOKING_AT_EYES,751.804,601.52814,1051.804,601.52814
18959,18377,P_TEST,0,GAZE_UNAWARE,800.0,544.0,true,LEFT_EYE,LOOKING_AT_EYES,751.804,601.52814,1051.804,601.52814
18993,18411,P_TEST,0,GAZE_UNAWARE,800.0,544.0,true,LEFT_EYE,LOOKING_AT_EYES,751.804,601.52814,1051.804,601.52814
19043,18461,P_TEST,0,GAZE_UNAWARE,801.0,541.0,true,LEFT_EYE,LOOKING_AT_EYES,751.804,601.52814,1051.804,601.52814
19092,18510,P_TEST,0,GAZE_UNAWARE,801.0,539.0,true,LEFT_EYE,LOOKING_AT_EYES,751.804,601.52814,1051.804,601.52814
19126,18544,P_TEST,0,GAZE_UNAWARE,801.0,537.0,true,LEFT_EYE,LOOKING_AT_EYES,751.804,601.52814,1051.804,601.52814
19177,18595,P_TEST,0,GAZE_UNAWARE,802.0,536.0,true,LEFT_EYE,LOOKING_AT_EYES,751.804,601.52814,1051.804,601.52814
19225,18643,P_TEST,0,GAZE_UNAWARE,802.0,536.0,true,LEFT_EYE,LOOKING_AT_EYES,751.804,601.52814,1051.804,601.52814
19258,18676,P_TEST,0,GAZE_UNAWARE,802.0,535.0,true,LEFT_EYE,LOOKING_AT_EYES,751.804,601.52814,1051.804,601.52814
19292,18710,P_TEST,0,GAZE_UNAWARE,802.0,535.0,true,LEFT_EYE,LOOKING_AT_EYES,751.804,601.52814,1051.804,601.52814
19326,18744,P_TEST,0,GAZE_UNAWARE,802.0,535.0,true,LEFT_EYE,LOOKING_AT_EYES,751.804,601.52814,1051.804,601.52814
19359,18777,P_TEST,0,GAZE_UNAWARE,802.0,535.0,true,LEFT_EYE,LOOKING_AT_EYES,751.804,601.52814,1051.804,601.52814
19392,18810,P_TEST,0,GAZE_UNAWARE,802.0,535.0,true,LEFT_EYE,LOOKING_AT_EYES,751.804,601.52814,1051.804,601.52814
19426,18844,P_TEST,0,GAZE_UNAWARE,802.0,535.0,true,LEFT_EYE,LOOKING_AT_EYES,751.804,601.52814,1051.804,601.52814
19476,18894,P_TEST,0,GAZE_UNAWARE,802.0,535.0,true,LEFT_EYE,LOOKING_AT_EYES,747.6481,600.06476,1047.648,600.06476
19509,18927,P_TEST,0,GAZE_UNAWARE,802.0,535.0,true,LEFT_EYE,LOOKING_AT_EYES,739.3362,597.138,1039.3359,597.13794
19542,18960,P_TEST,0,GAZE_UNAWARE,802.0,535.0,true,LEFT_EYE,LOOKING_AT_EYES,731.0243,594.2112,1031.0239,594.21106
19593,19011,P_TEST,0,GAZE_UNAWARE,802.0,535.0,true,LEFT_EYE,LOOKING_AT_EYES,727.2638,592.887,1027.2638,592.887
19642,19060,P_TEST,0,GAZE_UNAWARE,802.0,535.0,true,LEFT_EYE,LOOKING_AT_EYES,727.2638,592.887,1027.2638,592.887
19676,19094,P_TEST,0,GAZE_UNAWARE,802.0,535.0,true,LEFT_EYE,LOOKING_AT_EYES,727.2638,592.887,1027.2638,592.887
19726,19144,P_TEST,0,GAZE_UNAWARE,802.0,535.0,true,LEFT_EYE,LOOKING_AT_EYES,727.2638,592.887,1027.2638,592.887
19775,19193,P_TEST,0,GAZE_UNAWARE,802.0,535.0,true,LEFT_EYE,LOOKING_AT_EYES,727.2638,592.887,1027.2638,592.887
19809,19227,P_TEST,0,GAZE_UNAWARE,802.0,535.0,true,LEFT_EYE,LOOKING_AT_EYES,727.2638,592.887,1027.2638,592.887
19842,19260,P_TEST,0,GAZE_UNAWARE,802.0,535.0,true,LEFT_EYE,LOOKING_AT_EYES,727.2638,592.887,1027.2638,592.887
19875,19293,P_TEST,0,GAZE_UNAWARE,802.0,535.0,true,LEFT_EYE,LOOKING_AT_EYES,727.2638,592.887,1027.2638,592.887
19908,19326,P_TEST,0,GAZE_UNAWARE,802.0,535.0,true,LEFT_EYE,LOOKING_AT_EYES,727.2638,592.887,1027.2638,592.887
19942,19360,P_TEST,0,GAZE_UNAWARE,802.0,535.0,true,LEFT_EYE,LOOKING_AT_EYES,727.2638,592.887,1027.2638,592.887
19976,19394,P_TEST,0,GAZE_UNAWARE,802.0,535.0,true,LEFT_EYE,LOOKING_AT_EYES,727.2638,592.887,1027.2638,592.887
20009,19427,P_TEST,0,GAZE_UNAWARE,802.0,535.0,true,LEFT_EYE,LOOKING_AT_EYES,727.2638,592.887,1027.2638,592.887
20043,19461,P_TEST,0,GAZE_UNAWARE,802.0,535.0,true,LEFT_EYE,LOOKING_AT_EYES,727.2638,592.887,1027.2638,592.887
20076,19494,P_TEST,0,GAZE_UNAWARE,802.0,535.0,true,LEFT_EYE,LOOKING_AT_EYES,727.2638,592.887,1027.2638,592.887
20109,19527,P_TEST,0,GAZE_UNAWARE,802.0,535.0,true,LEFT_EYE,LOOKING_AT_EYES,727.2638,592.887,1027.2638,592.887
20142,19560,P_TEST,0,GAZE_UNAWARE,802.0,535.0,true,LEFT_EYE,LOOKING_AT_EYES,727.2638,592.887,1027.2638,592.887
20176,19594,P_TEST,0,GAZE_UNAWARE,802.0,535.0,true,LEFT_EYE,LOOKING_AT_EYES,727.2638,592.887,1027.2638,592.887
20226,19644,P_TEST,0,GAZE_UNAWARE,802.0,535.0,true,LEFT_EYE,LOOKING_AT_EYES,727.2638,592.887,1027.2638,592.887
20259,19677,P_TEST,0,GAZE_UNAWARE,802.0,535.0,true,LEFT_EYE,LOOKING_AT_EYES,727.2638,592.887,1027.2638,592.887
20293,19711,P_TEST,0,GAZE_UNAWARE,802.0,535.0,true,LEFT_EYE,LOOKING_AT_EYES,727.2638,592.887,1027.2638,592.887
20342,19760,P_TEST,0,GAZE_UNAWARE,802.0,535.0,true,LEFT_EYE,LOOKING_AT_EYES,727.2638,592.887,1027.2638,592.887
20375,19793,P_TEST,0,GAZE_UNAWARE,802.0,535.0,true,LEFT_EYE,LOOKING_AT_EYES,727.2638,592.887,1027.2638,592.887
20408,19826,P_TEST,0,GAZE_UNAWARE,802.0,535.0,true,LEFT_EYE,LOOKING_AT_EYES,727.2638,592.887,1027.2638,592.887
20442,19860,P_TEST,0,GAZE_UNAWARE,802.0,535.0,true,LEFT_EYE,LOOKING_AT_EYES,727.2638,592.887,1027.2638,592.887
20492,19910,P_TEST,0,GAZE_UNAWARE,802.0,535.0,true,LEFT_EYE,LOOKING_AT_EYES,727.2638,592.887,1027.2638,592.887
20525,19943,P_TEST,0,GAZE_UNAWARE,802.0,535.0,true,LEFT_EYE,LOOKING_AT_EYES,727.2638,592.887,1027.2638,592.887
20558,19976,P_TEST,0,GAZE_UNAWARE,802.0,535.0,true,LEFT_EYE,LOOKING_AT_EYES,727.2638,592.887,1027.2638,592.887
20592,20010,P_TEST,0,GAZE_UNAWARE,802.0,535.0,true,LEFT_EYE,LOOKING_AT_EYES,727.2638,592.887,1027.2638,592.887
20625,20043,P_TEST,0,GAZE_UNAWARE,802.0,535.0,true,LEFT_EYE,LOOKING_AT_EYES,727.2638,592.887,1027.2638,592.887
20658,20076,P_TEST,0,GAZE_UNAWARE,802.0,535.0,true,LEFT_EYE,LOOKING_AT_EYES,727.2638,592.887,1027.2638,592.887
20692,20110,P_TEST,0,GAZE_UNAWARE,802.0,535.0,true,LEFT_EYE,LOOKING_AT_EYES,727.2638,592.887,1027.2638,592.887
20726,20144,P_TEST,0,GAZE_UNAWARE,802.0,535.0,true,LEFT_EYE,LOOKING_AT_EYES,727.2638,592.887,1027.2638,592.887
20759,20177,P_TEST,0,GAZE_UNAWARE,802.0,535.0,true,LEFT_EYE,LOOKING_AT_EYES,727.2638,592.887,1027.2638,592.887
20792,20210,P_TEST,0,GAZE_UNAWARE,802.0,535.0,true,LEFT_EYE,LOOKING_AT_EYES,727.2638,592.887,1027.2638,592.887
20825,20243,P_TEST,0,GAZE_UNAWARE,802.0,535.0,true,LEFT_EYE,LOOKING_AT_EYES,727.2638,592.887,1027.2638,592.887
20858,20276,P_TEST,0,GAZE_UNAWARE,802.0,535.0,true,LEFT_EYE,LOOKING_AT_EYES,727.2638,592.887,1027.2638,592.887
20891,20309,P_TEST,0,GAZE_UNAWARE,802.0,535.0,true,LEFT_EYE,LOOKING_AT_EYES,727.2638,592.887,1027.2638,592.887
20925,20343,P_TEST,0,GAZE_UNAWARE,802.0,535.0,true,LEFT_EYE,LOOKING_AT_EYES,727.2638,592.887,1027.2638,592.887
20959,20377,P_TEST,0,GAZE_UNAWARE,802.0,535.0,true,LEFT_EYE,LOOKING_AT_EYES,727.2638,592.887,1027.2638,592.887
20992,20410,P_TEST,0,GAZE_UNAWARE,802.0,535.0,true,LEFT_EYE,LOOKING_AT_EYES,727.2638,592.887,1027.2638,592.887
21043,20461,P_TEST,0,GAZE_UNAWARE,802.0,535.0,true,LEFT_EYE,LOOKING_AT_EYES,727.2638,592.887,1027.2638,592.887
21076,20494,P_TEST,0,GAZE_UNAWARE,802.0,535.0,true,LEFT_EYE,LOOKING_AT_EYES,727.2638,592.887,1027.2638,592.887
21109,20527,P_TEST,0,GAZE_UNAWARE,802.0,535.0,true,LEFT_EYE,LOOKING_AT_EYES,727.2638,592.887,1027.2638,592.887
21142,20560,P_TEST,0,GAZE_UNAWARE,802.0,535.0,true,LEFT_EYE,LOOKING_AT_EYES,727.2638,592.887,1027.2638,592.887
21175,20593,P_TEST,0,GAZE_UNAWARE,802.0,535.0,true,LEFT_EYE,LOOKING_AT_EYES,727.2638,592.887,1027.2638,592.887
21208,20626,P_TEST,0,GAZE_UNAWARE,802.0,535.0,true,LEFT_EYE,LOOKING_AT_EYES,727.2638,592.887,1027.2638,592.887
21247,20665,P_TEST,0,GAZE_UNAWARE,802.0,535.0,true,LEFT_EYE,LOOKING_AT_EYES,727.2638,592.887,1027.2638,592.887
21282,20700,P_TEST,0,GAZE_UNAWARE,802.0,535.0,true,LEFT_EYE,LOOKING_AT_EYES,727.2638,592.887,1027.2638,592.887
21315,20733,P_TEST,0,GAZE_UNAWARE,802.0,535.0,true,LEFT_EYE,LOOKING_AT_EYES,727.2638,592.887,1027.2638,592.887
21349,20767,P_TEST,0,GAZE_UNAWARE,802.0,535.0,true,LEFT_EYE,LOOKING_AT_EYES,727.2638,592.887,1027.2638,592.887
21382,20800,P_TEST,0,GAZE_UNAWARE,802.0,535.0,true,LEFT_EYE,LOOKING_AT_EYES,727.2638,592.887,1027.2638,592.887
21415,20833,P_TEST,0,GAZE_UNAWARE,802.0,535.0,true,LEFT_EYE,LOOKING_AT_EYES,727.2638,592.887,1027.2638,592.887
21448,20866,P_TEST,0,GAZE_UNAWARE,802.0,535.0,true,LEFT_EYE,LOOKING_AT_EYES,727.2638,592.887,1027.2638,592.887
21481,20899,P_TEST,0,GAZE_UNAWARE,802.0,535.0,true,LEFT_EYE,LOOKING_AT_EYES,727.2638,592.887,1027.2638,592.887
21516,20934,P_TEST,0,GAZE_UNAWARE,802.0,535.0,true,LEFT_EYE,LOOKING_AT_EYES,727.2638,592.887,1027.2638,592.887
21549,20967,P_TEST,0,GAZE_UNAWARE,802.0,535.0,true,LEFT_EYE,LOOKING_AT_EYES,727.2638,592.887,1027.2638,592.887
21583,21001,P_TEST,0,GAZE_UNAWARE,802.0,535.0,true,LEFT_EYE,LOOKING_AT_EYES,727.2638,592.887,1027.2638,592.887
21634,21052,P_TEST,0,GAZE_UNAWARE,802.0,535.0,true,LEFT_EYE,LOOKING_AT_EYES,727.2638,592.887,1027.2638,592.887
21682,21100,P_TEST,0,GAZE_UNAWARE,802.0,535.0,true,LEFT_EYE,LOOKING_AT_EYES,733.1245,582.78546,1033.1244,582.78546
21716,21134,P_TEST,0,GAZE_UNAWARE,802.0,535.0,true,LEFT_EYE,LOOKING_AT_EYES,738.9852,572.6839,1038.9851,572.6839
21749,21167,P_TEST,0,GAZE_UNAWARE,802.0,535.0,true,LEFT_EYE,LOOKING_AT_EYES,744.84595,562.58234,1044.8458,562.58234
21782,21200,P_TEST,0,GAZE_UNAWARE,802.0,535.0,true,LEFT_EYE,LOOKING_AT_EYES,750.7066,552.4808,1050.7065,552.48083
21817,21235,P_TEST,0,GAZE_UNAWARE,802.0,535.0,true,LEFT_EYE,LOOKING_AT_EYES,751.55347,551.0211,1051.5535,551.0211
21851,21269,P_TEST,0,GAZE_UNAWARE,802.0,535.0,true,LEFT_EYE,LOOKING_AT_EYES,751.55347,551.0211,1051.5535,551.0211
21899,21317,P_TEST,0,GAZE_UNAWARE,802.0,535.0,true,LEFT_EYE,LOOKING_AT_EYES,751.55347,551.0211,1051.5535,551.0211
21933,21351,P_TEST,0,GAZE_UNAWARE,802.0,535.0,true,LEFT_EYE,LOOKING_AT_EYES,751.55347,551.0211,1051.5535,551.0211
21966,21384,P_TEST,0,GAZE_UNAWARE,802.0,535.0,true,LEFT_EYE,LOOKING_AT_EYES,751.55347,551.0211,1051.5535,551.0211
22000,21418,P_TEST,0,GAZE_UNAWARE,802.0,535.0,true,LEFT_EYE,LOOKING_AT_EYES,751.55347,551.0211,1051.5535,551.0211
22050,21468,P_TEST,0,GAZE_UNAWARE,802.0,535.0,true,LEFT_EYE,LOOKING_AT_EYES,751.55347,551.0211,1051.5535,551.0211
22083,21501,P_TEST,0,GAZE_UNAWARE,802.0,535.0,true,LEFT_EYE,LOOKING_AT_EYES,751.55347,551.0211,1051.5535,551.0211
22116,21534,P_TEST,0,GAZE_UNAWARE,802.0,535.0,true,LEFT_EYE,LOOKING_AT_EYES,751.55347,551.0211,1051.5535,551.0211
22149,21567,P_TEST,0,GAZE_UNAWARE,802.0,535.0,true,LEFT_EYE,LOOKING_AT_EYES,751.55347,551.0211,1051.5535,551.0211
22182,21600,P_TEST,0,GAZE_UNAWARE,802.0,535.0,true,LEFT_EYE,LOOKING_AT_EYES,751.55347,551.0211,1051.5535,551.0211
22216,21634,P_TEST,0,GAZE_UNAWARE,802.0,535.0,true,LEFT_EYE,LOOKING_AT_EYES,751.55347,551.0211,1051.5535,551.0211
22266,21684,P_TEST,0,GAZE_UNAWARE,802.0,535.0,true,LEFT_EYE,LOOKING_AT_EYES,751.55347,551.0211,1051.5535,551.0211
22299,21717,P_TEST,0,GAZE_UNAWARE,802.0,535.0,true,LEFT_EYE,LOOKING_AT_EYES,751.55347,551.0211,1051.5535,551.0211
22333,21751,P_TEST,0,GAZE_UNAWARE,802.0,535.0,true,LEFT_EYE,LOOKING_AT_EYES,751.55347,551.0211,1051.5535,551.0211
22366,21784,P_TEST,0,GAZE_UNAWARE,802.0,535.0,true,LEFT_EYE,LOOKING_AT_EYES,751.55347,551.0211,1051.5535,551.0211
22399,21817,P_TEST,0,GAZE_UNAWARE,802.0,535.0,true,LEFT_EYE,LOOKING_AT_EYES,751.55347,551.0211,1051.5535,551.0211
22432,21850,P_TEST,0,GAZE_UNAWARE,802.0,535.0,true,LEFT_EYE,LOOKING_AT_EYES,751.55347,551.0211,1051.5535,551.0211
22466,21884,P_TEST,0,GAZE_UNAWARE,802.0,535.0,true,LEFT_EYE,LOOKING_AT_EYES,751.55347,551.0211,1051.5535,551.0211
22516,21934,P_TEST,0,GAZE_UNAWARE,802.0,535.0,true,LEFT_EYE,LOOKING_AT_EYES,751.55347,551.0211,1051.5535,551.0211
22549,21967,P_TEST,0,GAZE_UNAWARE,802.0,535.0,true,LEFT_EYE,LOOKING_AT_EYES,751.55347,551.0211,1051.5535,551.0211
22583,22001,P_TEST,0,GAZE_UNAWARE,802.0,535.0,true,LEFT_EYE,LOOKING_AT_EYES,751.55347,551.0211,1051.5535,551.0211
22633,22051,P_TEST,0,GAZE_UNAWARE,802.0,535.0,true,LEFT_EYE,LOOKING_AT_EYES,751.55347,551.0211,1051.5535,551.0211
22683,22101,P_TEST,0,GAZE_UNAWARE,802.0,535.0,true,LEFT_EYE,LOOKING_AT_EYES,751.55347,551.0211,1051.5535,551.0211
22719,22137,P_TEST,0,GAZE_UNAWARE,802.0,535.0,true,LEFT_EYE,LOOKING_AT_EYES,751.55347,551.0211,1051.5535,551.0211
22754,22172,P_TEST,0,GAZE_UNAWARE,802.0,535.0,true,LEFT_EYE,LOOKING_AT_EYES,751.55347,551.0211,1051.5535,551.0211
22789,22207,P_TEST,0,GAZE_UNAWARE,802.0,535.0,true,LEFT_EYE,LOOKING_AT_EYES,751.55347,551.0211,1051.5535,551.0211
22838,22256,P_TEST,0,GAZE_UNAWARE,802.0,535.0,true,LEFT_EYE,LOOKING_AT_EYES,751.55347,551.0211,1051.5535,551.0211
22872,22290,P_TEST,0,GAZE_UNAWARE,802.0,535.0,true,LEFT_EYE,LOOKING_AT_EYES,751.55347,551.0211,1051.5535,551.0211
22906,22324,P_TEST,0,GAZE_UNAWARE,802.0,535.0,true,LEFT_EYE,LOOKING_AT_EYES,751.55347,551.0211,1051.5535,551.0211
22939,22357,P_TEST,0,GAZE_UNAWARE,802.0,535.0,true,LEFT_EYE,LOOKING_AT_EYES,751.55347,551.0211,1051.5535,551.0211
22972,22390,P_TEST,0,GAZE_UNAWARE,802.0,535.0,true,LEFT_EYE,LOOKING_AT_EYES,751.55347,551.0211,1051.5535,551.0211
23021,22439,P_TEST,0,GAZE_UNAWARE,802.0,535.0,true,LEFT_EYE,LOOKING_AT_EYES,751.55347,551.0211,1051.5535,551.0211
23055,22473,P_TEST,0,GAZE_UNAWARE,802.0,535.0,true,LEFT_EYE,LOOKING_AT_EYES,751.55347,551.0211,1051.5535,551.0211
23105,22523,P_TEST,0,GAZE_UNAWARE,802.0,535.0,true,LEFT_EYE,LOOKING_AT_EYES,751.55347,551.0211,1051.5535,551.0211
23155,22573,P_TEST,0,GAZE_UNAWARE,802.0,535.0,true,LEFT_EYE,LOOKING_AT_EYES,751.55347,551.0211,1051.5535,551.0211
23188,22606,P_TEST,0,GAZE_UNAWARE,802.0,535.0,true,LEFT_EYE,LOOKING_AT_EYES,751.55347,551.0211,1051.5535,551.0211
23222,22640,P_TEST,0,GAZE_UNAWARE,802.0,535.0,true,LEFT_EYE,LOOKING_AT_EYES,751.55347,551.0211,1051.5535,551.0211
23255,22673,P_TEST,0,GAZE_UNAWARE,802.0,535.0,true,LEFT_EYE,LOOKING_AT_EYES,751.55347,551.0211,1051.5535,551.0211
23289,22707,P_TEST,0,GAZE_UNAWARE,802.0,535.0,true,LEFT_EYE,LOOKING_AT_EYES,751.55347,551.0211,1051.5535,551.0211
23322,22740,P_TEST,0,GAZE_UNAWARE,802.0,535.0,true,LEFT_EYE,LOOKING_AT_EYES,751.55347,551.0211,1051.5535,551.0211
23355,22773,P_TEST,0,GAZE_UNAWARE,802.0,535.0,true,LEFT_EYE,LOOKING_AT_EYES,751.55347,551.0211,1051.5535,551.0211
23388,22806,P_TEST,0,GAZE_UNAWARE,802.0,535.0,true,LEFT_EYE,LOOKING_AT_EYES,751.55347,551.0211,1051.5535,551.0211
23422,22840,P_TEST,0,GAZE_UNAWARE,802.0,535.0,true,LEFT_EYE,LOOKING_AT_EYES,751.55347,551.0211,1051.5535,551.0211
23455,22873,P_TEST,0,GAZE_UNAWARE,802.0,535.0,true,LEFT_EYE,LOOKING_AT_EYES,751.55347,551.0211,1051.5535,551.0211
23489,22907,P_TEST,0,GAZE_UNAWARE,802.0,535.0,true,LEFT_EYE,LOOKING_AT_EYES,751.55347,551.0211,1051.5535,551.0211
23522,22940,P_TEST,0,GAZE_UNAWARE,802.0,535.0,true,LEFT_EYE,LOOKING_AT_EYES,751.55347,551.0211,1051.5535,551.0211
23571,22989,P_TEST,0,GAZE_UNAWARE,802.0,535.0,true,LEFT_EYE,LOOKING_AT_EYES,751.55347,551.0211,1051.5535,551.0211
23605,23023,P_TEST,0,GAZE_UNAWARE,802.0,535.0,true,LEFT_EYE,LOOKING_AT_EYES,751.55347,551.0211,1051.5535,551.0211
23639,23057,P_TEST,0,GAZE_UNAWARE,802.0,535.0,true,LEFT_EYE,LOOKING_AT_EYES,751.55347,551.0211,1051.5535,551.0211
23672,23090,P_TEST,0,GAZE_UNAWARE,802.0,535.0,true,LEFT_EYE,LOOKING_AT_EYES,751.55347,551.0211,1051.5535,551.0211
23705,23123,P_TEST,0,GAZE_UNAWARE,802.0,535.0,true,LEFT_EYE,LOOKING_AT_EYES,751.55347,551.0211,1051.5535,551.0211
23738,23156,P_TEST,0,GAZE_UNAWARE,802.0,535.0,true,LEFT_EYE,LOOKING_AT_EYES,751.55347,551.0211,1051.5535,551.0211
23772,23190,P_TEST,0,GAZE_UNAWARE,802.0,535.0,true,LEFT_EYE,LOOKING_AT_EYES,751.55347,551.0211,1051.5535,551.0211
23805,23223,P_TEST,0,GAZE_UNAWARE,802.0,535.0,true,LEFT_EYE,LOOKING_AT_EYES,751.55347,551.0211,1051.5535,551.0211
23838,23256,P_TEST,0,GAZE_UNAWARE,802.0,535.0,true,LEFT_EYE,LOOKING_AT_EYES,751.55347,551.0211,1051.5535,551.0211
23871,23289,P_TEST,0,GAZE_UNAWARE,802.0,535.0,true,LEFT_EYE,LOOKING_AT_EYES,751.55347,551.0211,1051.5535,551.0211
23905,23323,P_TEST,0,GAZE_UNAWARE,802.0,535.0,true,LEFT_EYE,LOOKING_AT_EYES,751.55347,551.0211,1051.5535,551.0211
23938,23356,P_TEST,0,GAZE_UNAWARE,802.0,535.0,true,LEFT_EYE,LOOKING_AT_EYES,751.55347,551.0211,1051.5535,551.0211
23972,23390,P_TEST,0,GAZE_UNAWARE,802.0,535.0,true,LEFT_EYE,LOOKING_AT_EYES,751.55347,551.0211,1051.5535,551.0211
24005,23423,P_TEST,0,GAZE_UNAWARE,802.0,535.0,true,LEFT_EYE,LOOKING_AT_EYES,751.55347,551.0211,1051.5535,551.0211
24038,23456,P_TEST,0,GAZE_UNAWARE,802.0,535.0,true,LEFT_EYE,LOOKING_AT_EYES,751.55347,551.0211,1051.5535,551.0211
24088,23506,P_TEST,0,GAZE_UNAWARE,802.0,535.0,true,LEFT_EYE,LOOKING_AT_EYES,751.55347,551.0211,1051.5535,551.0211
24121,23539,P_TEST,0,GAZE_UNAWARE,802.0,535.0,true,LEFT_EYE,LOOKING_AT_EYES,751.55347,551.0211,1051.5535,551.0211
24154,23572,P_TEST,0,GAZE_UNAWARE,802.0,535.0,true,LEFT_EYE,LOOKING_AT_EYES,751.55347,551.0211,1051.5535,551.0211
24188,23606,P_TEST,0,GAZE_UNAWARE,802.0,535.0,true,LEFT_EYE,LOOKING_AT_EYES,751.55347,551.0211,1051.5535,551.0211
24221,23639,P_TEST,0,GAZE_UNAWARE,802.0,535.0,true,LEFT_EYE,LOOKING_AT_EYES,751.55347,551.0211,1051.5535,551.0211
24254,23672,P_TEST,0,GAZE_UNAWARE,802.0,535.0,true,LEFT_EYE,LOOKING_AT_EYES,751.55347,551.0211,1051.5535,551.0211
24288,23706,P_TEST,0,GAZE_UNAWARE,802.0,535.0,true,LEFT_EYE,LOOKING_AT_EYES,751.55347,551.0211,1051.5535,551.0211
24321,23739,P_TEST,0,GAZE_UNAWARE,802.0,535.0,true,LEFT_EYE,LOOKING_AT_EYES,751.55347,551.0211,1051.5535,551.0211
24355,23773,P_TEST,0,GAZE_UNAWARE,802.0,535.0,true,LEFT_EYE,LOOKING_AT_EYES,751.55347,551.0211,1051.5535,551.0211
24388,23806,P_TEST,0,GAZE_UNAWARE,802.0,535.0,true,LEFT_EYE,LOOKING_AT_EYES,751.55347,551.0211,1051.5535,551.0211
24422,23840,P_TEST,0,GAZE_UNAWARE,802.0,535.0,true,LEFT_EYE,LOOKING_AT_EYES,751.55347,551.0211,1051.5535,551.0211
24472,23890,P_TEST,0,GAZE_UNAWARE,802.0,535.0,true,LEFT_EYE,LOOKING_AT_EYES,751.55347,551.0211,1051.5535,551.0211
24521,23939,P_TEST,0,GAZE_UNAWARE,802.0,535.0,true,LEFT_EYE,LOOKING_AT_EYES,751.55347,551.0211,1051.5535,551.0211
24555,23973,P_TEST,0,GAZE_UNAWARE,802.0,535.0,true,LEFT_EYE,LOOKING_AT_EYES,749.8416,546.29,1049.8416,546.29
24604,24022,P_TEST,0,GAZE_UNAWARE,802.0,535.0,true,LEFT_EYE,LOOKING_AT_EYES,744.70605,532.09656,1044.7058,532.09656
24637,24055,P_TEST,0,GAZE_UNAWARE,802.0,535.0,true,LEFT_EYE,LOOKING_AT_EYES,741.2823,522.63434,1041.2821,522.6343
24672,24090,P_TEST,0,GAZE_UNAWARE,802.0,535.0,true,LEFT_EYE,LOOKING_AT_EYES,737.8585,513.1721,1037.8584,513.172
24706,24124,P_TEST,0,GAZE_UNAWARE,802.0,535.0,true,LEFT_EYE,LOOKING_AT_EYES,734.54126,504.0043,1034.5413,504.0043
24739,24157,P_TEST,0,GAZE_UNAWARE,802.0,535.0,true,LEFT_EYE,LOOKING_AT_EYES,734.54126,504.0043,1034.5413,504.0043
24772,24190,P_TEST,0,GAZE_UNAWARE,802.0,535.0,true,LEFT_EYE,LOOKING_AT_EYES,734.54126,504.0043,1034.5413,504.0043
24805,24223,P_TEST,0,GAZE_UNAWARE,802.0,535.0,true,LEFT_EYE,LOOKING_AT_EYES,734.54126,504.0043,1034.5413,504.0043
24838,24256,P_TEST,0,GAZE_UNAWARE,802.0,535.0,true,LEFT_EYE,LOOKING_AT_EYES,734.54126,504.0043,1034.5413,504.0043
24874,24292,P_TEST,0,GAZE_UNAWARE,802.0,535.0,true,LEFT_EYE,LOOKING_AT_EYES,734.54126,504.0043,1034.5413,504.0043
24908,24326,P_TEST,0,GAZE_UNAWARE,802.0,535.0,true,LEFT_EYE,LOOKING_AT_EYES,734.54126,504.0043,1034.5413,504.0043
24941,24359,P_TEST,0,GAZE_UNAWARE,802.0,535.0,true,LEFT_EYE,LOOKING_AT_EYES,734.54126,504.0043,1034.5413,504.0043
24974,24392,P_TEST,0,GAZE_UNAWARE,802.0,535.0,true,LEFT_EYE,LOOKING_AT_EYES,734.54126,504.0043,1034.5413,504.0043
25007,24425,P_TEST,0,GAZE_UNAWARE,802.0,535.0,true,LEFT_EYE,LOOKING_AT_EYES,734.54126,504.0043,1034.5413,504.0043
25040,24458,P_TEST,0,GAZE_UNAWARE,802.0,535.0,true,LEFT_EYE,LOOKING_AT_EYES,734.54126,504.0043,1034.5413,504.0043
25074,24492,P_TEST,0,GAZE_UNAWARE,802.0,535.0,true,LEFT_EYE,LOOKING_AT_EYES,734.54126,504.0043,1034.5413,504.0043
25108,24526,P_TEST,0,GAZE_UNAWARE,802.0,535.0,true,LEFT_EYE,LOOKING_AT_EYES,734.54126,504.0043,1034.5413,504.0043
25141,24559,P_TEST,0,GAZE_UNAWARE,802.0,535.0,true,LEFT_EYE,LOOKING_AT_EYES,734.54126,504.0043,1034.5413,504.0043
25174,24592,P_TEST,0,GAZE_UNAWARE,802.0,535.0,true,LEFT_EYE,LOOKING_AT_EYES,734.54126,504.0043,1034.5413,504.0043
25207,24625,P_TEST,0,GAZE_UNAWARE,802.0,535.0,true,LEFT_EYE,LOOKING_AT_EYES,734.54126,504.0043,1034.5413,504.0043
25240,24658,P_TEST,0,GAZE_UNAWARE,802.0,535.0,true,LEFT_EYE,LOOKING_AT_EYES,734.54126,504.0043,1034.5413,504.0043
25274,24692,P_TEST,0,GAZE_UNAWARE,802.0,535.0,true,LEFT_EYE,LOOKING_AT_EYES,734.54126,504.0043,1034.5413,504.0043
25307,24725,P_TEST,0,GAZE_UNAWARE,802.0,535.0,true,LEFT_EYE,LOOKING_AT_EYES,734.54126,504.0043,1034.5413,504.0043
25340,24758,P_TEST,0,GAZE_UNAWARE,802.0,535.0,true,LEFT_EYE,LOOKING_AT_EYES,734.54126,504.0043,1034.5413,504.0043
25373,24791,P_TEST,0,GAZE_UNAWARE,802.0,535.0,true,LEFT_EYE,LOOKING_AT_EYES,734.54126,504.0043,1034.5413,504.0043
25408,24826,P_TEST,0,GAZE_UNAWARE,802.0,535.0,true,LEFT_EYE,LOOKING_AT_EYES,734.54126,504.0043,1034.5413,504.0043
25441,24859,P_TEST,0,GAZE_UNAWARE,802.0,535.0,true,LEFT_EYE,LOOKING_AT_EYES,734.54126,504.0043,1034.5413,504.0043
25491,24909,P_TEST,0,GAZE_UNAWARE,802.0,535.0,true,LEFT_EYE,LOOKING_AT_EYES,734.54126,504.0043,1034.5413,504.0043
25524,24942,P_TEST,0,GAZE_UNAWARE,802.0,535.0,true,LEFT_EYE,LOOKING_AT_EYES,734.54126,504.0043,1034.5413,504.0043
25557,24975,P_TEST,0,GAZE_UNAWARE,802.0,535.0,true,LEFT_EYE,LOOKING_AT_EYES,734.54126,504.0043,1034.5413,504.0043
25590,25008,P_TEST,0,GAZE_UNAWARE,802.0,535.0,true,LEFT_EYE,LOOKING_AT_EYES,734.54126,504.0043,1034.5413,504.0043
25624,25042,P_TEST,0,GAZE_UNAWARE,802.0,535.0,true,LEFT_EYE,LOOKING_AT_EYES,734.54126,504.0043,1034.5413,504.0043
25657,25075,P_TEST,0,GAZE_UNAWARE,802.0,535.0,true,LEFT_EYE,LOOKING_AT_EYES,734.54126,504.0043,1034.5413,504.0043
25690,25108,P_TEST,0,GAZE_UNAWARE,802.0,535.0,true,LEFT_EYE,LOOKING_AT_EYES,734.54126,504.0043,1034.5413,504.0043
25724,25142,P_TEST,0,GAZE_UNAWARE,802.0,535.0,true,LEFT_EYE,LOOKING_AT_EYES,734.54126,504.0043,1034.5413,504.0043
25772,25190,P_TEST,0,GAZE_UNAWARE,802.0,535.0,true,LEFT_EYE,LOOKING_AT_EYES,734.54126,504.0043,1034.5413,504.0043
25807,25225,P_TEST,0,GAZE_UNAWARE,802.0,535.0,true,LEFT_EYE,LOOKING_AT_EYES,734.54126,504.0043,1034.5413,504.0043
25840,25258,P_TEST,0,GAZE_UNAWARE,802.0,535.0,true,LEFT_EYE,LOOKING_AT_EYES,734.54126,504.0043,1034.5413,504.0043
25874,25292,P_TEST,0,GAZE_UNAWARE,802.0,535.0,true,LEFT_EYE,LOOKING_AT_EYES,734.54126,504.0043,1034.5413,504.0043
25907,25325,P_TEST,0,GAZE_UNAWARE,802.0,535.0,true,LEFT_EYE,LOOKING_AT_EYES,734.54126,504.0043,1034.5413,504.0043
25941,25359,P_TEST,0,GAZE_UNAWARE,802.0,535.0,true,LEFT_EYE,LOOKING_AT_EYES,734.54126,504.0043,1034.5413,504.0043
25990,25408,P_TEST,0,GAZE_UNAWARE,802.0,535.0,true,LEFT_EYE,LOOKING_AT_EYES,734.54126,504.0043,1034.5413,504.0043
26024,25442,P_TEST,0,GAZE_UNAWARE,802.0,535.0,true,LEFT_EYE,LOOKING_AT_EYES,734.54126,504.0043,1034.5413,504.0043
26058,25476,P_TEST,0,GAZE_UNAWARE,802.0,535.0,true,LEFT_EYE,LOOKING_AT_EYES,734.54126,504.0043,1034.5413,504.0043
26106,25524,P_TEST,0,GAZE_UNAWARE,802.0,535.0,true,LEFT_EYE,LOOKING_AT_EYES,734.54126,504.0043,1034.5413,504.0043
26140,25558,P_TEST,0,GAZE_UNAWARE,802.0,535.0,true,LEFT_EYE,LOOKING_AT_EYES,734.54126,504.0043,1034.5413,504.0043
26174,25592,P_TEST,0,GAZE_UNAWARE,802.0,535.0,true,LEFT_EYE,LOOKING_AT_EYES,734.54126,504.0043,1034.5413,504.0043
26208,25626,P_TEST,0,GAZE_UNAWARE,802.0,535.0,true,LEFT_EYE,LOOKING_AT_EYES,734.54126,504.0043,1034.5413,504.0043
26258,25676,P_TEST,0,GAZE_UNAWARE,802.0,535.0,true,LEFT_EYE,LOOKING_AT_EYES,734.54126,504.0043,1034.5413,504.0043
26291,25709,P_TEST,0,GAZE_UNAWARE,802.0,535.0,true,LEFT_EYE,LOOKING_AT_EYES,734.54126,504.0043,1034.5413,504.0043
26324,25742,P_TEST,0,GAZE_UNAWARE,802.0,535.0,true,LEFT_EYE,LOOKING_AT_EYES,734.54126,504.0043,1034.5413,504.0043
26357,25775,P_TEST,0,GAZE_UNAWARE,802.0,535.0,true,LEFT_EYE,LOOKING_AT_EYES,734.54126,504.0043,1034.5413,504.0043
26392,25810,P_TEST,0,GAZE_UNAWARE,802.0,535.0,true,LEFT_EYE,LOOKING_AT_EYES,734.54126,504.0043,1034.5413,504.0043
26440,25858,P_TEST,0,GAZE_UNAWARE,802.0,535.0,true,LEFT_EYE,LOOKING_AT_EYES,734.54126,504.0043,1034.5413,504.0043
26474,25892,P_TEST,0,GAZE_UNAWARE,802.0,535.0,true,LEFT_EYE,LOOKING_AT_EYES,734.54126,504.0043,1034.5413,504.0043
26507,25925,P_TEST,0,GAZE_UNAWARE,802.0,535.0,true,LEFT_EYE,LOOKING_AT_EYES,734.54126,504.0043,1034.5413,504.0043
26541,25959,P_TEST,0,GAZE_UNAWARE,802.0,535.0,true,LEFT_EYE,LOOKING_AT_EYES,734.54126,504.0043,1034.5413,504.0043
26574,25992,P_TEST,0,GAZE_UNAWARE,802.0,535.0,true,LEFT_EYE,LOOKING_AT_EYES,734.54126,504.0043,1034.5413,504.0043
26607,26025,P_TEST,0,GAZE_UNAWARE,802.0,535.0,true,LEFT_EYE,LOOKING_AT_EYES,734.54126,504.0043,1034.5413,504.0043
26640,26058,P_TEST,0,GAZE_UNAWARE,802.0,535.0,true,LEFT_EYE,LOOKING_AT_EYES,734.54126,504.0043,1034.5413,504.0043
26674,26092,P_TEST,0,GAZE_UNAWARE,802.0,535.0,true,LEFT_EYE,LOOKING_AT_EYES,734.54126,504.0043,1034.5413,504.0043
26707,26125,P_TEST,0,GAZE_UNAWARE,802.0,535.0,true,LEFT_EYE,LOOKING_AT_EYES,734.54126,504.0043,1034.5413,504.0043
26741,26159,P_TEST,0,GAZE_UNAWARE,802.0,535.0,true,LEFT_EYE,LOOKING_AT_EYES,734.54126,504.0043,1034.5413,504.0043
26791,26209,P_TEST,0,GAZE_UNAWARE,802.0,535.0,true,LEFT_EYE,LOOKING_AT_EYES,734.54126,504.0043,1034.5413,504.0043
26824,26242,P_TEST,0,GAZE_UNAWARE,802.0,535.0,true,LEFT_EYE,LOOKING_AT_EYES,734.54126,504.0043,1034.5413,504.0043
26857,26275,P_TEST,0,GAZE_UNAWARE,802.0,535.0,true,LEFT_EYE,LOOKING_AT_EYES,734.54126,504.0043,1034.5413,504.0043
26891,26309,P_TEST,0,GAZE_UNAWARE,802.0,535.0,true,LEFT_EYE,LOOKING_AT_EYES,734.54126,504.0043,1034.5413,504.0043
26924,26342,P_TEST,0,GAZE_UNAWARE,802.0,535.0,true,LEFT_EYE,LOOKING_AT_EYES,734.54126,504.0043,1034.5413,504.0043
26958,26376,P_TEST,0,GAZE_UNAWARE,802.0,535.0,true,LEFT_EYE,LOOKING_AT_EYES,734.54126,504.0043,1034.5413,504.0043
26991,26409,P_TEST,0,GAZE_UNAWARE,802.0,535.0,true,LEFT_EYE,LOOKING_AT_EYES,734.54126,504.0043,1034.5413,504.0043
27024,26442,P_TEST,0,GAZE_UNAWARE,802.0,535.0,true,LEFT_EYE,LOOKING_AT_EYES,734.54126,504.0043,1034.5413,504.0043
27057,26475,P_TEST,0,GAZE_UNAWARE,802.0,535.0,true,LEFT_EYE,LOOKING_AT_EYES,734.54126,504.0043,1034.5413,504.0043
27091,26509,P_TEST,0,GAZE_UNAWARE,802.0,535.0,true,LEFT_EYE,LOOKING_AT_EYES,734.54126,504.0043,1034.5413,504.0043
27124,26542,P_TEST,0,GAZE_UNAWARE,802.0,535.0,true,LEFT_EYE,LOOKING_AT_EYES,734.54126,504.0043,1034.5413,504.0043
27157,26575,P_TEST,0,GAZE_UNAWARE,802.0,535.0,true,LEFT_EYE,LOOKING_AT_EYES,734.54126,504.0043,1034.5413,504.0043
27190,26608,P_TEST,0,GAZE_UNAWARE,802.0,535.0,true,LEFT_EYE,LOOKING_AT_EYES,734.54126,504.0043,1034.5413,504.0043
27224,26642,P_TEST,0,GAZE_UNAWARE,802.0,535.0,true,LEFT_EYE,LOOKING_AT_EYES,734.54126,504.0043,1034.5413,504.0043
27258,26676,P_TEST,0,GAZE_UNAWARE,802.0,535.0,true,LEFT_EYE,LOOKING_AT_EYES,734.54126,504.0043,1034.5413,504.0043
27308,26726,P_TEST,0,GAZE_UNAWARE,802.0,535.0,true,LEFT_EYE,LOOKING_AT_EYES,734.54126,504.0043,1034.5413,504.0043
27357,26775,P_TEST,0,GAZE_UNAWARE,802.0,535.0,true,LEFT_EYE,LOOKING_AT_EYES,734.54126,504.0043,1034.5413,504.0043
27390,26808,P_TEST,0,GAZE_UNAWARE,802.0,535.0,true,LEFT_EYE,LOOKING_AT_EYES,734.54126,504.0043,1034.5413,504.0043
27424,26842,P_TEST,0,GAZE_UNAWARE,802.0,535.0,true,LEFT_EYE,LOOKING_AT_EYES,734.54126,504.0043,1034.5413,504.0043
27457,26875,P_TEST,0,GAZE_UNAWARE,802.0,535.0,true,LEFT_EYE,LOOKING_AT_EYES,734.54126,504.0043,1034.5413,504.0043
27491,26909,P_TEST,0,GAZE_UNAWARE,802.0,535.0,true,LEFT_EYE,LOOKING_AT_EYES,734.54126,504.0043,1034.5413,504.0043
27524,26943,P_TEST,0,GAZE_UNAWARE,802.0,535.0,true,LEFT_EYE,LOOKING_AT_EYES,734.54126,504.0043,1034.5413,504.0043
27558,26976,P_TEST,0,GAZE_UNAWARE,802.0,535.0,true,LEFT_EYE,LOOKING_AT_EYES,734.54126,504.0043,1034.5413,504.0043
27591,27009,P_TEST,0,GAZE_UNAWARE,802.0,535.0,true,LEFT_EYE,LOOKING_AT_EYES,734.54126,504.0043,1034.5413,504.0043
27625,27043,P_TEST,0,GAZE_UNAWARE,802.0,535.0,true,LEFT_EYE,LOOKING_AT_EYES,734.54126,504.0043,1034.5413,504.0043
27658,27076,P_TEST,0,GAZE_UNAWARE,802.0,535.0,true,LEFT_EYE,LOOKING_AT_EYES,733.8467,507.95303,1033.8467,507.95303
27691,27109,P_TEST,0,GAZE_UNAWARE,802.0,535.0,true,LEFT_EYE,LOOKING_AT_EYES,733.1521,511.90176,1033.1521,511.90176
27724,27142,P_TEST,0,GAZE_UNAWARE,802.0,535.0,true,LEFT_EYE,LOOKING_AT_EYES,732.45746,515.8505,1032.4575,515.8505
27758,27176,P_TEST,0,GAZE_UNAWARE,802.0,535.0,true,LEFT_EYE,LOOKING_AT_EYES,731.7628,519.79926,1031.763,519.79926
27807,27225,P_TEST,0,GAZE_UNAWARE,802.0,535.0,true,LEFT_EYE,LOOKING_AT_EYES,730.7208,525.72235,1030.7211,525.72235
27841,27259,P_TEST,0,GAZE_UNAWARE,802.0,535.0,true,LEFT_EYE,LOOKING_AT_EYES,730.0262,529.6711,1030.0265,529.6711
27874,27292,P_TEST,0,GAZE_UNAWARE,802.0,535.0,true,LEFT_EYE,LOOKING_AT_EYES,729.33154,533.6198,1029.3319,533.6198
27907,27325,P_TEST,0,GAZE_UNAWARE,802.0,535.0,true,LEFT_EYE,LOOKING_AT_EYES,728.6369,537.56854,1028.6373,537.56854
27941,27359,P_TEST,0,GAZE_UNAWARE,802.0,535.0,true,LEFT_EYE,LOOKING_AT_EYES,727.94226,541.5173,1027.9426,541.5173
27974,27392,P_TEST,0,GAZE_UNAWARE,802.0,535.0,true,LEFT_EYE,LOOKING_AT_EYES,727.2476,545.466,1027.2479,545.466
28007,27425,P_TEST,0,GAZE_UNAWARE,802.0,535.0,true,LEFT_EYE,LOOKING_AT_EYES,726.553,549.41473,1026.5532,549.41473
28041,27459,P_TEST,0,GAZE_UNAWARE,802.0,535.0,true,LEFT_EYE,LOOKING_AT_EYES,725.85834,553.36346,1025.8585,553.36346
28074,27492,P_TEST,0,GAZE_UNAWARE,802.0,535.0,true,LEFT_EYE,LOOKING_AT_EYES,725.1637,557.3122,1025.1638,557.3122
28107,27525,P_TEST,0,GAZE_UNAWARE,802.0,535.0,true,LEFT_EYE,LOOKING_AT_EYES,724.46906,561.2609,1024.4691,561.2609
28140,27558,P_TEST,0,GAZE_UNAWARE,802.0,535.0,true,LEFT_EYE,LOOKING_AT_EYES,723.7744,565.20966,1023.7745,565.20966
28173,27591,P_TEST,0,GAZE_UNAWARE,802.0,535.0,true,LEFT_EYE,LOOKING_AT_EYES,723.62994,566.031,1023.62994,566.031
28208,27626,P_TEST,0,GAZE_UNAWARE,802.0,535.0,true,LEFT_EYE,LOOKING_AT_EYES,723.62994,566.031,1023.62994,566.031
28257,27675,P_TEST,0,GAZE_UNAWARE,802.0,535.0,true,LEFT_EYE,LOOKING_AT_EYES,723.62994,566.031,1023.62994,566.031
28290,27708,P_TEST,0,GAZE_UNAWARE,802.0,535.0,true,LEFT_EYE,LOOKING_AT_EYES,723.62994,566.031,1023.62994,566.031
28324,27742,P_TEST,0,GAZE_UNAWARE,802.0,535.0,true,LEFT_EYE,LOOKING_AT_EYES,723.62994,566.031,1023.62994,566.031
28357,27775,P_TEST,0,GAZE_UNAWARE,802.0,535.0,true,LEFT_EYE,LOOKING_AT_EYES,723.62994,566.031,1023.62994,566.031
28391,27809,P_TEST,0,GAZE_UNAWARE,802.0,535.0,true,LEFT_EYE,LOOKING_AT_EYES,723.62994,566.031,1023.62994,566.031
28424,27842,P_TEST,0,GAZE_UNAWARE,802.0,535.0,true,LEFT_EYE,LOOKING_AT_EYES,723.62994,566.031,1023.62994,566.031
28457,27875,P_TEST,0,GAZE_UNAWARE,802.0,535.0,true,LEFT_EYE,LOOKING_AT_EYES,723.62994,566.031,1023.62994,566.031
28490,27908,P_TEST,0,GAZE_UNAWARE,802.0,535.0,true,LEFT_EYE,LOOKING_AT_EYES,723.62994,566.031,1023.62994,566.031
28524,27942,P_TEST,0,GAZE_UNAWARE,802.0,535.0,true,LEFT_EYE,LOOKING_AT_EYES,723.62994,566.031,1023.62994,566.031
28558,27976,P_TEST,0,GAZE_UNAWARE,802.0,535.0,true,LEFT_EYE,LOOKING_AT_EYES,723.62994,566.031,1023.62994,566.031
28591,28009,P_TEST,0,GAZE_UNAWARE,802.0,535.0,true,LEFT_EYE,LOOKING_AT_EYES,723.62994,566.031,1023.62994,566.031
28624,28042,P_TEST,0,GAZE_UNAWARE,802.0,535.0,true,LEFT_EYE,LOOKING_AT_EYES,723.62994,566.031,1023.62994,566.031
28657,28075,P_TEST,0,GAZE_UNAWARE,802.0,535.0,true,LEFT_EYE,LOOKING_AT_EYES,723.62994,566.031,1023.62994,566.031
28691,28109,P_TEST,0,GAZE_UNAWARE,802.0,535.0,true,LEFT_EYE,LOOKING_AT_EYES,723.62994,566.031,1023.62994,566.031
28724,28142,P_TEST,0,GAZE_UNAWARE,802.0,535.0,true,LEFT_EYE,LOOKING_AT_EYES,723.62994,566.031,1023.62994,566.031
28757,28175,P_TEST,0,GAZE_UNAWARE,802.0,535.0,true,LEFT_EYE,LOOKING_AT_EYES,723.62994,566.031,1023.62994,566.031
28791,28209,P_TEST,0,GAZE_UNAWARE,802.0,535.0,true,LEFT_EYE,LOOKING_AT_EYES,723.62994,566.031,1023.62994,566.031
28824,28242,P_TEST,0,GAZE_UNAWARE,802.0,535.0,true,LEFT_EYE,LOOKING_AT_EYES,723.62994,566.031,1023.62994,566.031
28858,28276,P_TEST,0,GAZE_UNAWARE,802.0,535.0,true,LEFT_EYE,LOOKING_AT_EYES,723.62994,566.031,1023.62994,566.031
28907,28325,P_TEST,0,GAZE_UNAWARE,802.0,535.0,true,LEFT_EYE,LOOKING_AT_EYES,723.62994,566.031,1023.62994,566.031
28940,28358,P_TEST,0,GAZE_UNAWARE,802.0,535.0,true,LEFT_EYE,LOOKING_AT_EYES,723.62994,566.031,1023.62994,566.031
28974,28392,P_TEST,0,GAZE_UNAWARE,802.0,535.0,true,LEFT_EYE,LOOKING_AT_EYES,723.62994,566.031,1023.62994,566.031
29008,28426,P_TEST,0,GAZE_UNAWARE,802.0,535.0,true,LEFT_EYE,LOOKING_AT_EYES,723.62994,566.031,1023.62994,566.031
29057,28475,P_TEST,0,GAZE_UNAWARE,802.0,535.0,true,LEFT_EYE,LOOKING_AT_EYES,723.62994,566.031,1023.62994,566.031
29091,28509,P_TEST,0,GAZE_UNAWARE,802.0,535.0,true,LEFT_EYE,LOOKING_AT_EYES,723.62994,566.031,1023.62994,566.031
29124,28542,P_TEST,0,GAZE_UNAWARE,802.0,535.0,true,LEFT_EYE,LOOKING_AT_EYES,723.62994,566.031,1023.62994,566.031
29157,28575,P_TEST,0,GAZE_UNAWARE,802.0,535.0,true,LEFT_EYE,LOOKING_AT_EYES,723.62994,566.031,1023.62994,566.031
29191,28609,P_TEST,0,GAZE_UNAWARE,802.0,535.0,true,LEFT_EYE,LOOKING_AT_EYES,723.62994,566.031,1023.62994,566.031
29224,28642,P_TEST,0,GAZE_UNAWARE,802.0,535.0,true,LEFT_EYE,LOOKING_AT_EYES,723.62994,566.031,1023.62994,566.031
29257,28675,P_TEST,0,GAZE_UNAWARE,802.0,535.0,true,LEFT_EYE,LOOKING_AT_EYES,723.62994,566.031,1023.62994,566.031
29290,28708,P_TEST,0,GAZE_UNAWARE,802.0,535.0,true,LEFT_EYE,LOOKING_AT_EYES,723.62994,566.031,1023.62994,566.031
29324,28742,P_TEST,0,GAZE_UNAWARE,802.0,535.0,true,LEFT_EYE,LOOKING_AT_EYES,723.62994,566.031,1023.62994,566.031
29357,28775,P_TEST,0,GAZE_UNAWARE,802.0,535.0,true,LEFT_EYE,LOOKING_AT_EYES,723.62994,566.031,1023.62994,566.031
29390,28808,P_TEST,0,GAZE_UNAWARE,802.0,535.0,true,LEFT_EYE,LOOKING_AT_EYES,723.62994,566.031,1023.62994,566.031
29424,28842,P_TEST,0,GAZE_UNAWARE,802.0,535.0,true,LEFT_EYE,LOOKING_AT_EYES,723.62994,566.031,1023.62994,566.031
29458,28876,P_TEST,0,GAZE_UNAWARE,802.0,535.0,true,LEFT_EYE,LOOKING_AT_EYES,723.62994,566.031,1023.62994,566.031
29507,28925,P_TEST,0,GAZE_UNAWARE,802.0,535.0,true,LEFT_EYE,LOOKING_AT_EYES,723.62994,566.031,1023.62994,566.031
29541,28959,P_TEST,0,GAZE_UNAWARE,802.0,535.0,true,LEFT_EYE,LOOKING_AT_EYES,723.62994,566.031,1023.62994,566.031
29574,28992,P_TEST,0,GAZE_UNAWARE,802.0,535.0,true,LEFT_EYE,LOOKING_AT_EYES,723.62994,566.031,1023.62994,566.031
29607,29025,P_TEST,0,GAZE_UNAWARE,802.0,535.0,true,LEFT_EYE,LOOKING_AT_EYES,723.62994,566.031,1023.62994,566.031
29641,29059,P_TEST,0,GAZE_UNAWARE,802.0,535.0,true,LEFT_EYE,LOOKING_AT_EYES,723.62994,566.031,1023.62994,566.031
29691,29109,P_TEST,0,GAZE_UNAWARE,802.0,535.0,true,LEFT_EYE,LOOKING_AT_EYES,723.62994,566.031,1023.62994,566.031
29724,29142,P_TEST,0,GAZE_UNAWARE,802.0,535.0,true,LEFT_EYE,LOOKING_AT_EYES,723.62994,566.031,1023.62994,566.031
29757,29175,P_TEST,0,GAZE_UNAWARE,802.0,535.0,true,LEFT_EYE,LOOKING_AT_EYES,723.62994,566.031,1023.62994,566.031
29791,29209,P_TEST,0,GAZE_UNAWARE,802.0,535.0,true,LEFT_EYE,LOOKING_AT_EYES,723.62994,566.031,1023.62994,566.031
29824,29242,P_TEST,0,GAZE_UNAWARE,802.0,535.0,true,LEFT_EYE,LOOKING_AT_EYES,723.62994,566.031,1023.62994,566.031
29857,29275,P_TEST,0,GAZE_UNAWARE,802.0,535.0,true,LEFT_EYE,LOOKING_AT_EYES,723.62994,566.031,1023.62994,566.031
29891,29309,P_TEST,0,GAZE_UNAWARE,802.0,535.0,true,LEFT_EYE,LOOKING_AT_EYES,723.62994,566.031,1023.62994,566.031
29924,29342,P_TEST,0,GAZE_UNAWARE,802.0,535.0,true,LEFT_EYE,LOOKING_AT_EYES,723.62994,566.031,1023.62994,566.031
29958,29376,P_TEST,0,GAZE_UNAWARE,802.0,535.0,true,LEFT_EYE,LOOKING_AT_EYES,723.62994,566.031,1023.62994,566.031
29991,29409,P_TEST,0,GAZE_UNAWARE,802.0,535.0,true,LEFT_EYE,LOOKING_AT_EYES,723.62994,566.031,1023.62994,566.031
30025,29443,P_TEST,0,GAZE_UNAWARE,802.0,535.0,true,LEFT_EYE,LOOKING_AT_EYES,723.62994,566.031,1023.62994,566.031
30075,29493,P_TEST,0,GAZE_UNAWARE,802.0,535.0,true,LEFT_EYE,LOOKING_AT_EYES,723.62994,566.031,1023.62994,566.031
30108,29526,P_TEST,0,GAZE_UNAWARE,802.0,535.0,true,LEFT_EYE,LOOKING_AT_EYES,723.62994,566.031,1023.62994,566.031
30158,29576,P_TEST,0,GAZE_UNAWARE,802.0,535.0,true,LEFT_EYE,LOOKING_AT_EYES,723.62994,566.031,1023.62994,566.031
30208,29626,P_TEST,0,GAZE_UNAWARE,802.0,535.0,true,LEFT_EYE,LOOKING_AT_EYES,723.62994,566.031,1023.62994,566.031
30241,29659,P_TEST,0,GAZE_UNAWARE,802.0,535.0,true,LEFT_EYE,LOOKING_AT_EYES,723.62994,566.031,1023.62994,566.031
30274,29692,P_TEST,0,GAZE_UNAWARE,802.0,535.0,true,LEFT_EYE,LOOKING_AT_EYES,723.62994,566.031,1023.62994,566.031
30308,29726,P_TEST,0,GAZE_UNAWARE,802.0,535.0,true,LEFT_EYE,LOOKING_AT_EYES,723.62994,566.031,1023.62994,566.031
30357,29775,P_TEST,0,GAZE_UNAWARE,802.0,535.0,true,LEFT_EYE,LOOKING_AT_EYES,723.62994,566.031,1023.62994,566.031
30391,29809,P_TEST,0,GAZE_UNAWARE,802.0,535.0,true,LEFT_EYE,LOOKING_AT_EYES,723.62994,566.031,1023.62994,566.031
30424,29842,P_TEST,0,GAZE_UNAWARE,802.0,535.0,true,LEFT_EYE,LOOKING_AT_EYES,723.62994,566.031,1023.62994,566.031
30458,29876,P_TEST,0,GAZE_UNAWARE,802.0,535.0,true,LEFT_EYE,LOOKING_AT_EYES,723.62994,566.031,1023.62994,566.031
30491,29909,P_TEST,0,GAZE_UNAWARE,802.0,535.0,true,LEFT_EYE,LOOKING_AT_EYES,723.62994,566.031,1023.62994,566.031
30524,29942,P_TEST,0,GAZE_UNAWARE,802.0,535.0,true,LEFT_EYE,LOOKING_AT_EYES,723.62994,566.031,1023.62994,566.031
30557,29975,P_TEST,0,GAZE_UNAWARE,802.0,535.0,true,LEFT_EYE,LOOKING_AT_EYES,723.62994,566.031,1023.62994,566.031
30591,30009,P_TEST,0,GAZE_UNAWARE,802.0,535.0,true,LEFT_EYE,LOOKING_AT_EYES,723.62994,566.031,1023.62994,566.031
30624,30042,P_TEST,0,GAZE_UNAWARE,802.0,535.0,true,LEFT_EYE,LOOKING_AT_EYES,723.62994,566.031,1023.62994,566.031
30657,30075,P_TEST,0,GAZE_UNAWARE,802.0,535.0,true,LEFT_EYE,LOOKING_AT_EYES,723.62994,566.031,1023.62994,566.031
30691,30109,P_TEST,0,GAZE_UNAWARE,802.0,535.0,true,LEFT_EYE,LOOKING_AT_EYES,723.62994,566.031,1023.62994,566.031
30724,30142,P_TEST,0,GAZE_UNAWARE,802.0,535.0,true,LEFT_EYE,LOOKING_AT_EYES,723.62994,566.031,1023.62994,566.031
30757,30175,P_TEST,0,GAZE_UNAWARE,802.0,535.0,true,LEFT_EYE,LOOKING_AT_EYES,723.62994,566.031,1023.62994,566.031
30790,30208,P_TEST,0,GAZE_UNAWARE,802.0,535.0,true,LEFT_EYE,LOOKING_AT_EYES,728.4748,571.15295,1028.4749,571.15295
30825,30243,P_TEST,0,GAZE_UNAWARE,802.0,535.0,true,LEFT_EYE,LOOKING_AT_EYES,733.31964,576.2749,1033.3198,576.2749
30858,30276,P_TEST,0,GAZE_UNAWARE,802.0,535.0,true,LEFT_EYE,LOOKING_AT_EYES,738.1645,581.39685,1038.1648,581.39685
30908,30326,P_TEST,0,GAZE_UNAWARE,802.0,535.0,true,LEFT_EYE,LOOKING_AT_EYES,745.43176,589.0798,1045.432,589.0798
30958,30376,P_TEST,0,GAZE_UNAWARE,802.0,535.0,true,LEFT_EYE,LOOKING_AT_EYES,752.69904,596.7627,1052.6992,596.7627
30992,30410,P_TEST,0,GAZE_UNAWARE,802.0,535.0,true,LEFT_EYE,LOOKING_AT_EYES,757.5439,601.88464,1057.5441,601.88464
31041,30459,P_TEST,0,GAZE_UNAWARE,802.0,535.0,true,LEFT_EYE,LOOKING_AT_EYES,764.81116,609.56757,1064.8113,609.56757
31074,30492,P_TEST,0,GAZE_UNAWARE,802.0,535.0,true,LEFT_EYE,LOOKING_AT_EYES,769.656,614.6895,1069.656,614.6895
31107,30525,P_TEST,0,GAZE_UNAWARE,802.0,535.0,true,LEFT_EYE,LOOKING_AT_EYES,774.50085,619.81146,1074.5009,619.81146
31140,30558,P_TEST,0,GAZE_UNAWARE,802.0,535.0,true,LEFT_EYE,LOOKING_AT_EYES,779.3457,624.9334,1079.3457,624.9335
31174,30592,P_TEST,0,GAZE_UNAWARE,802.0,535.0,true,LEFT_EYE,LOOKING_AT_EYES,782.6421,628.4184,1082.6421,628.4184
31208,30626,P_TEST,0,GAZE_UNAWARE,802.0,535.0,true,LEFT_EYE,LOOKING_AT_EYES,782.6421,628.4184,1082.6421,628.4184
31241,30659,P_TEST,0,GAZE_UNAWARE,802.0,535.0,true,LEFT_EYE,LOOKING_AT_EYES,782.6421,628.4184,1082.6421,628.4184
31291,30709,P_TEST,0,GAZE_UNAWARE,802.0,535.0,true,LEFT_EYE,LOOKING_AT_EYES,782.6421,628.4184,1082.6421,628.4184
31324,30742,P_TEST,0,GAZE_UNAWARE,802.0,535.0,true,LEFT_EYE,LOOKING_AT_EYES,782.6421,628.4184,1082.6421,628.4184
31357,30775,P_TEST,0,GAZE_UNAWARE,802.0,535.0,true,LEFT_EYE,LOOKING_AT_EYES,782.6421,628.4184,1082.6421,628.4184
31391,30809,P_TEST,0,GAZE_UNAWARE,802.0,535.0,true,LEFT_EYE,LOOKING_AT_EYES,782.6421,628.4184,1082.6421,628.4184
31424,30842,P_TEST,0,GAZE_UNAWARE,802.0,535.0,true,LEFT_EYE,LOOKING_AT_EYES,782.6421,628.4184,1082.6421,628.4184
31457,30875,P_TEST,0,GAZE_UNAWARE,802.0,535.0,true,LEFT_EYE,LOOKING_AT_EYES,782.6421,628.4184,1082.6421,628.4184
31491,30909,P_TEST,0,GAZE_UNAWARE,802.0,535.0,true,LEFT_EYE,LOOKING_AT_EYES,782.6421,628.4184,1082.6421,628.4184
31524,30942,P_TEST,0,GAZE_UNAWARE,802.0,535.0,true,LEFT_EYE,LOOKING_AT_EYES,782.6421,628.4184,1082.6421,628.4184
31558,30976,P_TEST,0,GAZE_UNAWARE,802.0,535.0,true,LEFT_EYE,LOOKING_AT_EYES,782.6421,628.4184,1082.6421,628.4184
31591,31009,P_TEST,0,GAZE_UNAWARE,802.0,535.0,true,LEFT_EYE,LOOKING_AT_EYES,782.6421,628.4184,1082.6421,628.4184
31624,31042,P_TEST,0,GAZE_UNAWARE,802.0,535.0,true,LEFT_EYE,LOOKING_AT_EYES,782.6421,628.4184,1082.6421,628.4184
31657,31075,P_TEST,0,GAZE_UNAWARE,802.0,535.0,true,LEFT_EYE,LOOKING_AT_EYES,782.6421,628.4184,1082.6421,628.4184
31691,31109,P_TEST,0,GAZE_UNAWARE,802.0,535.0,true,LEFT_EYE,LOOKING_AT_EYES,782.6421,628.4184,1082.6421,628.4184
31724,31142,P_TEST,0,GAZE_UNAWARE,802.0,535.0,true,LEFT_EYE,LOOKING_AT_EYES,782.6421,628.4184,1082.6421,628.4184
31758,31176,P_TEST,0,GAZE_UNAWARE,802.0,535.0,true,LEFT_EYE,LOOKING_AT_EYES,782.6421,628.4184,1082.6421,628.4184
31791,31209,P_TEST,0,GAZE_UNAWARE,802.0,535.0,true,LEFT_EYE,LOOKING_AT_EYES,782.6421,628.4184,1082.6421,628.4184
31840,31258,P_TEST,0,GAZE_UNAWARE,802.0,535.0,true,LEFT_EYE,LOOKING_AT_EYES,782.6421,628.4184,1082.6421,628.4184
31874,31292,P_TEST,0,GAZE_UNAWARE,802.0,535.0,true,LEFT_EYE,LOOKING_AT_EYES,782.6421,628.4184,1082.6421,628.4184
31907,31325,P_TEST,0,GAZE_UNAWARE,802.0,535.0,true,LEFT_EYE,LOOKING_AT_EYES,782.6421,628.4184,1082.6421,628.4184
31940,31358,P_TEST,0,GAZE_UNAWARE,802.0,535.0,true,LEFT_EYE,LOOKING_AT_EYES,782.6421,628.4184,1082.6421,628.4184
31975,31393,P_TEST,0,GAZE_UNAWARE,802.0,535.0,true,LEFT_EYE,LOOKING_AT_EYES,782.6421,628.4184,1082.6421,628.4184
32008,31426,P_TEST,0,GAZE_UNAWARE,802.0,535.0,true,LEFT_EYE,LOOKING_AT_EYES,782.6421,628.4184,1082.6421,628.4184
32041,31459,P_TEST,0,GAZE_UNAWARE,802.0,535.0,true,LEFT_EYE,LOOKING_AT_EYES,782.6421,628.4184,1082.6421,628.4184
32074,31492,P_TEST,0,GAZE_UNAWARE,802.0,535.0,true,LEFT_EYE,LOOKING_AT_EYES,782.6421,628.4184,1082.6421,628.4184
32107,31525,P_TEST,0,GAZE_UNAWARE,802.0,535.0,true,LEFT_EYE,LOOKING_AT_EYES,782.6421,628.4184,1082.6421,628.4184
32140,31558,P_TEST,0,GAZE_UNAWARE,802.0,535.0,true,LEFT_EYE,LOOKING_AT_EYES,782.6421,628.4184,1082.6421,628.4184
32173,31591,P_TEST,0,GAZE_UNAWARE,802.0,535.0,true,LEFT_EYE,LOOKING_AT_EYES,782.6421,628.4184,1082.6421,628.4184
32208,31626,P_TEST,0,GAZE_UNAWARE,802.0,535.0,true,LEFT_EYE,LOOKING_AT_EYES,782.6421,628.4184,1082.6421,628.4184
32241,31659,P_TEST,0,GAZE_UNAWARE,802.0,535.0,true,LEFT_EYE,LOOKING_AT_EYES,782.6421,628.4184,1082.6421,628.4184
32275,31693,P_TEST,0,GAZE_UNAWARE,802.0,535.0,true,LEFT_EYE,LOOKING_AT_EYES,782.6421,628.4184,1082.6421,628.4184
32325,31743,P_TEST,0,GAZE_UNAWARE,802.0,535.0,true,LEFT_EYE,LOOKING_AT_EYES,782.6421,628.4184,1082.6421,628.4184
32358,31776,P_TEST,0,GAZE_UNAWARE,802.0,535.0,true,LEFT_EYE,LOOKING_AT_EYES,782.6421,628.4184,1082.6421,628.4184
32392,31810,P_TEST,0,GAZE_UNAWARE,802.0,535.0,true,LEFT_EYE,LOOKING_AT_EYES,782.6421,628.4184,1082.6421,628.4184
32425,31843,P_TEST,0,GAZE_UNAWARE,802.0,535.0,true,LEFT_EYE,LOOKING_AT_EYES,782.6421,628.4184,1082.6421,628.4184
32474,31892,P_TEST,0,GAZE_UNAWARE,802.0,535.0,true,LEFT_EYE,LOOKING_AT_EYES,782.6421,628.4184,1082.6421,628.4184
32508,31926,P_TEST,0,GAZE_UNAWARE,802.0,535.0,true,LEFT_EYE,LOOKING_AT_EYES,782.6421,628.4184,1082.6421,628.4184
32541,31959,P_TEST,0,GAZE_UNAWARE,802.0,535.0,true,LEFT_EYE,LOOKING_AT_EYES,782.6421,628.4184,1082.6421,628.4184
32575,31993,P_TEST,0,GAZE_UNAWARE,802.0,535.0,true,LEFT_EYE,LOOKING_AT_EYES,782.6421,628.4184,1082.6421,628.4184
32624,32042,P_TEST,0,GAZE_UNAWARE,802.0,535.0,true,LEFT_EYE,LOOKING_AT_EYES,782.6421,628.4184,1082.6421,628.4184
32658,32076,P_TEST,0,GAZE_UNAWARE,802.0,535.0,true,LEFT_EYE,LOOKING_AT_EYES,782.6421,628.4184,1082.6421,628.4184
32691,32109,P_TEST,0,GAZE_UNAWARE,802.0,535.0,true,LEFT_EYE,LOOKING_AT_EYES,782.6421,628.4184,1082.6421,628.4184
32725,32143,P_TEST,0,GAZE_UNAWARE,802.0,535.0,true,LEFT_EYE,LOOKING_AT_EYES,782.6421,628.4184,1082.6421,628.4184
32775,32193,P_TEST,0,GAZE_UNAWARE,802.0,535.0,true,LEFT_EYE,LOOKING_AT_EYES,782.6421,628.4184,1082.6421,628.4184
32808,32226,P_TEST,0,GAZE_UNAWARE,802.0,535.0,true,LEFT_EYE,LOOKING_AT_EYES,782.6421,628.4184,1082.6421,628.4184
32841,32259,P_TEST,0,GAZE_UNAWARE,802.0,535.0,true,LEFT_EYE,LOOKING_AT_EYES,782.6421,628.4184,1082.6421,628.4184
32891,32309,P_TEST,0,GAZE_UNAWARE,802.0,535.0,true,LEFT_EYE,LOOKING_AT_EYES,782.6421,628.4184,1082.6421,628.4184
32924,32342,P_TEST,0,GAZE_UNAWARE,802.0,535.0,true,LEFT_EYE,LOOKING_AT_EYES,782.6421,628.4184,1082.6421,628.4184
32957,32375,P_TEST,0,GAZE_UNAWARE,802.0,535.0,true,LEFT_EYE,LOOKING_AT_EYES,782.6421,628.4184,1082.6421,628.4184
32990,32408,P_TEST,0,GAZE_UNAWARE,802.0,535.0,true,LEFT_EYE,LOOKING_AT_EYES,782.6421,628.4184,1082.6421,628.4184
33023,32441,P_TEST,0,GAZE_UNAWARE,802.0,535.0,true,LEFT_EYE,LOOKING_AT_EYES,782.6421,628.4184,1082.6421,628.4184
33058,32476,P_TEST,0,GAZE_UNAWARE,802.0,535.0,true,LEFT_EYE,LOOKING_AT_EYES,784.5349,626.7361,1084.5349,626.7361
33091,32509,P_TEST,0,GAZE_UNAWARE,802.0,535.0,true,LEFT_EYE,LOOKING_AT_EYES,788.32056,623.37146,1088.3206,623.37146
33124,32542,P_TEST,0,GAZE_UNAWARE,802.0,535.0,true,LEFT_EYE,LOOKING_AT_EYES,792.1062,620.00684,1092.1062,620.00684
33158,32576,P_TEST,0,GAZE_UNAWARE,802.0,535.0,true,LEFT_EYE,LOOKING_AT_EYES,795.89185,616.6422,1095.8918,616.6422
33211,32629,P_TEST,0,GAZE_UNAWARE,802.0,535.0,true,LEFT_EYE,LOOKING_AT_EYES,801.5703,611.5953,1101.5703,611.5953
33245,32663,P_TEST,0,GAZE_UNAWARE,802.0,535.0,true,LEFT_EYE,LOOKING_AT_EYES,805.35596,608.23065,1105.356,608.23065
33279,32697,P_TEST,0,GAZE_UNAWARE,802.0,535.0,true,LEFT_EYE,LOOKING_AT_EYES,809.1416,604.866,1109.1416,604.866
33312,32730,P_TEST,0,GAZE_UNAWARE,802.0,535.0,true,LEFT_EYE,LOOKING_AT_EYES,812.92725,601.5014,1112.9272,601.5014
33347,32765,P_TEST,0,GAZE_UNAWARE,802.0,535.0,true,LEFT_EYE,LOOKING_AT_EYES,816.7129,598.1368,1116.7129,598.1367
33397,32815,P_TEST,0,GAZE_UNAWARE,802.0,535.0,true,LEFT_EYE,LOOKING_AT_EYES,822.39124,593.0897,1122.3914,593.0896
33447,32866,P_TEST,0,GAZE_UNAWARE,802.0,535.0,true,LEFT_EYE,LOOKING_AT_EYES,828.06964,588.0427,1128.0698,588.0425
33495,32913,P_TEST,0,GAZE_UNAWARE,802.0,535.0,true,LEFT_EYE,LOOKING_AT_EYES,833.748,582.99567,1133.7483,582.99536
33528,32946,P_TEST,0,GAZE_UNAWARE,802.0,535.0,true,LEFT_EYE,LOOKING_AT_EYES,837.53357,579.631,1137.5339,579.6306
33563,32981,P_TEST,0,GAZE_UNAWARE,802.0,535.0,true,LEFT_EYE,LOOKING_AT_EYES,841.31915,576.2663,1141.3196,576.26587
33597,33015,P_TEST,0,GAZE_UNAWARE,802.0,535.0,true,LEFT_EYE,LOOKING_AT_EYES,845.10474,572.9016,1145.1052,572.9012
33630,33048,P_TEST,0,GAZE_UNAWARE,802.0,535.0,true,LEFT_EYE,LOOKING_AT_EYES,848.8903,569.5369,1148.8909,569.53644
33663,33081,P_TEST,0,GAZE_UNAWARE,802.0,535.0,true,LEFT_EYE,LOOKING_AT_EYES,852.6759,566.17224,1152.6765,566.1717
33697,33115,P_TEST,0,GAZE_UNAWARE,802.0,535.0,true,LEFT_EYE,LOOKING_AT_EYES,856.4615,562.80756,1156.4622,562.80695
33730,33148,P_TEST,0,GAZE_UNAWARE,802.0,535.0,true,LEFT_EYE,LOOKING_AT_EYES,860.2471,559.4429,1160.2478,559.4422
33763,33181,P_TEST,0,GAZE_UNAWARE,802.0,535.0,true,LEFT_EYE,LOOKING_AT_EYES,864.03265,556.0782,1164.0334,556.07745
33797,33215,P_TEST,0,GAZE_UNAWARE,802.0,535.0,true,LEFT_EYE,LOOKING_AT_EYES,864.3201,555.8227,1164.3201,555.8227
33847,33265,P_TEST,0,GAZE_UNAWARE,802.0,535.0,true,LEFT_EYE,LOOKING_AT_EYES,864.3201,555.8227,1164.3201,555.8227
33881,33299,P_TEST,0,GAZE_UNAWARE,802.0,535.0,true,LEFT_EYE,LOOKING_AT_EYES,864.3201,555.8227,1164.3201,555.8227
33930,33348,P_TEST,0,GAZE_UNAWARE,802.0,535.0,true,LEFT_EYE,LOOKING_AT_EYES,864.3201,555.8227,1164.3201,555.8227
33963,33381,P_TEST,0,GAZE_UNAWARE,802.0,535.0,true,LEFT_EYE,LOOKING_AT_EYES,864.3201,555.8227,1164.3201,555.8227
34012,33430,P_TEST,0,GAZE_UNAWARE,802.0,535.0,true,LEFT_EYE,LOOKING_AT_EYES,864.3201,555.8227,1164.3201,555.8227
34045,33463,P_TEST,0,GAZE_UNAWARE,802.0,535.0,true,LEFT_EYE,LOOKING_AT_EYES,864.3201,555.8227,1164.3201,555.8227
34080,33498,P_TEST,0,GAZE_UNAWARE,802.0,535.0,true,LEFT_EYE,LOOKING_AT_EYES,864.3201,555.8227,1164.3201,555.8227
34113,33531,P_TEST,0,GAZE_UNAWARE,802.0,535.0,true,LEFT_EYE,LOOKING_AT_EYES,864.3201,555.8227,1164.3201,555.8227
34146,33564,P_TEST,0,GAZE_UNAWARE,802.0,535.0,true,LEFT_EYE,LOOKING_AT_EYES,864.3201,555.8227,1164.3201,555.8227
34180,33598,P_TEST,0,GAZE_UNAWARE,802.0,535.0,true,LEFT_EYE,LOOKING_AT_EYES,864.3201,555.8227,1164.3201,555.8227
34230,33648,P_TEST,0,GAZE_UNAWARE,802.0,535.0,true,LEFT_EYE,LOOKING_AT_EYES,864.3201,555.8227,1164.3201,555.8227
34263,33681,P_TEST,0,GAZE_UNAWARE,802.0,535.0,true,LEFT_EYE,LOOKING_AT_EYES,864.3201,555.8227,1164.3201,555.8227
34297,33715,P_TEST,0,GAZE_UNAWARE,802.0,535.0,true,LEFT_EYE,LOOKING_AT_EYES,864.3201,555.8227,1164.3201,555.8227
34330,33748,P_TEST,0,GAZE_UNAWARE,802.0,535.0,true,LEFT_EYE,LOOKING_AT_EYES,864.3201,555.8227,1164.3201,555.8227
34363,33781,P_TEST,0,GAZE_UNAWARE,802.0,535.0,true,LEFT_EYE,LOOKING_AT_EYES,864.3201,555.8227,1164.3201,555.8227
34396,33814,P_TEST,0,GAZE_UNAWARE,802.0,535.0,true,LEFT_EYE,LOOKING_AT_EYES,864.3201,555.8227,1164.3201,555.8227
34429,33847,P_TEST,0,GAZE_UNAWARE,802.0,535.0,true,LEFT_EYE,LOOKING_AT_EYES,864.3201,555.8227,1164.3201,555.8227
34462,33880,P_TEST,0,GAZE_UNAWARE,802.0,535.0,true,LEFT_EYE,LOOKING_AT_EYES,864.3201,555.8227,1164.3201,555.8227
34497,33915,P_TEST,0,GAZE_UNAWARE,802.0,535.0,true,LEFT_EYE,LOOKING_AT_EYES,864.3201,555.8227,1164.3201,555.8227
34530,33948,P_TEST,0,GAZE_UNAWARE,802.0,535.0,true,LEFT_EYE,LOOKING_AT_EYES,864.3201,555.8227,1164.3201,555.8227
34563,33981,P_TEST,0,GAZE_UNAWARE,802.0,535.0,true,LEFT_EYE,LOOKING_AT_EYES,864.3201,555.8227,1164.3201,555.8227
34597,34015,P_TEST,0,GAZE_UNAWARE,802.0,535.0,true,LEFT_EYE,LOOKING_AT_EYES,864.3201,555.8227,1164.3201,555.8227
34646,34064,P_TEST,0,GAZE_UNAWARE,802.0,535.0,true,LEFT_EYE,LOOKING_AT_EYES,864.3201,555.8227,1164.3201,555.8227
34679,34097,P_TEST,0,GAZE_UNAWARE,802.0,535.0,true,LEFT_EYE,LOOKING_AT_EYES,864.3201,555.8227,1164.3201,555.8227
34713,34131,P_TEST,0,GAZE_UNAWARE,802.0,535.0,true,LEFT_EYE,LOOKING_AT_EYES,864.3201,555.8227,1164.3201,555.8227
34746,34164,P_TEST,0,GAZE_UNAWARE,802.0,535.0,true,LEFT_EYE,LOOKING_AT_EYES,864.3201,555.8227,1164.3201,555.8227
34780,34198,P_TEST,0,GAZE_UNAWARE,802.0,535.0,true,LEFT_EYE,LOOKING_AT_EYES,864.3201,555.8227,1164.3201,555.8227
34813,34231,P_TEST,0,GAZE_UNAWARE,802.0,535.0,true,LEFT_EYE,LOOKING_AT_EYES,864.3201,555.8227,1164.3201,555.8227
34846,34264,P_TEST,0,GAZE_UNAWARE,802.0,535.0,true,LEFT_EYE,LOOKING_AT_EYES,864.3201,555.8227,1164.3201,555.8227
34880,34298,P_TEST,0,GAZE_UNAWARE,802.0,535.0,true,LEFT_EYE,LOOKING_AT_EYES,864.3201,555.8227,1164.3201,555.8227
34914,34332,P_TEST,0,GAZE_UNAWARE,802.0,535.0,true,LEFT_EYE,LOOKING_AT_EYES,864.3201,555.8227,1164.3201,555.8227
34962,34380,P_TEST,0,GAZE_UNAWARE,802.0,535.0,true,LEFT_EYE,LOOKING_AT_EYES,864.3201,555.8227,1164.3201,555.8227
34996,34414,P_TEST,0,GAZE_UNAWARE,802.0,535.0,true,LEFT_EYE,LOOKING_AT_EYES,864.3201,555.8227,1164.3201,555.8227
35030,34448,P_TEST,0,GAZE_UNAWARE,802.0,535.0,true,LEFT_EYE,LOOKING_AT_EYES,864.3201,555.8227,1164.3201,555.8227
35080,34498,P_TEST,0,GAZE_UNAWARE,802.0,535.0,true,LEFT_EYE,LOOKING_AT_EYES,864.3201,555.8227,1164.3201,555.8227
35113,34531,P_TEST,0,GAZE_UNAWARE,802.0,535.0,true,LEFT_EYE,LOOKING_AT_EYES,864.3201,555.8227,1164.3201,555.8227
35147,34565,P_TEST,0,GAZE_UNAWARE,802.0,535.0,true,LEFT_EYE,LOOKING_AT_EYES,864.3201,555.8227,1164.3201,555.8227
35196,34614,P_TEST,0,GAZE_UNAWARE,802.0,535.0,true,LEFT_EYE,LOOKING_AT_EYES,864.3201,555.8227,1164.3201,555.8227
35229,34647,P_TEST,0,GAZE_UNAWARE,802.0,535.0,true,LEFT_EYE,LOOKING_AT_EYES,864.3201,555.8227,1164.3201,555.8227
35264,34682,P_TEST,0,GAZE_UNAWARE,802.0,535.0,true,LEFT_EYE,LOOKING_AT_EYES,864.3201,555.8227,1164.3201,555.8227
35297,34715,P_TEST,0,GAZE_UNAWARE,802.0,535.0,true,LEFT_EYE,LOOKING_AT_EYES,864.3201,555.8227,1164.3201,555.8227
35346,34764,P_TEST,0,GAZE_UNAWARE,802.0,535.0,true,LEFT_EYE,LOOKING_AT_EYES,864.3201,555.8227,1164.3201,555.8227
35380,34798,P_TEST,0,GAZE_UNAWARE,802.0,535.0,true,LEFT_EYE,LOOKING_AT_EYES,864.3201,555.8227,1164.3201,555.8227
35428,34846,P_TEST,0,GAZE_UNAWARE,802.0,535.0,true,LEFT_EYE,LOOKING_AT_EYES,864.3201,555.8227,1164.3201,555.8227
35462,34880,P_TEST,0,GAZE_UNAWARE,802.0,535.0,true,LEFT_EYE,LOOKING_AT_EYES,864.3201,555.8227,1164.3201,555.8227
35495,34913,P_TEST,0,GAZE_UNAWARE,802.0,535.0,true,LEFT_EYE,LOOKING_AT_EYES,864.3201,555.8227,1164.3201,555.8227
35531,34949,P_TEST,0,GAZE_UNAWARE,802.0,535.0,true,LEFT_EYE,LOOKING_AT_EYES,864.3201,555.8227,1164.3201,555.8227
35579,34997,P_TEST,0,GAZE_UNAWARE,802.0,535.0,true,LEFT_EYE,LOOKING_AT_EYES,864.3201,555.8227,1164.3201,555.8227
35612,35030,P_TEST,0,GAZE_UNAWARE,802.0,535.0,true,LEFT_EYE,LOOKING_AT_EYES,864.3201,555.8227,1164.3201,555.8227
35645,35063,P_TEST,0,GAZE_UNAWARE,802.0,535.0,true,LEFT_EYE,LOOKING_AT_EYES,864.3201,555.8227,1164.3201,555.8227
35678,35096,P_TEST,0,GAZE_UNAWARE,802.0,535.0,true,LEFT_EYE,LOOKING_AT_EYES,864.3201,555.8227,1164.3201,555.8227
35714,35132,P_TEST,0,GAZE_UNAWARE,802.0,535.0,true,LEFT_EYE,LOOKING_AT_EYES,864.3201,555.8227,1164.3201,555.8227
35763,35181,P_TEST,0,GAZE_UNAWARE,802.0,535.0,true,LEFT_EYE,LOOKING_AT_EYES,864.3201,555.8227,1164.3201,555.8227
35797,35215,P_TEST,0,GAZE_UNAWARE,802.0,535.0,true,LEFT_EYE,LOOKING_AT_EYES,864.3201,555.8227,1164.3201,555.8227
35830,35248,P_TEST,0,GAZE_UNAWARE,802.0,535.0,true,LEFT_EYE,LOOKING_AT_EYES,864.3201,555.8227,1164.3201,555.8227
35880,35298,P_TEST,0,GAZE_UNAWARE,802.0,535.0,true,LEFT_EYE,LOOKING_AT_EYES,864.3201,555.8227,1164.3201,555.8227
35914,35332,P_TEST,0,GAZE_UNAWARE,802.0,535.0,true,LEFT_EYE,LOOKING_AT_EYES,864.3201,555.8227,1164.3201,555.8227
35947,35365,P_TEST,0,GAZE_UNAWARE,802.0,535.0,true,LEFT_EYE,LOOKING_AT_EYES,864.3201,555.8227,1164.3201,555.8227
35980,35398,P_TEST,0,GAZE_UNAWARE,802.0,535.0,true,LEFT_EYE,LOOKING_AT_EYES,864.3201,555.8227,1164.3201,555.8227
36013,35431,P_TEST,0,GAZE_UNAWARE,802.0,535.0,true,LEFT_EYE,LOOKING_AT_EYES,864.3201,555.8227,1164.3201,555.8227
36047,35465,P_TEST,0,GAZE_UNAWARE,802.0,535.0,true,LEFT_EYE,LOOKING_AT_EYES,864.3201,555.8227,1164.3201,555.8227
36096,35514,P_TEST,0,GAZE_UNAWARE,802.0,535.0,true,LEFT_EYE,LOOKING_AT_EYES,864.3201,555.8227,1164.3201,555.8227
36129,35547,P_TEST,0,GAZE_UNAWARE,802.0,535.0,true,LEFT_EYE,LOOKING_AT_EYES,864.3201,555.8227,1164.3201,555.8227
36163,35581,P_TEST,0,GAZE_UNAWARE,802.0,535.0,true,LEFT_EYE,LOOKING_AT_EYES,864.3201,555.8227,1164.3201,555.8227
36197,35615,P_TEST,0,GAZE_UNAWARE,802.0,535.0,true,LEFT_EYE,LOOKING_AT_EYES,864.3201,555.8227,1164.3201,555.8227
36230,35648,P_TEST,0,GAZE_UNAWARE,802.0,535.0,true,LEFT_EYE,LOOKING_AT_EYES,864.3201,555.8227,1164.3201,555.8227
36263,35681,P_TEST,0,GAZE_UNAWARE,802.0,535.0,true,LEFT_EYE,LOOKING_AT_EYES,864.3201,555.8227,1164.3201,555.8227
36312,35730,P_TEST,0,GAZE_UNAWARE,802.0,535.0,true,LEFT_EYE,LOOKING_AT_EYES,864.3201,555.8227,1164.3201,555.8227
36346,35764,P_TEST,0,GAZE_UNAWARE,802.0,535.0,true,LEFT_EYE,LOOKING_AT_EYES,864.3201,555.8227,1164.3201,555.8227
36379,35797,P_TEST,0,GAZE_UNAWARE,802.0,535.0,true,LEFT_EYE,LOOKING_AT_EYES,866.75354,554.7888,1166.7534,554.7889
36412,35830,P_TEST,0,GAZE_UNAWARE,802.0,535.0,true,LEFT_EYE,LOOKING_AT_EYES,871.62036,552.72107,1171.6201,552.7212
36446,35864,P_TEST,0,GAZE_UNAWARE,802.0,535.0,true,LEFT_EYE,LOOKING_AT_EYES,876.4872,550.6534,1176.4868,550.65356
36479,35897,P_TEST,0,GAZE_UNAWARE,802.0,535.0,true,LEFT_EYE,LOOKING_AT_EYES,881.354,548.5857,1181.3535,548.5859
36514,35932,P_TEST,0,GAZE_UNAWARE,802.0,535.0,true,LEFT_EYE,LOOKING_AT_EYES,886.2208,546.518,1186.2202,546.51825
36547,35965,P_TEST,0,GAZE_UNAWARE,802.0,535.0,true,LEFT_EYE,LOOKING_AT_EYES,891.08765,544.45026,1191.0869,544.45056
36597,36015,P_TEST,0,GAZE_UNAWARE,802.0,535.0,true,LEFT_EYE,LOOKING_AT_EYES,897.49506,541.728,1197.4951,541.728
36647,36065,P_TEST,0,GAZE_UNAWARE,802.0,535.0,true,LEFT_EYE,LOOKING_AT_EYES,897.49506,541.728,1197.4951,541.728
36680,36098,P_TEST,0,GAZE_UNAWARE,802.0,535.0,true,LEFT_EYE,LOOKING_AT_EYES,897.49506,541.728,1197.4951,541.728
36728,36146,P_TEST,0,GAZE_UNAWARE,802.0,535.0,true,LEFT_EYE,LOOKING_AT_EYES,897.49506,541.728,1197.4951,541.728
36762,36180,P_TEST,0,GAZE_UNAWARE,802.0,535.0,true,LEFT_EYE,LOOKING_AT_EYES,897.49506,541.728,1197.4951,541.728
36795,36213,P_TEST,0,GAZE_UNAWARE,802.0,535.0,true,LEFT_EYE,LOOKING_AT_EYES,897.49506,541.728,1197.4951,541.728
36830,36248,P_TEST,0,GAZE_UNAWARE,802.0,535.0,true,LEFT_EYE,LOOKING_AT_EYES,897.49506,541.728,1197.4951,541.728
36880,36298,P_TEST,0,GAZE_UNAWARE,802.0,535.0,true,LEFT_EYE,LOOKING_AT_EYES,897.49506,541.728,1197.4951,541.728
36913,36331,P_TEST,0,GAZE_UNAWARE,802.0,535.0,true,LEFT_EYE,LOOKING_AT_EYES,897.49506,541.728,1197.4951,541.728
36947,36365,P_TEST,0,GAZE_UNAWARE,802.0,535.0,true,LEFT_EYE,LOOKING_AT_EYES,897.49506,541.728,1197.4951,541.728
36997,36415,P_TEST,0,GAZE_UNAWARE,802.0,535.0,true,LEFT_EYE,LOOKING_AT_EYES,897.49506,541.728,1197.4951,541.728
37030,36448,P_TEST,0,GAZE_UNAWARE,802.0,535.0,true,LEFT_EYE,LOOKING_AT_EYES,897.49506,541.728,1197.4951,541.728
37063,36481,P_TEST,0,GAZE_UNAWARE,802.0,535.0,true,LEFT_EYE,LOOKING_AT_EYES,897.49506,541.728,1197.4951,541.728
37096,36514,P_TEST,0,GAZE_UNAWARE,802.0,535.0,true,LEFT_EYE,LOOKING_AT_EYES,897.49506,541.728,1197.4951,541.728
37129,36547,P_TEST,0,GAZE_UNAWARE,802.0,535.0,true,LEFT_EYE,LOOKING_AT_EYES,897.49506,541.728,1197.4951,541.728
37163,36581,P_TEST,0,GAZE_UNAWARE,802.0,535.0,true,LEFT_EYE,LOOKING_AT_EYES,897.49506,541.728,1197.4951,541.728
37196,36614,P_TEST,0,GAZE_UNAWARE,802.0,535.0,true,LEFT_EYE,LOOKING_AT_EYES,897.49506,541.728,1197.4951,541.728
37229,36647,P_TEST,0,GAZE_UNAWARE,802.0,535.0,true,LEFT_EYE,LOOKING_AT_EYES,897.49506,541.728,1197.4951,541.728
37262,36680,P_TEST,0,GAZE_UNAWARE,802.0,535.0,true,LEFT_EYE,LOOKING_AT_EYES,897.49506,541.728,1197.4951,541.728
37296,36714,P_TEST,0,GAZE_UNAWARE,802.0,535.0,true,LEFT_EYE,LOOKING_AT_EYES,897.49506,541.728,1197.4951,541.728
37330,36748,P_TEST,0,GAZE_UNAWARE,802.0,535.0,true,LEFT_EYE,LOOKING_AT_EYES,897.49506,541.728,1197.4951,541.728
37364,36782,P_TEST,0,GAZE_UNAWARE,802.0,535.0,true,LEFT_EYE,LOOKING_AT_EYES,897.49506,541.728,1197.4951,541.728
37398,36816,P_TEST,0,GAZE_UNAWARE,802.0,535.0,true,LEFT_EYE,LOOKING_AT_EYES,897.49506,541.728,1197.4951,541.728
37446,36864,P_TEST,0,GAZE_UNAWARE,802.0,535.0,true,LEFT_EYE,LOOKING_AT_EYES,897.49506,541.728,1197.4951,541.728
37480,36898,P_TEST,0,GAZE_UNAWARE,802.0,535.0,true,LEFT_EYE,LOOKING_AT_EYES,897.49506,541.728,1197.4951,541.728
37514,36932,P_TEST,0,GAZE_UNAWARE,802.0,535.0,true,LEFT_EYE,LOOKING_AT_EYES,897.49506,541.728,1197.4951,541.728
37548,36966,P_TEST,0,GAZE_UNAWARE,802.0,535.0,true,LEFT_EYE,LOOKING_AT_EYES,897.49506,541.728,1197.4951,541.728
37597,37015,P_TEST,0,GAZE_UNAWARE,802.0,535.0,true,LEFT_EYE,LOOKING_AT_EYES,894.1076,548.2986,1194.1077,548.2986
37631,37049,P_TEST,0,GAZE_UNAWARE,802.0,535.0,true,LEFT_EYE,LOOKING_AT_EYES,890.7202,554.86914,1190.7202,554.86914
37680,37098,P_TEST,0,GAZE_UNAWARE,802.0,535.0,true,LEFT_EYE,LOOKING_AT_EYES,887.21576,561.6668,1187.2158,561.6668
37730,37148,P_TEST,0,GAZE_UNAWARE,802.0,535.0,true,LEFT_EYE,LOOKING_AT_EYES,887.21576,561.6668,1187.2158,561.6668
37778,37196,P_TEST,0,GAZE_UNAWARE,802.0,535.0,true,LEFT_EYE,LOOKING_AT_EYES,887.21576,561.6668,1187.2158,561.6668
37812,37230,P_TEST,0,GAZE_UNAWARE,802.0,535.0,true,LEFT_EYE,LOOKING_AT_EYES,887.21576,561.6668,1187.2158,561.6668
37847,37265,P_TEST,0,GAZE_UNAWARE,802.0,535.0,true,LEFT_EYE,LOOKING_AT_EYES,887.21576,561.6668,1187.2158,561.6668
37898,37316,P_TEST,0,GAZE_UNAWARE,802.0,535.0,true,LEFT_EYE,LOOKING_AT_EYES,887.21576,561.6668,1187.2158,561.6668
37945,37363,P_TEST,0,GAZE_UNAWARE,802.0,535.0,true,LEFT_EYE,LOOKING_AT_EYES,887.21576,561.6668,1187.2158,561.6668
37978,37396,P_TEST,0,GAZE_UNAWARE,802.0,535.0,true,LEFT_EYE,LOOKING_AT_EYES,887.21576,561.6668,1187.2158,561.6668
38019,37437,P_TEST,0,GAZE_UNAWARE,802.0,535.0,true,LEFT_EYE,LOOKING_AT_EYES,887.21576,561.6668,1187.2158,561.6668
38060,37478,P_TEST,0,GAZE_UNAWARE,802.0,535.0,true,LEFT_EYE,LOOKING_AT_EYES,887.21576,561.6668,1187.2158,561.6668
38119,37537,P_TEST,0,GAZE_UNAWARE,802.0,535.0,true,LEFT_EYE,LOOKING_AT_EYES,887.21576,561.6668,1187.2158,561.6668
38158,37576,P_TEST,0,GAZE_UNAWARE,802.0,535.0,true,LEFT_EYE,LOOKING_AT_EYES,887.21576,561.6668,1187.2158,561.6668
38194,37612,P_TEST,0,GAZE_UNAWARE,802.0,535.0,true,LEFT_EYE,LOOKING_AT_EYES,887.21576,561.6668,1187.2158,561.6668
38228,37646,P_TEST,0,GAZE_UNAWARE,802.0,535.0,true,LEFT_EYE,LOOKING_AT_EYES,887.21576,561.6668,1187.2158,561.6668
38261,37679,P_TEST,0,GAZE_UNAWARE,802.0,535.0,true,LEFT_EYE,LOOKING_AT_EYES,887.21576,561.6668,1187.2158,561.6668
38295,37713,P_TEST,0,GAZE_UNAWARE,802.0,535.0,true,LEFT_EYE,LOOKING_AT_EYES,887.21576,561.6668,1187.2158,561.6668
38344,37762,P_TEST,0,GAZE_UNAWARE,802.0,535.0,true,LEFT_EYE,LOOKING_AT_EYES,887.21576,561.6668,1187.2158,561.6668
38377,37795,P_TEST,0,GAZE_UNAWARE,802.0,535.0,true,LEFT_EYE,LOOKING_AT_EYES,887.21576,561.6668,1187.2158,561.6668
38411,37829,P_TEST,0,GAZE_UNAWARE,802.0,535.0,true,LEFT_EYE,LOOKING_AT_EYES,887.21576,561.6668,1187.2158,561.6668
38461,37879,P_TEST,0,GAZE_UNAWARE,802.0,535.0,true,LEFT_EYE,LOOKING_AT_EYES,887.21576,561.6668,1187.2158,561.6668
38494,37912,P_TEST,0,GAZE_UNAWARE,802.0,535.0,true,LEFT_EYE,LOOKING_AT_EYES,887.21576,561.6668,1187.2158,561.6668
38528,37946,P_TEST,0,GAZE_UNAWARE,802.0,535.0,true,LEFT_EYE,LOOKING_AT_EYES,887.21576,561.6668,1187.2158,561.6668
38578,37996,P_TEST,0,GAZE_UNAWARE,802.0,535.0,true,LEFT_EYE,LOOKING_AT_EYES,887.21576,561.6668,1187.2158,561.6668
38611,38029,P_TEST,0,GAZE_UNAWARE,802.0,535.0,true,LEFT_EYE,LOOKING_AT_EYES,887.21576,561.6668,1187.2158,561.6668
38644,38062,P_TEST,0,GAZE_UNAWARE,802.0,535.0,true,LEFT_EYE,LOOKING_AT_EYES,887.21576,561.6668,1187.2158,561.6668
38678,38096,P_TEST,0,GAZE_UNAWARE,802.0,535.0,true,LEFT_EYE,LOOKING_AT_EYES,887.21576,561.6668,1187.2158,561.6668
38711,38129,P_TEST,0,GAZE_UNAWARE,802.0,535.0,true,LEFT_EYE,LOOKING_AT_EYES,887.21576,561.6668,1187.2158,561.6668
38744,38162,P_TEST,0,GAZE_UNAWARE,802.0,535.0,true,LEFT_EYE,LOOKING_AT_EYES,887.21576,561.6668,1187.2158,561.6668
38778,38196,P_TEST,0,GAZE_UNAWARE,802.0,535.0,true,LEFT_EYE,LOOKING_AT_EYES,887.21576,561.6668,1187.2158,561.6668
38811,38229,P_TEST,0,GAZE_UNAWARE,802.0,535.0,true,LEFT_EYE,LOOKING_AT_EYES,887.21576,561.6668,1187.2158,561.6668
38844,38262,P_TEST,0,GAZE_UNAWARE,802.0,535.0,true,LEFT_EYE,LOOKING_AT_EYES,887.21576,561.6668,1187.2158,561.6668
38877,38295,P_TEST,0,GAZE_UNAWARE,802.0,535.0,true,LEFT_EYE,LOOKING_AT_EYES,887.21576,561.6668,1187.2158,561.6668
38911,38329,P_TEST,0,GAZE_UNAWARE,802.0,535.0,true,LEFT_EYE,LOOKING_AT_EYES,887.21576,561.6668,1187.2158,561.6668
38962,38380,P_TEST,0,GAZE_UNAWARE,802.0,535.0,true,LEFT_EYE,LOOKING_AT_EYES,887.21576,561.6668,1187.2158,561.6668
39011,38429,P_TEST,0,GAZE_UNAWARE,802.0,535.0,true,LEFT_EYE,LOOKING_AT_EYES,887.21576,561.6668,1187.2158,561.6668
39045,38463,P_TEST,0,GAZE_UNAWARE,802.0,535.0,true,LEFT_EYE,LOOKING_AT_EYES,887.21576,561.6668,1187.2158,561.6668
39095,38513,P_TEST,0,GAZE_UNAWARE,802.0,535.0,true,LEFT_EYE,LOOKING_AT_EYES,887.21576,561.6668,1187.2158,561.6668
39144,38562,P_TEST,0,GAZE_UNAWARE,802.0,535.0,true,LEFT_EYE,LOOKING_AT_EYES,887.21576,561.6668,1187.2158,561.6668
39177,38595,P_TEST,0,GAZE_UNAWARE,802.0,535.0,true,LEFT_EYE,LOOKING_AT_EYES,887.21576,561.6668,1187.2158,561.6668
39211,38629,P_TEST,0,GAZE_UNAWARE,802.0,535.0,true,LEFT_EYE,LOOKING_AT_EYES,887.21576,561.6668,1187.2158,561.6668
39245,38663,P_TEST,0,GAZE_UNAWARE,802.0,535.0,true,LEFT_EYE,LOOKING_AT_EYES,887.21576,561.6668,1187.2158,561.6668
39278,38696,P_TEST,0,GAZE_UNAWARE,802.0,535.0,true,LEFT_EYE,LOOKING_AT_EYES,887.21576,561.6668,1187.2158,561.6668
39311,38729,P_TEST,0,GAZE_UNAWARE,802.0,535.0,true,LEFT_EYE,LOOKING_AT_EYES,887.21576,561.6668,1187.2158,561.6668
39344,38762,P_TEST,0,GAZE_UNAWARE,802.0,535.0,true,LEFT_EYE,LOOKING_AT_EYES,887.21576,561.6668,1187.2158,561.6668
39377,38795,P_TEST,0,GAZE_UNAWARE,802.0,535.0,true,LEFT_EYE,LOOKING_AT_EYES,887.21576,561.6668,1187.2158,561.6668
39411,38829,P_TEST,0,GAZE_UNAWARE,802.0,535.0,true,LEFT_EYE,LOOKING_AT_EYES,887.21576,561.6668,1187.2158,561.6668
39445,38863,P_TEST,0,GAZE_UNAWARE,802.0,535.0,true,LEFT_EYE,LOOKING_AT_EYES,887.21576,561.6668,1187.2158,561.6668
39478,38896,P_TEST,0,GAZE_UNAWARE,802.0,535.0,true,LEFT_EYE,LOOKING_AT_EYES,887.21576,561.6668,1187.2158,561.6668
39511,38929,P_TEST,0,GAZE_UNAWARE,802.0,535.0,true,LEFT_EYE,LOOKING_AT_EYES,887.21576,561.6668,1187.2158,561.6668
39544,38962,P_TEST,0,GAZE_UNAWARE,802.0,535.0,true,LEFT_EYE,LOOKING_AT_EYES,887.21576,561.6668,1187.2158,561.6668
39577,38995,P_TEST,0,GAZE_UNAWARE,802.0,535.0,true,LEFT_EYE,LOOKING_AT_EYES,887.21576,561.6668,1187.2158,561.6668
39611,39029,P_TEST,0,GAZE_UNAWARE,802.0,535.0,true,LEFT_EYE,LOOKING_AT_EYES,887.21576,561.6668,1187.2158,561.6668
39644,39062,P_TEST,0,GAZE_UNAWARE,802.0,535.0,true,LEFT_EYE,LOOKING_AT_EYES,887.21576,561.6668,1187.2158,561.6668
39678,39096,P_TEST,0,GAZE_UNAWARE,802.0,535.0,true,LEFT_EYE,LOOKING_AT_EYES,887.21576,561.6668,1187.2158,561.6668
39727,39145,P_TEST,0,GAZE_UNAWARE,802.0,535.0,true,LEFT_EYE,LOOKING_AT_EYES,887.21576,561.6668,1187.2158,561.6668
39761,39179,P_TEST,0,GAZE_UNAWARE,802.0,535.0,true,LEFT_EYE,LOOKING_AT_EYES,887.21576,561.6668,1187.2158,561.6668
39794,39212,P_TEST,0,GAZE_UNAWARE,802.0,535.0,true,LEFT_EYE,LOOKING_AT_EYES,887.21576,561.6668,1187.2158,561.6668
39827,39246,P_TEST,0,GAZE_UNAWARE,802.0,535.0,true,LEFT_EYE,LOOKING_AT_EYES,887.21576,561.6668,1187.2158,561.6668
39861,39279,P_TEST,0,GAZE_UNAWARE,802.0,535.0,true,LEFT_EYE,LOOKING_AT_EYES,887.21576,561.6668,1187.2158,561.6668
39894,39312,P_TEST,0,GAZE_UNAWARE,802.0,535.0,true,LEFT_EYE,LOOKING_AT_EYES,887.21576,561.6668,1187.2158,561.6668
39927,39345,P_TEST,0,GAZE_UNAWARE,802.0,535.0,true,LEFT_EYE,LOOKING_AT_EYES,887.21576,561.6668,1187.2158,561.6668
39978,39396,P_TEST,0,GAZE_UNAWARE,802.0,535.0,true,LEFT_EYE,LOOKING_AT_EYES,887.21576,561.6668,1187.2158,561.6668
40011,39429,P_TEST,0,GAZE_UNAWARE,802.0,535.0,true,LEFT_EYE,LOOKING_AT_EYES,887.21576,561.6668,1187.2158,561.6668
40045,39463,P_TEST,0,GAZE_UNAWARE,802.0,535.0,true,LEFT_EYE,LOOKING_AT_EYES,887.21576,561.6668,1187.2158,561.6668
40078,39496,P_TEST,0,GAZE_UNAWARE,802.0,535.0,true,LEFT_EYE,LOOKING_AT_EYES,887.21576,561.6668,1187.2158,561.6668
40111,39529,P_TEST,0,GAZE_UNAWARE,802.0,535.0,true,LEFT_EYE,LOOKING_AT_EYES,887.21576,561.6668,1187.2158,561.6668
40144,39562,P_TEST,0,GAZE_UNAWARE,802.0,535.0,true,LEFT_EYE,LOOKING_AT_EYES,887.21576,561.6668,1187.2158,561.6668
40178,39596,P_TEST,0,GAZE_UNAWARE,802.0,535.0,true,LEFT_EYE,LOOKING_AT_EYES,887.21576,561.6668,1187.2158,561.6668
40211,39629,P_TEST,0,GAZE_UNAWARE,802.0,535.0,true,LEFT_EYE,LOOKING_AT_EYES,887.21576,561.6668,1187.2158,561.6668
40244,39662,P_TEST,0,GAZE_UNAWARE,802.0,535.0,true,LEFT_EYE,LOOKING_AT_EYES,887.21576,561.6668,1187.2158,561.6668
40294,39712,P_TEST,0,GAZE_UNAWARE,802.0,535.0,true,LEFT_EYE,LOOKING_AT_EYES,887.21576,561.6668,1187.2158,561.6668
40327,39745,P_TEST,0,GAZE_UNAWARE,802.0,535.0,true,LEFT_EYE,LOOKING_AT_EYES,888.3494,558.8097,1188.3495,558.8097
40361,39779,P_TEST,0,GAZE_UNAWARE,802.0,535.0,true,LEFT_EYE,LOOKING_AT_EYES,890.61676,553.09546,1190.6168,553.09546
40395,39813,P_TEST,0,GAZE_UNAWARE,802.0,535.0,true,LEFT_EYE,LOOKING_AT_EYES,892.8841,547.3812,1192.8842,547.3812
40428,39846,P_TEST,0,GAZE_UNAWARE,802.0,535.0,true,LEFT_EYE,LOOKING_AT_EYES,895.15137,541.667,1195.1515,541.667
40461,39879,P_TEST,0,GAZE_UNAWARE,802.0,535.0,true,LEFT_EYE,LOOKING_AT_EYES,897.41864,535.95276,1197.4187,535.95276
40495,39913,P_TEST,0,GAZE_UNAWARE,802.0,535.0,true,LEFT_EYE,LOOKING_AT_EYES,897.47107,535.8207,1197.4711,535.8207
40528,39946,P_TEST,0,GAZE_UNAWARE,802.0,535.0,true,LEFT_EYE,LOOKING_AT_EYES,897.47107,535.8207,1197.4711,535.8207
40561,39979,P_TEST,0,GAZE_UNAWARE,802.0,535.0,true,LEFT_EYE,LOOKING_AT_EYES,897.47107,535.8207,1197.4711,535.8207
40594,40012,P_TEST,0,GAZE_UNAWARE,802.0,535.0,true,LEFT_EYE,LOOKING_AT_EYES,897.47107,535.8207,1197.4711,535.8207
40628,40046,P_TEST,0,GAZE_UNAWARE,802.0,535.0,true,LEFT_EYE,LOOKING_AT_EYES,897.47107,535.8207,1197.4711,535.8207
40661,40079,P_TEST,0,GAZE_UNAWARE,802.0,535.0,true,LEFT_EYE,LOOKING_AT_EYES,897.47107,535.8207,1197.4711,535.8207
40695,40113,P_TEST,0,GAZE_UNAWARE,802.0,535.0,true,LEFT_EYE,LOOKING_AT_EYES,897.47107,535.8207,1197.4711,535.8207
40745,40163,P_TEST,0,GAZE_UNAWARE,802.0,535.0,true,LEFT_EYE,LOOKING_AT_EYES,897.47107,535.8207,1197.4711,535.8207
40795,40213,P_TEST,0,GAZE_UNAWARE,802.0,535.0,true,LEFT_EYE,LOOKING_AT_EYES,897.47107,535.8207,1197.4711,535.8207
40844,40262,P_TEST,0,GAZE_UNAWARE,802.0,535.0,true,LEFT_EYE,LOOKING_AT_EYES,897.47107,535.8207,1197.4711,535.8207
40878,40296,P_TEST,0,GAZE_UNAWARE,802.0,535.0,true,LEFT_EYE,LOOKING_AT_EYES,897.47107,535.8207,1197.4711,535.8207
40911,40329,P_TEST,0,GAZE_UNAWARE,802.0,535.0,true,LEFT_EYE,LOOKING_AT_EYES,897.47107,535.8207,1197.4711,535.8207
40944,40362,P_TEST,0,GAZE_UNAWARE,802.0,535.0,true,LEFT_EYE,LOOKING_AT_EYES,897.47107,535.8207,1197.4711,535.8207
40977,40395,P_TEST,0,GAZE_UNAWARE,802.0,535.0,true,LEFT_EYE,LOOKING_AT_EYES,897.47107,535.8207,1197.4711,535.8207
41011,40429,P_TEST,0,GAZE_UNAWARE,802.0,535.0,true,LEFT_EYE,LOOKING_AT_EYES,897.47107,535.8207,1197.4711,535.8207
41044,40462,P_TEST,0,GAZE_UNAWARE,802.0,535.0,true,LEFT_EYE,LOOKING_AT_EYES,897.47107,535.8207,1197.4711,535.8207
41078,40496,P_TEST,0,GAZE_UNAWARE,802.0,535.0,true,LEFT_EYE,LOOKING_AT_EYES,897.47107,535.8207,1197.4711,535.8207
41111,40529,P_TEST,0,GAZE_UNAWARE,802.0,535.0,true,LEFT_EYE,LOOKING_AT_EYES,897.47107,535.8207,1197.4711,535.8207
41145,40563,P_TEST,0,GAZE_UNAWARE,802.0,535.0,true,LEFT_EYE,LOOKING_AT_EYES,897.47107,535.8207,1197.4711,535.8207
41178,40596,P_TEST,0,GAZE_UNAWARE,802.0,535.0,true,LEFT_EYE,LOOKING_AT_EYES,897.47107,535.8207,1197.4711,535.8207
41211,40629,P_TEST,0,GAZE_UNAWARE,802.0,535.0,true,LEFT_EYE,LOOKING_AT_EYES,897.47107,535.8207,1197.4711,535.8207
41244,40662,P_TEST,0,GAZE_UNAWARE,802.0,535.0,true,LEFT_EYE,LOOKING_AT_EYES,897.47107,535.8207,1197.4711,535.8207
41278,40696,P_TEST,0,GAZE_UNAWARE,802.0,535.0,true,LEFT_EYE,LOOKING_AT_EYES,897.47107,535.8207,1197.4711,535.8207
41311,40729,P_TEST,0,GAZE_UNAWARE,802.0,535.0,true,LEFT_EYE,LOOKING_AT_EYES,897.47107,535.8207,1197.4711,535.8207
41344,40762,P_TEST,0,GAZE_UNAWARE,802.0,535.0,true,LEFT_EYE,LOOKING_AT_EYES,897.47107,535.8207,1197.4711,535.8207
41378,40796,P_TEST,0,GAZE_UNAWARE,802.0,535.0,true,LEFT_EYE,LOOKING_AT_EYES,897.47107,535.8207,1197.4711,535.8207
41411,40829,P_TEST,0,GAZE_UNAWARE,802.0,535.0,true,LEFT_EYE,LOOKING_AT_EYES,897.47107,535.8207,1197.4711,535.8207
41444,40862,P_TEST,0,GAZE_UNAWARE,802.0,535.0,true,LEFT_EYE,LOOKING_AT_EYES,897.47107,535.8207,1197.4711,535.8207
41477,40895,P_TEST,0,GAZE_UNAWARE,802.0,535.0,true,LEFT_EYE,LOOKING_AT_EYES,897.47107,535.8207,1197.4711,535.8207
41510,40928,P_TEST,0,GAZE_UNAWARE,802.0,535.0,true,LEFT_EYE,LOOKING_AT_EYES,897.47107,535.8207,1197.4711,535.8207
41544,40962,P_TEST,0,GAZE_UNAWARE,802.0,535.0,true,LEFT_EYE,LOOKING_AT_EYES,897.47107,535.8207,1197.4711,535.8207
41577,40995,P_TEST,0,GAZE_UNAWARE,802.0,535.0,true,LEFT_EYE,LOOKING_AT_EYES,897.47107,535.8207,1197.4711,535.8207
41610,41028,P_TEST,0,GAZE_UNAWARE,802.0,535.0,true,LEFT_EYE,LOOKING_AT_EYES,897.47107,535.8207,1197.4711,535.8207
41645,41063,P_TEST,0,GAZE_UNAWARE,802.0,535.0,true,LEFT_EYE,LOOKING_AT_EYES,897.47107,535.8207,1197.4711,535.8207
41678,41096,P_TEST,0,GAZE_UNAWARE,802.0,535.0,true,LEFT_EYE,LOOKING_AT_EYES,897.47107,535.8207,1197.4711,535.8207
41711,41129,P_TEST,0,GAZE_UNAWARE,802.0,535.0,true,LEFT_EYE,LOOKING_AT_EYES,897.47107,535.8207,1197.4711,535.8207
41744,41162,P_TEST,0,GAZE_UNAWARE,802.0,535.0,true,LEFT_EYE,LOOKING_AT_EYES,897.47107,535.8207,1197.4711,535.8207
41778,41196,P_TEST,0,GAZE_UNAWARE,802.0,535.0,true,LEFT_EYE,LOOKING_AT_EYES,897.47107,535.8207,1197.4711,535.8207
41811,41229,P_TEST,0,GAZE_UNAWARE,802.0,535.0,true,LEFT_EYE,LOOKING_AT_EYES,893.4959,544.9171,1193.496,544.9171
41844,41262,P_TEST,0,GAZE_UNAWARE,802.0,535.0,true,LEFT_EYE,LOOKING_AT_EYES,889.52075,554.01355,1189.5209,554.01355
41877,41295,P_TEST,0,GAZE_UNAWARE,802.0,535.0,true,LEFT_EYE,LOOKING_AT_EYES,885.5456,563.11,1185.5458,563.11
41911,41329,P_TEST,0,GAZE_UNAWARE,802.0,535.0,true,LEFT_EYE,LOOKING_AT_EYES,883.5158,567.7548,1183.5159,567.7548
41944,41362,P_TEST,0,GAZE_UNAWARE,802.0,535.0,true,LEFT_EYE,LOOKING_AT_EYES,883.5158,567.7548,1183.5159,567.7548
41977,41395,P_TEST,0,GAZE_UNAWARE,802.0,535.0,true,LEFT_EYE,LOOKING_AT_EYES,883.5158,567.7548,1183.5159,567.7548
42011,41429,P_TEST,0,GAZE_UNAWARE,802.0,535.0,true,LEFT_EYE,LOOKING_AT_EYES,883.5158,567.7548,1183.5159,567.7548
42045,41463,P_TEST,0,GAZE_UNAWARE,802.0,535.0,true,LEFT_EYE,LOOKING_AT_EYES,883.5158,567.7548,1183.5159,567.7548
42094,41512,P_TEST,0,GAZE_UNAWARE,802.0,535.0,true,LEFT_EYE,LOOKING_AT_EYES,883.5158,567.7548,1183.5159,567.7548
42128,41546,P_TEST,0,GAZE_UNAWARE,802.0,535.0,true,LEFT_EYE,LOOKING_AT_EYES,883.5158,567.7548,1183.5159,567.7548
42161,41579,P_TEST,0,GAZE_UNAWARE,802.0,535.0,true,LEFT_EYE,LOOKING_AT_EYES,883.5158,567.7548,1183.5159,567.7548
42194,41612,P_TEST,0,GAZE_UNAWARE,802.0,535.0,true,LEFT_EYE,LOOKING_AT_EYES,883.5158,567.7548,1183.5159,567.7548
42228,41646,P_TEST,0,GAZE_UNAWARE,802.0,535.0,true,LEFT_EYE,LOOKING_AT_EYES,883.5158,567.7548,1183.5159,567.7548
42261,41679,P_TEST,0,GAZE_UNAWARE,802.0,535.0,true,LEFT_EYE,LOOKING_AT_EYES,883.5158,567.7548,1183.5159,567.7548
42294,41712,P_TEST,0,GAZE_UNAWARE,802.0,535.0,true,LEFT_EYE,LOOKING_AT_EYES,883.5158,567.7548,1183.5159,567.7548
42328,41746,P_TEST,0,GAZE_UNAWARE,802.0,535.0,true,LEFT_EYE,LOOKING_AT_EYES,883.5158,567.7548,1183.5159,567.7548
42361,41779,P_TEST,0,GAZE_UNAWARE,802.0,535.0,true,LEFT_EYE,LOOKING_AT_EYES,883.5158,567.7548,1183.5159,567.7548
42394,41812,P_TEST,0,GAZE_UNAWARE,802.0,535.0,true,LEFT_EYE,LOOKING_AT_EYES,883.5158,567.7548,1183.5159,567.7548
42429,41847,P_TEST,0,GAZE_UNAWARE,802.0,535.0,true,LEFT_EYE,LOOKING_AT_EYES,883.5158,567.7548,1183.5159,567.7548
42478,41896,P_TEST,0,GAZE_UNAWARE,802.0,535.0,true,LEFT_EYE,LOOKING_AT_EYES,883.5158,567.7548,1183.5159,567.7548
42511,41929,P_TEST,0,GAZE_UNAWARE,802.0,535.0,true,LEFT_EYE,LOOKING_AT_EYES,883.5158,567.7548,1183.5159,567.7548
42544,41962,P_TEST,0,GAZE_UNAWARE,802.0,535.0,true,LEFT_EYE,LOOKING_AT_EYES,883.5158,567.7548,1183.5159,567.7548
42577,41995,P_TEST,0,GAZE_UNAWARE,802.0,535.0,true,LEFT_EYE,LOOKING_AT_EYES,883.5158,567.7548,1183.5159,567.7548
42611,42029,P_TEST,0,GAZE_UNAWARE,802.0,535.0,true,LEFT_EYE,LOOKING_AT_EYES,883.5158,567.7548,1183.5159,567.7548
42644,42062,P_TEST,0,GAZE_UNAWARE,802.0,535.0,true,LEFT_EYE,LOOKING_AT_EYES,883.5158,567.7548,1183.5159,567.7548
42678,42096,P_TEST,0,GAZE_UNAWARE,802.0,535.0,true,LEFT_EYE,LOOKING_AT_EYES,883.5158,567.7548,1183.5159,567.7548
42728,42146,P_TEST,0,GAZE_UNAWARE,802.0,535.0,true,LEFT_EYE,LOOKING_AT_EYES,883.5158,567.7548,1183.5159,567.7548
42761,42179,P_TEST,0,GAZE_UNAWARE,802.0,535.0,true,LEFT_EYE,LOOKING_AT_EYES,883.5158,567.7548,1183.5159,567.7548
42795,42213,P_TEST,0,GAZE_UNAWARE,802.0,535.0,true,LEFT_EYE,LOOKING_AT_EYES,883.5158,567.7548,1183.5159,567.7548
42845,42263,P_TEST,0,GAZE_UNAWARE,802.0,535.0,true,LEFT_EYE,LOOKING_AT_EYES,883.5158,567.7548,1183.5159,567.7548
42878,42296,P_TEST,0,GAZE_UNAWARE,802.0,535.0,true,LEFT_EYE,LOOKING_AT_EYES,883.5158,567.7548,1183.5159,567.7548
42911,42329,P_TEST,0,GAZE_UNAWARE,802.0,535.0,true,LEFT_EYE,LOOKING_AT_EYES,883.5158,567.7548,1183.5159,567.7548
42945,42363,P_TEST,0,GAZE_UNAWARE,802.0,535.0,true,LEFT_EYE,LOOKING_AT_EYES,883.5158,567.7548,1183.5159,567.7548
42978,42396,P_TEST,0,GAZE_UNAWARE,802.0,535.0,true,LEFT_EYE,LOOKING_AT_EYES,883.5158,567.7548,1183.5159,567.7548
43011,42429,P_TEST,0,GAZE_UNAWARE,802.0,535.0,true,LEFT_EYE,LOOKING_AT_EYES,883.5158,567.7548,1183.5159,567.7548
43045,42463,P_TEST,0,GAZE_UNAWARE,802.0,535.0,true,LEFT_EYE,LOOKING_AT_EYES,883.5158,567.7548,1183.5159,567.7548
43078,42496,P_TEST,0,GAZE_UNAWARE,802.0,535.0,true,LEFT_EYE,LOOKING_AT_EYES,883.5158,567.7548,1183.5159,567.7548
43111,42529,P_TEST,0,GAZE_UNAWARE,802.0,535.0,true,LEFT_EYE,LOOKING_AT_EYES,883.5158,567.7548,1183.5159,567.7548
43145,42563,P_TEST,0,GAZE_UNAWARE,802.0,535.0,true,LEFT_EYE,LOOKING_AT_EYES,883.5158,567.7548,1183.5159,567.7548
43178,42596,P_TEST,0,GAZE_UNAWARE,802.0,535.0,true,LEFT_EYE,LOOKING_AT_EYES,883.5158,567.7548,1183.5159,567.7548
43211,42629,P_TEST,0,GAZE_UNAWARE,802.0,535.0,true,LEFT_EYE,LOOKING_AT_EYES,883.5158,567.7548,1183.5159,567.7548
43244,42662,P_TEST,0,GAZE_UNAWARE,802.0,535.0,true,LEFT_EYE,LOOKING_AT_EYES,883.5158,567.7548,1183.5159,567.7548
43278,42696,P_TEST,0,GAZE_UNAWARE,802.0,535.0,true,LEFT_EYE,LOOKING_AT_EYES,883.5158,567.7548,1183.5159,567.7548
43311,42729,P_TEST,0,GAZE_UNAWARE,802.0,535.0,true,LEFT_EYE,LOOKING_AT_EYES,883.5158,567.7548,1183.5159,567.7548
43345,42763,P_TEST,0,GAZE_UNAWARE,802.0,535.0,true,LEFT_EYE,LOOKING_AT_EYES,883.5158,567.7548,1183.5159,567.7548
43395,42813,P_TEST,0,GAZE_UNAWARE,802.0,535.0,true,LEFT_EYE,LOOKING_AT_EYES,883.5158,567.7548,1183.5159,567.7548
43428,42846,P_TEST,0,GAZE_UNAWARE,802.0,535.0,true,LEFT_EYE,LOOKING_AT_EYES,883.5158,567.7548,1183.5159,567.7548
43461,42879,P_TEST,0,GAZE_UNAWARE,802.0,535.0,true,LEFT_EYE,LOOKING_AT_EYES,883.5158,567.7548,1183.5159,567.7548
43494,42912,P_TEST,0,GAZE_UNAWARE,802.0,535.0,true,LEFT_EYE,LOOKING_AT_EYES,883.5158,567.7548,1183.5159,567.7548
43528,42946,P_TEST,0,GAZE_UNAWARE,802.0,535.0,true,LEFT_EYE,LOOKING_AT_EYES,883.5158,567.7548,1183.5159,567.7548
43561,42979,P_TEST,0,GAZE_UNAWARE,802.0,535.0,true,LEFT_EYE,LOOKING_AT_EYES,883.5158,567.7548,1183.5159,567.7548
43594,43012,P_TEST,0,GAZE_UNAWARE,802.0,535.0,true,LEFT_EYE,LOOKING_AT_EYES,883.5158,567.7548,1183.5159,567.7548
43627,43045,P_TEST,0,GAZE_UNAWARE,802.0,535.0,true,LEFT_EYE,LOOKING_AT_EYES,883.5158,567.7548,1183.5159,567.7548
43660,43078,P_TEST,0,GAZE_UNAWARE,802.0,535.0,true,LEFT_EYE,LOOKING_AT_EYES,883.5158,567.7548,1183.5159,567.7548
43694,43112,P_TEST,0,GAZE_UNAWARE,802.0,535.0,true,LEFT_EYE,LOOKING_AT_EYES,883.5158,567.7548,1183.5159,567.7548
43728,43146,P_TEST,0,GAZE_UNAWARE,802.0,535.0,true,LEFT_EYE,LOOKING_AT_EYES,883.5158,567.7548,1183.5159,567.7548
43761,43179,P_TEST,0,GAZE_UNAWARE,802.0,535.0,true,LEFT_EYE,LOOKING_AT_EYES,883.5158,567.7548,1183.5159,567.7548
43795,43213,P_TEST,0,GAZE_UNAWARE,802.0,535.0,true,LEFT_EYE,LOOKING_AT_EYES,883.5158,567.7548,1183.5159,567.7548
43828,43246,P_TEST,0,GAZE_UNAWARE,802.0,535.0,true,LEFT_EYE,LOOKING_AT_EYES,883.5158,567.7548,1183.5159,567.7548
43861,43279,P_TEST,0,GAZE_UNAWARE,802.0,535.0,true,LEFT_EYE,LOOKING_AT_EYES,883.5158,567.7548,1183.5159,567.7548
43894,43312,P_TEST,0,GAZE_UNAWARE,802.0,535.0,true,LEFT_EYE,LOOKING_AT_EYES,883.5158,567.7548,1183.5159,567.7548
43928,43346,P_TEST,0,GAZE_UNAWARE,802.0,535.0,true,LEFT_EYE,LOOKING_AT_EYES,883.5158,567.7548,1183.5159,567.7548
43961,43379,P_TEST,0,GAZE_UNAWARE,802.0,535.0,true,LEFT_EYE,LOOKING_AT_EYES,883.5158,567.7548,1183.5159,567.7548
43995,43413,P_TEST,0,GAZE_UNAWARE,802.0,535.0,true,LEFT_EYE,LOOKING_AT_EYES,883.5158,567.7548,1183.5159,567.7548
44045,43463,P_TEST,0,GAZE_UNAWARE,802.0,535.0,true,LEFT_EYE,LOOKING_AT_EYES,883.5158,567.7548,1183.5159,567.7548
44078,43496,P_TEST,0,GAZE_UNAWARE,802.0,535.0,true,LEFT_EYE,LOOKING_AT_EYES,883.5158,567.7548,1183.5159,567.7548
44111,43529,P_TEST,0,GAZE_UNAWARE,802.0,535.0,true,LEFT_EYE,LOOKING_AT_EYES,883.5158,567.7548,1183.5159,567.7548
44145,43563,P_TEST,0,GAZE_UNAWARE,802.0,535.0,true,LEFT_EYE,LOOKING_AT_EYES,883.5158,567.7548,1183.5159,567.7548
44178,43596,P_TEST,0,GAZE_UNAWARE,802.0,535.0,true,LEFT_EYE,LOOKING_AT_EYES,883.5158,567.7548,1183.5159,567.7548
44228,43646,P_TEST,0,GAZE_UNAWARE,802.0,535.0,true,LEFT_EYE,LOOKING_AT_EYES,883.5158,567.7548,1183.5159,567.7548
44261,43679,P_TEST,0,GAZE_UNAWARE,802.0,535.0,true,LEFT_EYE,LOOKING_AT_EYES,883.5158,567.7548,1183.5159,567.7548
44294,43712,P_TEST,0,GAZE_UNAWARE,802.0,535.0,true,LEFT_EYE,LOOKING_AT_EYES,883.5158,567.7548,1183.5159,567.7548
44327,43745,P_TEST,0,GAZE_UNAWARE,802.0,535.0,true,LEFT_EYE,LOOKING_AT_EYES,883.5158,567.7548,1183.5159,567.7548
44362,43780,P_TEST,0,GAZE_UNAWARE,802.0,535.0,true,LEFT_EYE,LOOKING_AT_EYES,881.90643,572.66437,1181.9065,572.66437
44396,43814,P_TEST,0,GAZE_UNAWARE,802.0,535.0,true,LEFT_EYE,LOOKING_AT_EYES,880.29706,577.5739,1180.2971,577.5739
44430,43848,P_TEST,0,GAZE_UNAWARE,802.0,535.0,true,LEFT_EYE,LOOKING_AT_EYES,878.6877,582.48346,1178.6877,582.48346
44464,43882,P_TEST,0,GAZE_UNAWARE,802.0,535.0,true,LEFT_EYE,LOOKING_AT_EYES,877.0783,587.393,1177.0784,587.393
44497,43915,P_TEST,0,GAZE_UNAWARE,802.0,535.0,true,LEFT_EYE,LOOKING_AT_EYES,875.46893,592.30255,1175.469,592.30255
44530,43948,P_TEST,0,GAZE_UNAWARE,802.0,535.0,true,LEFT_EYE,LOOKING_AT_EYES,873.85956,597.2121,1173.8596,597.2121
44564,43982,P_TEST,0,GAZE_UNAWARE,802.0,535.0,true,LEFT_EYE,LOOKING_AT_EYES,872.2502,602.12164,1172.2502,602.12164
44614,44032,P_TEST,0,GAZE_UNAWARE,802.0,535.0,true,LEFT_EYE,LOOKING_AT_EYES,869.8361,609.48596,1169.8362,609.48596
44647,44065,P_TEST,0,GAZE_UNAWARE,802.0,535.0,true,LEFT_EYE,LOOKING_AT_EYES,868.22675,614.3955,1168.2268,614.3955
44680,44098,P_TEST,0,GAZE_UNAWARE,802.0,535.0,true,LEFT_EYE,LOOKING_AT_EYES,866.6174,619.30505,1166.6174,619.30505
44714,44132,P_TEST,0,GAZE_UNAWARE,802.0,535.0,true,LEFT_EYE,LOOKING_AT_EYES,865.008,624.2146,1165.008,624.2146
44764,44182,P_TEST,0,GAZE_UNAWARE,802.0,535.0,true,LEFT_EYE,LOOKING_AT_EYES,862.59393,631.5789,1162.594,631.5789
44797,44215,P_TEST,0,GAZE_UNAWARE,802.0,535.0,true,LEFT_EYE,LOOKING_AT_EYES,860.9846,636.48846,1160.9846,636.48846
44830,44248,P_TEST,0,GAZE_UNAWARE,802.0,535.0,true,LEFT_EYE,LOOKING_AT_EYES,859.3753,641.398,1159.3752,641.398
44864,44282,P_TEST,0,GAZE_UNAWARE,802.0,535.0,true,LEFT_EYE,LOOKING_AT_EYES,857.76605,646.30756,1157.766,646.3076
44897,44315,P_TEST,0,GAZE_UNAWARE,802.0,535.0,true,LEFT_EYE,LOOKING_AT_EYES,857.39703,647.4333,1157.397,647.4333
44930,44348,P_TEST,0,GAZE_UNAWARE,802.0,535.0,true,LEFT_EYE,LOOKING_AT_EYES,857.39703,647.4333,1157.397,647.4333
44963,44381,P_TEST,0,GAZE_UNAWARE,802.0,535.0,true,LEFT_EYE,LOOKING_AT_EYES,857.39703,647.4333,1157.397,647.4333
44996,44414,P_TEST,0,GAZE_UNAWARE,802.0,535.0,true,LEFT_EYE,LOOKING_AT_EYES,857.39703,647.4333,1157.397,647.4333
45030,44448,P_TEST,0,GAZE_UNAWARE,802.0,535.0,true,LEFT_EYE,LOOKING_AT_EYES,857.39703,647.4333,1157.397,647.4333
45063,44481,P_TEST,0,GAZE_UNAWARE,802.0,535.0,true,LEFT_EYE,LOOKING_AT_EYES,857.39703,647.4333,1157.397,647.4333
45096,44514,P_TEST,0,GAZE_UNAWARE,802.0,535.0,true,LEFT_EYE,LOOKING_AT_EYES,857.39703,647.4333,1157.397,647.4333
45130,44548,P_TEST,0,GAZE_UNAWARE,802.0,535.0,true,LEFT_EYE,LOOKING_AT_EYES,857.39703,647.4333,1157.397,647.4333
45164,44582,P_TEST,0,GAZE_UNAWARE,802.0,535.0,true,LEFT_EYE,LOOKING_AT_EYES,857.39703,647.4333,1157.397,647.4333
45214,44632,P_TEST,0,GAZE_UNAWARE,802.0,535.0,true,LEFT_EYE,LOOKING_AT_EYES,857.39703,647.4333,1157.397,647.4333
45264,44682,P_TEST,0,GAZE_UNAWARE,802.0,535.0,true,LEFT_EYE,LOOKING_AT_EYES,857.39703,647.4333,1157.397,647.4333
45297,44715,P_TEST,0,GAZE_UNAWARE,802.0,535.0,true,LEFT_EYE,LOOKING_AT_EYES,857.39703,647.4333,1157.397,647.4333
45331,44749,P_TEST,0,GAZE_UNAWARE,802.0,535.0,true,LEFT_EYE,LOOKING_AT_EYES,857.39703,647.4333,1157.397,647.4333
45380,44798,P_TEST,0,GAZE_UNAWARE,802.0,535.0,true,LEFT_EYE,LOOKING_AT_EYES,857.39703,647.4333,1157.397,647.4333
45413,44831,P_TEST,0,GAZE_UNAWARE,802.0,535.0,true,LEFT_EYE,LOOKING_AT_EYES,857.39703,647.4333,1157.397,647.4333
45464,44882,P_TEST,0,GAZE_UNAWARE,802.0,535.0,true,LEFT_EYE,LOOKING_AT_EYES,857.39703,647.4333,1157.397,647.4333
45497,44915,P_TEST,0,GAZE_UNAWARE,802.0,535.0,true,LEFT_EYE,LOOKING_AT_EYES,857.39703,647.4333,1157.397,647.4333
45530,44948,P_TEST,0,GAZE_UNAWARE,802.0,535.0,true,LEFT_EYE,LOOKING_AT_EYES,857.39703,647.4333,1157.397,647.4333
45564,44982,P_TEST,0,GAZE_UNAWARE,802.0,535.0,true,LEFT_EYE,LOOKING_AT_EYES,857.39703,647.4333,1157.397,647.4333
45598,45016,P_TEST,0,GAZE_UNAWARE,802.0,535.0,true,LEFT_EYE,LOOKING_AT_EYES,857.39703,647.4333,1157.397,647.4333
45631,45049,P_TEST,0,GAZE_UNAWARE,802.0,535.0,true,LEFT_EYE,LOOKING_AT_EYES,857.39703,647.4333,1157.397,647.4333
45664,45082,P_TEST,0,GAZE_UNAWARE,802.0,535.0,true,LEFT_EYE,LOOKING_AT_EYES,857.39703,647.4333,1157.397,647.4333
45697,45115,P_TEST,0,GAZE_UNAWARE,802.0,535.0,true,LEFT_EYE,LOOKING_AT_EYES,857.39703,647.4333,1157.397,647.4333
45730,45148,P_TEST,0,GAZE_UNAWARE,802.0,535.0,true,LEFT_EYE,LOOKING_AT_EYES,857.39703,647.4333,1157.397,647.4333
45763,45181,P_TEST,0,GAZE_UNAWARE,802.0,535.0,true,LEFT_EYE,LOOKING_AT_EYES,857.39703,647.4333,1157.397,647.4333
45797,45215,P_TEST,0,GAZE_UNAWARE,802.0,535.0,true,LEFT_EYE,LOOKING_AT_EYES,857.39703,647.4333,1157.397,647.4333
45831,45249,P_TEST,0,GAZE_UNAWARE,802.0,535.0,true,LEFT_EYE,LOOKING_AT_EYES,857.39703,647.4333,1157.397,647.4333
45864,45282,P_TEST,0,GAZE_UNAWARE,802.0,535.0,true,LEFT_EYE,LOOKING_AT_EYES,857.39703,647.4333,1157.397,647.4333
45898,45316,P_TEST,0,GAZE_UNAWARE,802.0,535.0,true,LEFT_EYE,LOOKING_AT_EYES,857.39703,647.4333,1157.397,647.4333
45931,45349,P_TEST,0,GAZE_UNAWARE,802.0,535.0,true,LEFT_EYE,LOOKING_AT_EYES,857.39703,647.4333,1157.397,647.4333
45964,45382,P_TEST,0,GAZE_UNAWARE,802.0,535.0,true,LEFT_EYE,LOOKING_AT_EYES,857.39703,647.4333,1157.397,647.4333
45998,45416,P_TEST,0,GAZE_UNAWARE,802.0,535.0,true,LEFT_EYE,LOOKING_AT_EYES,857.39703,647.4333,1157.397,647.4333
46047,45465,P_TEST,0,GAZE_UNAWARE,802.0,535.0,true,LEFT_EYE,LOOKING_AT_EYES,857.39703,647.4333,1157.397,647.4333
46081,45499,P_TEST,0,GAZE_UNAWARE,802.0,535.0,true,LEFT_EYE,LOOKING_AT_EYES,857.39703,647.4333,1157.397,647.4333
46114,45532,P_TEST,0,GAZE_UNAWARE,802.0,535.0,true,LEFT_EYE,LOOKING_AT_EYES,857.39703,647.4333,1157.397,647.4333
46163,45581,P_TEST,0,GAZE_UNAWARE,802.0,535.0,true,LEFT_EYE,LOOKING_AT_EYES,857.39703,647.4333,1157.397,647.4333
46197,45615,P_TEST,0,GAZE_UNAWARE,802.0,535.0,true,LEFT_EYE,LOOKING_AT_EYES,857.39703,647.4333,1157.397,647.4333
46230,45648,P_TEST,0,GAZE_UNAWARE,802.0,535.0,true,LEFT_EYE,LOOKING_AT_EYES,857.39703,647.4333,1157.397,647.4333
46263,45681,P_TEST,0,GAZE_UNAWARE,802.0,535.0,true,LEFT_EYE,LOOKING_AT_EYES,857.39703,647.4333,1157.397,647.4333
46297,45715,P_TEST,0,GAZE_UNAWARE,802.0,535.0,true,LEFT_EYE,LOOKING_AT_EYES,857.39703,647.4333,1157.397,647.4333
46331,45749,P_TEST,0,GAZE_UNAWARE,802.0,535.0,true,LEFT_EYE,LOOKING_AT_EYES,857.39703,647.4333,1157.397,647.4333
46380,45798,P_TEST,0,GAZE_UNAWARE,802.0,535.0,true,LEFT_EYE,LOOKING_AT_EYES,857.39703,647.4333,1157.397,647.4333
46413,45831,P_TEST,0,GAZE_UNAWARE,802.0,535.0,true,LEFT_EYE,LOOKING_AT_EYES,857.39703,647.4333,1157.397,647.4333
46446,45864,P_TEST,0,GAZE_UNAWARE,802.0,535.0,true,LEFT_EYE,LOOKING_AT_EYES,857.39703,647.4333,1157.397,647.4333
46480,45898,P_TEST,0,GAZE_UNAWARE,802.0,535.0,true,LEFT_EYE,LOOKING_AT_EYES,857.39703,647.4333,1157.397,647.4333
46514,45932,P_TEST,0,GAZE_UNAWARE,802.0,535.0,true,LEFT_EYE,LOOKING_AT_EYES,857.39703,647.4333,1157.397,647.4333
46563,45981,P_TEST,0,GAZE_UNAWARE,802.0,535.0,true,LEFT_EYE,LOOKING_AT_EYES,857.39703,647.4333,1157.397,647.4333
46597,46015,P_TEST,0,GAZE_UNAWARE,802.0,535.0,true,LEFT_EYE,LOOKING_AT_EYES,857.39703,647.4333,1157.397,647.4333
46630,46048,P_TEST,0,GAZE_UNAWARE,802.0,535.0,true,LEFT_EYE,LOOKING_AT_EYES,857.39703,647.4333,1157.397,647.4333
46663,46081,P_TEST,0,GAZE_UNAWARE,802.0,535.0,true,LEFT_EYE,LOOKING_AT_EYES,857.39703,647.4333,1157.397,647.4333
46696,46114,P_TEST,0,GAZE_UNAWARE,802.0,535.0,true,LEFT_EYE,LOOKING_AT_EYES,857.39703,647.4333,1157.397,647.4333
46731,46149,P_TEST,0,GAZE_UNAWARE,802.0,535.0,true,LEFT_EYE,LOOKING_AT_EYES,857.39703,647.4333,1157.397,647.4333
46764,46182,P_TEST,0,GAZE_UNAWARE,802.0,535.0,true,LEFT_EYE,LOOKING_AT_EYES,857.39703,647.4333,1157.397,647.4333
46798,46216,P_TEST,0,GAZE_UNAWARE,802.0,535.0,true,LEFT_EYE,LOOKING_AT_EYES,857.39703,647.4333,1157.397,647.4333
46831,46249,P_TEST,0,GAZE_UNAWARE,802.0,535.0,true,LEFT_EYE,LOOKING_AT_EYES,857.39703,647.4333,1157.397,647.4333
46864,46282,P_TEST,0,GAZE_UNAWARE,802.0,535.0,true,LEFT_EYE,LOOKING_AT_EYES,857.39703,647.4333,1157.397,647.4333
46897,46315,P_TEST,0,GAZE_UNAWARE,802.0,535.0,true,LEFT_EYE,LOOKING_AT_EYES,857.39703,647.4333,1157.397,647.4333
46930,46348,P_TEST,0,GAZE_UNAWARE,802.0,535.0,true,LEFT_EYE,LOOKING_AT_EYES,857.39703,647.4333,1157.397,647.4333
46963,46381,P_TEST,0,GAZE_UNAWARE,802.0,535.0,true,LEFT_EYE,LOOKING_AT_EYES,857.39703,647.4333,1157.397,647.4333
46997,46415,P_TEST,0,GAZE_UNAWARE,802.0,535.0,true,LEFT_EYE,LOOKING_AT_EYES,857.39703,647.4333,1157.397,647.4333
47030,46448,P_TEST,0,GAZE_UNAWARE,802.0,535.0,true,LEFT_EYE,LOOKING_AT_EYES,850.8649,652.2714,1150.8647,652.2714
47063,46481,P_TEST,0,GAZE_UNAWARE,802.0,535.0,true,LEFT_EYE,LOOKING_AT_EYES,844.33276,657.10956,1144.3326,657.10956
47097,46515,P_TEST,0,GAZE_UNAWARE,802.0,535.0,true,LEFT_EYE,LOOKING_AT_EYES,838.6538,661.31573,1138.6538,661.31573
47130,46548,P_TEST,0,GAZE_UNAWARE,802.0,535.0,true,LEFT_EYE,LOOKING_AT_EYES,838.6538,661.31573,1138.6538,661.31573
47164,46582,P_TEST,0,GAZE_UNAWARE,802.0,535.0,true,LEFT_EYE,LOOKING_AT_EYES,838.6538,661.31573,1138.6538,661.31573
47197,46615,P_TEST,0,GAZE_UNAWARE,802.0,535.0,true,LEFT_EYE,LOOKING_AT_EYES,838.6538,661.31573,1138.6538,661.31573
47230,46648,P_TEST,0,GAZE_UNAWARE,802.0,535.0,true,LEFT_EYE,LOOKING_AT_EYES,838.6538,661.31573,1138.6538,661.31573
47263,46681,P_TEST,0,GAZE_UNAWARE,802.0,535.0,true,LEFT_EYE,LOOKING_AT_EYES,838.6538,661.31573,1138.6538,661.31573
47296,46714,P_TEST,0,GAZE_UNAWARE,802.0,535.0,true,LEFT_EYE,LOOKING_AT_EYES,838.6538,661.31573,1138.6538,661.31573
47331,46749,P_TEST,0,GAZE_UNAWARE,802.0,535.0,true,LEFT_EYE,LOOKING_AT_EYES,838.6538,661.31573,1138.6538,661.31573
47364,46782,P_TEST,0,GAZE_UNAWARE,802.0,535.0,true,LEFT_EYE,LOOKING_AT_EYES,838.6538,661.31573,1138.6538,661.31573
47398,46816,P_TEST,0,GAZE_UNAWARE,802.0,535.0,true,LEFT_EYE,LOOKING_AT_EYES,838.6538,661.31573,1138.6538,661.31573
47447,46865,P_TEST,0,GAZE_UNAWARE,802.0,535.0,true,LEFT_EYE,LOOKING_AT_EYES,838.6538,661.31573,1138.6538,661.31573
47480,46898,P_TEST,0,GAZE_UNAWARE,802.0,535.0,true,LEFT_EYE,LOOKING_AT_EYES,838.6538,661.31573,1138.6538,661.31573
47514,46932,P_TEST,0,GAZE_UNAWARE,802.0,535.0,true,LEFT_EYE,LOOKING_AT_EYES,838.6538,661.31573,1138.6538,661.31573
47547,46965,P_TEST,0,GAZE_UNAWARE,802.0,535.0,true,LEFT_EYE,LOOKING_AT_EYES,838.6538,661.31573,1138.6538,661.31573
47580,46998,P_TEST,0,GAZE_UNAWARE,802.0,535.0,true,LEFT_EYE,LOOKING_AT_EYES,838.6538,661.31573,1138.6538,661.31573
47614,47032,P_TEST,0,GAZE_UNAWARE,802.0,535.0,true,LEFT_EYE,LOOKING_AT_EYES,838.6538,661.31573,1138.6538,661.31573
47647,47065,P_TEST,0,GAZE_UNAWARE,802.0,535.0,true,LEFT_EYE,LOOKING_AT_EYES,838.6538,661.31573,1138.6538,661.31573
47680,47098,P_TEST,0,GAZE_UNAWARE,802.0,535.0,true,LEFT_EYE,LOOKING_AT_EYES,838.6538,661.31573,1138.6538,661.31573
47714,47132,P_TEST,0,GAZE_UNAWARE,802.0,535.0,true,LEFT_EYE,LOOKING_AT_EYES,838.6538,661.31573,1138.6538,661.31573
47747,47165,P_TEST,0,GAZE_UNAWARE,802.0,535.0,true,LEFT_EYE,LOOKING_AT_EYES,838.6538,661.31573,1138.6538,661.31573
47780,47198,P_TEST,0,GAZE_UNAWARE,802.0,535.0,true,LEFT_EYE,LOOKING_AT_EYES,838.6538,661.31573,1138.6538,661.31573
47814,47232,P_TEST,0,GAZE_UNAWARE,802.0,535.0,true,LEFT_EYE,LOOKING_AT_EYES,838.6538,661.31573,1138.6538,661.31573
47848,47266,P_TEST,0,GAZE_UNAWARE,802.0,535.0,true,LEFT_EYE,LOOKING_AT_EYES,838.6538,661.31573,1138.6538,661.31573
47896,47314,P_TEST,0,GAZE_UNAWARE,802.0,535.0,true,LEFT_EYE,LOOKING_AT_EYES,838.6538,661.31573,1138.6538,661.31573
47931,47349,P_TEST,0,GAZE_UNAWARE,802.0,535.0,true,LEFT_EYE,LOOKING_AT_EYES,838.6538,661.31573,1138.6538,661.31573
47981,47399,P_TEST,0,GAZE_UNAWARE,802.0,535.0,true,LEFT_EYE,LOOKING_AT_EYES,838.6538,661.31573,1138.6538,661.31573
48014,47432,P_TEST,0,GAZE_UNAWARE,802.0,535.0,true,LEFT_EYE,LOOKING_AT_EYES,838.6538,661.31573,1138.6538,661.31573
48047,47465,P_TEST,0,GAZE_UNAWARE,802.0,535.0,true,LEFT_EYE,LOOKING_AT_EYES,838.6538,661.31573,1138.6538,661.31573
48080,47498,P_TEST,0,GAZE_UNAWARE,802.0,535.0,true,LEFT_EYE,LOOKING_AT_EYES,838.6538,661.31573,1138.6538,661.31573
48114,47532,P_TEST,0,GAZE_UNAWARE,802.0,535.0,true,LEFT_EYE,LOOKING_AT_EYES,838.6538,661.31573,1138.6538,661.31573
48147,47565,P_TEST,0,GAZE_UNAWARE,802.0,535.0,true,LEFT_EYE,LOOKING_AT_EYES,838.6538,661.31573,1138.6538,661.31573
48180,47598,P_TEST,0,GAZE_UNAWARE,802.0,535.0,true,LEFT_EYE,LOOKING_AT_EYES,838.6538,661.31573,1138.6538,661.31573
48231,47649,P_TEST,0,GAZE_UNAWARE,802.0,535.0,true,LEFT_EYE,LOOKING_AT_EYES,838.6538,661.31573,1138.6538,661.31573
48281,47699,P_TEST,0,GAZE_UNAWARE,802.0,535.0,true,LEFT_EYE,LOOKING_AT_EYES,838.6538,661.31573,1138.6538,661.31573
48314,47732,P_TEST,0,GAZE_UNAWARE,802.0,535.0,true,LEFT_EYE,LOOKING_AT_EYES,838.6538,661.31573,1138.6538,661.31573
48364,47782,P_TEST,0,GAZE_UNAWARE,802.0,535.0,true,LEFT_EYE,LOOKING_AT_EYES,838.6538,661.31573,1138.6538,661.31573
48397,47815,P_TEST,0,GAZE_UNAWARE,802.0,535.0,true,LEFT_EYE,LOOKING_AT_EYES,838.6538,661.31573,1138.6538,661.31573
48431,47849,P_TEST,0,GAZE_UNAWARE,802.0,535.0,true,LEFT_EYE,LOOKING_AT_EYES,838.6538,661.31573,1138.6538,661.31573
48481,47899,P_TEST,0,GAZE_UNAWARE,802.0,535.0,true,LEFT_EYE,LOOKING_AT_EYES,838.6538,661.31573,1138.6538,661.31573
48530,47948,P_TEST,0,GAZE_UNAWARE,802.0,535.0,true,LEFT_EYE,LOOKING_AT_EYES,838.6538,661.31573,1138.6538,661.31573
48563,47981,P_TEST,0,GAZE_UNAWARE,802.0,535.0,true,LEFT_EYE,LOOKING_AT_EYES,838.6538,661.31573,1138.6538,661.31573
48597,48015,P_TEST,0,GAZE_UNAWARE,802.0,535.0,true,LEFT_EYE,LOOKING_AT_EYES,838.6538,661.31573,1138.6538,661.31573
48631,48049,P_TEST,0,GAZE_UNAWARE,802.0,535.0,true,LEFT_EYE,LOOKING_AT_EYES,838.6538,661.31573,1138.6538,661.31573
48681,48099,P_TEST,0,GAZE_UNAWARE,802.0,535.0,true,LEFT_EYE,LOOKING_AT_EYES,838.6538,661.31573,1138.6538,661.31573
48714,48132,P_TEST,0,GAZE_UNAWARE,802.0,535.0,true,LEFT_EYE,LOOKING_AT_EYES,838.6538,661.31573,1138.6538,661.31573
48747,48165,P_TEST,0,GAZE_UNAWARE,802.0,535.0,true,LEFT_EYE,LOOKING_AT_EYES,838.6538,661.31573,1138.6538,661.31573
48780,48198,P_TEST,0,GAZE_UNAWARE,802.0,535.0,true,LEFT_EYE,LOOKING_AT_EYES,838.6538,661.31573,1138.6538,661.31573
48813,48231,P_TEST,0,GAZE_UNAWARE,802.0,535.0,true,LEFT_EYE,LOOKING_AT_EYES,838.6538,661.31573,1138.6538,661.31573
48847,48265,P_TEST,0,GAZE_UNAWARE,802.0,535.0,true,LEFT_EYE,LOOKING_AT_EYES,838.6538,661.31573,1138.6538,661.31573
48881,48299,P_TEST,0,GAZE_UNAWARE,802.0,535.0,true,LEFT_EYE,LOOKING_AT_EYES,838.6538,661.31573,1138.6538,661.31573
48931,48349,P_TEST,0,GAZE_UNAWARE,802.0,535.0,true,LEFT_EYE,LOOKING_AT_EYES,838.6538,661.31573,1138.6538,661.31573
48980,48398,P_TEST,0,GAZE_UNAWARE,802.0,535.0,true,LEFT_EYE,LOOKING_AT_EYES,838.6538,661.31573,1138.6538,661.31573
49013,48431,P_TEST,0,GAZE_UNAWARE,802.0,535.0,true,LEFT_EYE,LOOKING_AT_EYES,838.6538,661.31573,1138.6538,661.31573
49046,48464,P_TEST,0,GAZE_UNAWARE,802.0,535.0,true,LEFT_EYE,LOOKING_AT_EYES,838.6538,661.31573,1138.6538,661.31573
49080,48498,P_TEST,0,GAZE_UNAWARE,802.0,535.0,true,LEFT_EYE,LOOKING_AT_EYES,838.6538,661.31573,1138.6538,661.31573
49114,48532,P_TEST,0,GAZE_UNAWARE,802.0,535.0,true,LEFT_EYE,LOOKING_AT_EYES,838.6538,661.31573,1138.6538,661.31573
49147,48565,P_TEST,0,GAZE_UNAWARE,802.0,535.0,true,LEFT_EYE,LOOKING_AT_EYES,838.6538,661.31573,1138.6538,661.31573
49180,48598,P_TEST,0,GAZE_UNAWARE,802.0,535.0,true,LEFT_EYE,LOOKING_AT_EYES,838.6538,661.31573,1138.6538,661.31573
49214,48632,P_TEST,0,GAZE_UNAWARE,802.0,535.0,true,LEFT_EYE,LOOKING_AT_EYES,838.6538,661.31573,1138.6538,661.31573
49247,48665,P_TEST,0,GAZE_UNAWARE,802.0,535.0,true,LEFT_EYE,LOOKING_AT_EYES,838.6538,661.31573,1138.6538,661.31573
49297,48715,P_TEST,0,GAZE_UNAWARE,802.0,535.0,true,LEFT_EYE,LOOKING_AT_EYES,838.6538,661.31573,1138.6538,661.31573
49331,48749,P_TEST,0,GAZE_UNAWARE,802.0,535.0,true,LEFT_EYE,LOOKING_AT_EYES,838.6538,661.31573,1138.6538,661.31573
49364,48782,P_TEST,0,GAZE_UNAWARE,802.0,535.0,true,LEFT_EYE,LOOKING_AT_EYES,838.6538,661.31573,1138.6538,661.31573
49397,48815,P_TEST,0,GAZE_UNAWARE,802.0,535.0,true,LEFT_EYE,LOOKING_AT_EYES,838.6538,661.31573,1138.6538,661.31573
49431,48849,P_TEST,0,GAZE_UNAWARE,802.0,535.0,true,LEFT_EYE,LOOKING_AT_EYES,838.6538,661.31573,1138.6538,661.31573
49464,48882,P_TEST,0,GAZE_UNAWARE,802.0,535.0,true,LEFT_EYE,LOOKING_AT_EYES,838.6538,661.31573,1138.6538,661.31573
49497,48915,P_TEST,0,GAZE_UNAWARE,802.0,535.0,true,LEFT_EYE,LOOKING_AT_EYES,841.51166,662.64026,1141.5117,662.64026
49530,48948,P_TEST,0,GAZE_UNAWARE,802.0,535.0,true,LEFT_EYE,LOOKING_AT_EYES,847.22736,665.2893,1147.2274,665.2893
49564,48982,P_TEST,0,GAZE_UNAWARE,802.0,535.0,true,LEFT_EYE,LOOKING_AT_EYES,852.94305,667.93835,1152.943,667.93835
49597,49015,P_TEST,0,GAZE_UNAWARE,802.0,535.0,true,LEFT_EYE,LOOKING_AT_EYES,858.65875,670.58746,1158.6586,670.5874
49631,49049,P_TEST,0,GAZE_UNAWARE,802.0,535.0,true,LEFT_EYE,LOOKING_AT_EYES,861.0101,671.67725,1161.01,671.67725
49680,49098,P_TEST,0,GAZE_UNAWARE,802.0,535.0,true,LEFT_EYE,LOOKING_AT_EYES,861.0101,671.67725,1161.01,671.67725
49714,49132,P_TEST,0,GAZE_UNAWARE,802.0,535.0,true,LEFT_EYE,LOOKING_AT_EYES,861.0101,671.67725,1161.01,671.67725
49748,49166,P_TEST,0,GAZE_UNAWARE,802.0,535.0,true,LEFT_EYE,LOOKING_AT_EYES,861.0101,671.67725,1161.01,671.67725
49797,49215,P_TEST,0,GAZE_UNAWARE,802.0,535.0,true,LEFT_EYE,LOOKING_AT_EYES,861.0101,671.67725,1161.01,671.67725
49830,49248,P_TEST,0,GAZE_UNAWARE,802.0,535.0,true,LEFT_EYE,LOOKING_AT_EYES,861.0101,671.67725,1161.01,671.67725
49864,49282,P_TEST,0,GAZE_UNAWARE,802.0,535.0,true,LEFT_EYE,LOOKING_AT_EYES,861.0101,671.67725,1161.01,671.67725
49897,49315,P_TEST,0,GAZE_UNAWARE,802.0,535.0,true,LEFT_EYE,LOOKING_AT_EYES,861.0101,671.67725,1161.01,671.67725
49930,49348,P_TEST,0,GAZE_UNAWARE,802.0,535.0,true,LEFT_EYE,LOOKING_AT_EYES,861.0101,671.67725,1161.01,671.67725
49964,49382,P_TEST,0,GAZE_UNAWARE,802.0,535.0,true,LEFT_EYE,LOOKING_AT_EYES,861.0101,671.67725,1161.01,671.67725
50014,49432,P_TEST,0,GAZE_UNAWARE,802.0,535.0,true,LEFT_EYE,LOOKING_AT_EYES,861.0101,671.67725,1161.01,671.67725
50048,49466,P_TEST,0,GAZE_UNAWARE,802.0,535.0,true,LEFT_EYE,LOOKING_AT_EYES,861.0101,671.67725,1161.01,671.67725
50098,49516,P_TEST,0,GAZE_UNAWARE,802.0,535.0,true,LEFT_EYE,LOOKING_AT_EYES,861.0101,671.67725,1161.01,671.67725
50131,49549,P_TEST,0,GAZE_UNAWARE,802.0,535.0,true,LEFT_EYE,LOOKING_AT_EYES,861.0101,671.67725,1161.01,671.67725
50164,49582,P_TEST,0,GAZE_UNAWARE,802.0,535.0,true,LEFT_EYE,LOOKING_AT_EYES,861.0101,671.67725,1161.01,671.67725
50197,49615,P_TEST,0,GAZE_UNAWARE,802.0,535.0,true,LEFT_EYE,LOOKING_AT_EYES,861.0101,671.67725,1161.01,671.67725
50230,49648,P_TEST,0,GAZE_UNAWARE,802.0,535.0,true,LEFT_EYE,LOOKING_AT_EYES,861.0101,671.67725,1161.01,671.67725
50264,49682,P_TEST,0,GAZE_UNAWARE,802.0,535.0,true,LEFT_EYE,LOOKING_AT_EYES,861.0101,671.67725,1161.01,671.67725
50298,49716,P_TEST,0,GAZE_UNAWARE,802.0,535.0,true,LEFT_EYE,LOOKING_AT_EYES,861.0101,671.67725,1161.01,671.67725
50348,49766,P_TEST,0,GAZE_UNAWARE,802.0,535.0,true,LEFT_EYE,LOOKING_AT_EYES,861.0101,671.67725,1161.01,671.67725
50381,49799,P_TEST,0,GAZE_UNAWARE,802.0,535.0,true,LEFT_EYE,LOOKING_AT_EYES,861.0101,671.67725,1161.01,671.67725
50415,49833,P_TEST,0,GAZE_UNAWARE,802.0,535.0,true,LEFT_EYE,LOOKING_AT_EYES,861.0101,671.67725,1161.01,671.67725
50464,49882,P_TEST,0,GAZE_UNAWARE,802.0,535.0,true,LEFT_EYE,LOOKING_AT_EYES,861.0101,671.67725,1161.01,671.67725
50498,49916,P_TEST,0,GAZE_UNAWARE,802.0,535.0,true,LEFT_EYE,LOOKING_AT_EYES,861.0101,671.67725,1161.01,671.67725
50531,49949,P_TEST,0,GAZE_UNAWARE,802.0,535.0,true,LEFT_EYE,LOOKING_AT_EYES,861.0101,671.67725,1161.01,671.67725
50564,49982,P_TEST,0,GAZE_UNAWARE,802.0,535.0,true,LEFT_EYE,LOOKING_AT_EYES,861.0101,671.67725,1161.01,671.67725
50598,50016,P_TEST,0,GAZE_UNAWARE,802.0,535.0,true,LEFT_EYE,LOOKING_AT_EYES,861.0101,671.67725,1161.01,671.67725
50631,50049,P_TEST,0,GAZE_UNAWARE,802.0,535.0,true,LEFT_EYE,LOOKING_AT_EYES,861.0101,671.67725,1161.01,671.67725
50681,50099,P_TEST,0,GAZE_UNAWARE,802.0,535.0,true,LEFT_EYE,LOOKING_AT_EYES,861.0101,671.67725,1161.01,671.67725
50714,50132,P_TEST,0,GAZE_UNAWARE,802.0,535.0,true,LEFT_EYE,LOOKING_AT_EYES,861.0101,671.67725,1161.01,671.67725
50747,50165,P_TEST,0,GAZE_UNAWARE,802.0,535.0,true,LEFT_EYE,LOOKING_AT_EYES,861.0101,671.67725,1161.01,671.67725
50780,50198,P_TEST,0,GAZE_UNAWARE,802.0,535.0,true,LEFT_EYE,LOOKING_AT_EYES,861.0101,671.67725,1161.01,671.67725
50814,50232,P_TEST,0,GAZE_UNAWARE,802.0,535.0,true,LEFT_EYE,LOOKING_AT_EYES,861.0101,671.67725,1161.01,671.67725
50847,50265,P_TEST,0,GAZE_UNAWARE,802.0,535.0,true,LEFT_EYE,LOOKING_AT_EYES,861.0101,671.67725,1161.01,671.67725
50881,50299,P_TEST,0,GAZE_UNAWARE,802.0,535.0,true,LEFT_EYE,LOOKING_AT_EYES,861.0101,671.67725,1161.01,671.67725
50914,50332,P_TEST,0,GAZE_UNAWARE,802.0,535.0,true,LEFT_EYE,LOOKING_AT_EYES,861.0101,671.67725,1161.01,671.67725
50947,50365,P_TEST,0,GAZE_UNAWARE,802.0,535.0,true,LEFT_EYE,LOOKING_AT_EYES,861.0101,671.67725,1161.01,671.67725
50981,50399,P_TEST,0,GAZE_UNAWARE,802.0,535.0,true,LEFT_EYE,LOOKING_AT_EYES,861.0101,671.67725,1161.01,671.67725
51032,50450,P_TEST,0,GAZE_UNAWARE,802.0,535.0,true,LEFT_EYE,LOOKING_AT_EYES,861.0101,671.67725,1161.01,671.67725
51080,50498,P_TEST,0,GAZE_UNAWARE,802.0,535.0,true,LEFT_EYE,LOOKING_AT_EYES,861.0101,671.67725,1161.01,671.67725
51114,50532,P_TEST,0,GAZE_UNAWARE,802.0,535.0,true,LEFT_EYE,LOOKING_AT_EYES,861.0101,671.67725,1161.01,671.67725
51148,50566,P_TEST,0,GAZE_UNAWARE,802.0,535.0,true,LEFT_EYE,LOOKING_AT_EYES,861.0101,671.67725,1161.01,671.67725
51197,50615,P_TEST,0,GAZE_UNAWARE,802.0,535.0,true,LEFT_EYE,LOOKING_AT_EYES,861.0101,671.67725,1161.01,671.67725
51230,50648,P_TEST,0,GAZE_UNAWARE,802.0,535.0,true,LEFT_EYE,LOOKING_AT_EYES,861.0101,671.67725,1161.01,671.67725
51265,50683,P_TEST,0,GAZE_UNAWARE,802.0,535.0,true,LEFT_EYE,LOOKING_AT_EYES,861.0101,671.67725,1161.01,671.67725
51298,50716,P_TEST,0,GAZE_UNAWARE,802.0,535.0,true,LEFT_EYE,LOOKING_AT_EYES,861.0101,671.67725,1161.01,671.67725
51331,50749,P_TEST,0,GAZE_UNAWARE,802.0,535.0,true,LEFT_EYE,LOOKING_AT_EYES,861.0101,671.67725,1161.01,671.67725
51364,50782,P_TEST,0,GAZE_UNAWARE,802.0,535.0,true,LEFT_EYE,LOOKING_AT_EYES,861.0101,671.67725,1161.01,671.67725
51397,50815,P_TEST,0,GAZE_UNAWARE,802.0,535.0,true,LEFT_EYE,LOOKING_AT_EYES,861.0101,671.67725,1161.01,671.67725
51431,50849,P_TEST,0,GAZE_UNAWARE,802.0,535.0,true,LEFT_EYE,LOOKING_AT_EYES,861.0101,671.67725,1161.01,671.67725
51464,50882,P_TEST,0,GAZE_UNAWARE,802.0,535.0,true,LEFT_EYE,LOOKING_AT_EYES,861.0101,671.67725,1161.01,671.67725
51498,50916,P_TEST,0,GAZE_UNAWARE,802.0,535.0,true,LEFT_EYE,LOOKING_AT_EYES,861.0101,671.67725,1161.01,671.67725
51531,50949,P_TEST,0,GAZE_UNAWARE,802.0,535.0,true,LEFT_EYE,LOOKING_AT_EYES,861.0101,671.67725,1161.01,671.67725
51564,50982,P_TEST,0,GAZE_UNAWARE,802.0,535.0,true,LEFT_EYE,LOOKING_AT_EYES,861.0101,671.67725,1161.01,671.67725
51614,51032,P_TEST,0,GAZE_UNAWARE,802.0,535.0,true,LEFT_EYE,LOOKING_AT_EYES,861.0101,671.67725,1161.01,671.67725
51647,51065,P_TEST,0,GAZE_UNAWARE,802.0,535.0,true,LEFT_EYE,LOOKING_AT_EYES,861.0101,671.67725,1161.01,671.67725
51681,51099,P_TEST,0,GAZE_UNAWARE,802.0,535.0,true,LEFT_EYE,LOOKING_AT_EYES,861.0101,671.67725,1161.01,671.67725
51714,51132,P_TEST,0,GAZE_UNAWARE,802.0,535.0,true,LEFT_EYE,LOOKING_AT_EYES,861.0101,671.67725,1161.01,671.67725
51747,51165,P_TEST,0,GAZE_UNAWARE,802.0,535.0,true,LEFT_EYE,LOOKING_AT_EYES,861.0101,671.67725,1161.01,671.67725
51781,51199,P_TEST,0,GAZE_UNAWARE,802.0,535.0,true,LEFT_EYE,LOOKING_AT_EYES,861.0101,671.67725,1161.01,671.67725
51814,51232,P_TEST,0,GAZE_UNAWARE,802.0,535.0,true,LEFT_EYE,LOOKING_AT_EYES,861.0101,671.67725,1161.01,671.67725
51847,51265,P_TEST,0,GAZE_UNAWARE,802.0,535.0,true,LEFT_EYE,LOOKING_AT_EYES,861.0101,671.67725,1161.01,671.67725
51881,51299,P_TEST,0,GAZE_UNAWARE,802.0,535.0,true,LEFT_EYE,LOOKING_AT_EYES,861.0101,671.67725,1161.01,671.67725
51914,51332,P_TEST,0,GAZE_UNAWARE,802.0,535.0,true,LEFT_EYE,LOOKING_AT_EYES,861.0101,671.67725,1161.01,671.67725
51947,51365,P_TEST,0,GAZE_UNAWARE,802.0,535.0,true,LEFT_EYE,LOOKING_AT_EYES,861.0101,671.67725,1161.01,671.67725
51981,51399,P_TEST,0,GAZE_UNAWARE,802.0,535.0,true,LEFT_EYE,LOOKING_AT_EYES,861.0101,671.67725,1161.01,671.67725
52014,51432,P_TEST,0,GAZE_UNAWARE,802.0,535.0,true,LEFT_EYE,LOOKING_AT_EYES,861.0101,671.67725,1161.01,671.67725
52048,51466,P_TEST,0,GAZE_UNAWARE,802.0,535.0,true,LEFT_EYE,LOOKING_AT_EYES,861.0101,671.67725,1161.01,671.67725
52097,51515,P_TEST,0,GAZE_UNAWARE,802.0,535.0,true,LEFT_EYE,LOOKING_AT_EYES,861.0101,671.67725,1161.01,671.67725
52130,51548,P_TEST,0,GAZE_UNAWARE,802.0,535.0,true,LEFT_EYE,LOOKING_AT_EYES,861.0101,671.67725,1161.01,671.67725
52163,51581,P_TEST,0,GAZE_UNAWARE,802.0,535.0,true,LEFT_EYE,LOOKING_AT_EYES,861.0101,671.67725,1161.01,671.67725
52198,51616,P_TEST,0,GAZE_UNAWARE,802.0,535.0,true,LEFT_EYE,LOOKING_AT_EYES,861.0101,671.67725,1161.01,671.67725
52231,51649,P_TEST,0,GAZE_UNAWARE,802.0,535.0,true,LEFT_EYE,LOOKING_AT_EYES,861.0101,671.67725,1161.01,671.67725
52266,51684,P_TEST,0,GAZE_UNAWARE,802.0,535.0,true,LEFT_EYE,LOOKING_AT_EYES,861.0101,671.67725,1161.01,671.67725
52299,51717,P_TEST,0,GAZE_UNAWARE,802.0,535.0,true,LEFT_EYE,LOOKING_AT_EYES,861.0101,671.67725,1161.01,671.67725
52333,51751,P_TEST,0,GAZE_UNAWARE,802.0,535.0,true,LEFT_EYE,LOOKING_AT_EYES,861.0101,671.67725,1161.01,671.67725
52370,51788,P_TEST,0,GAZE_UNAWARE,802.0,535.0,true,LEFT_EYE,LOOKING_AT_EYES,861.0101,671.67725,1161.01,671.67725
52405,51823,P_TEST,0,GAZE_UNAWARE,802.0,535.0,true,LEFT_EYE,LOOKING_AT_EYES,861.0101,671.67725,1161.01,671.67725
52438,51856,P_TEST,0,GAZE_UNAWARE,802.0,535.0,true,LEFT_EYE,LOOKING_AT_EYES,858.0613,667.30194,1158.0612,667.30194
52472,51890,P_TEST,0,GAZE_UNAWARE,802.0,535.0,true,LEFT_EYE,LOOKING_AT_EYES,852.1637,658.55133,1152.1635,658.55133
52505,51923,P_TEST,0,GAZE_UNAWARE,802.0,535.0,true,LEFT_EYE,LOOKING_AT_EYES,846.2661,649.8007,1146.2657,649.8007
52539,51957,P_TEST,0,GAZE_UNAWARE,802.0,535.0,true,LEFT_EYE,LOOKING_AT_EYES,840.3685,641.0501,1140.368,641.0501
52572,51990,P_TEST,0,GAZE_UNAWARE,802.0,535.0,true,LEFT_EYE,LOOKING_AT_EYES,834.47095,632.2995,1134.4703,632.2995
52605,52023,P_TEST,0,GAZE_UNAWARE,802.0,535.0,true,LEFT_EYE,LOOKING_AT_EYES,828.57336,623.5489,1128.5728,623.5489
52639,52057,P_TEST,0,GAZE_UNAWARE,802.0,535.0,true,LEFT_EYE,LOOKING_AT_EYES,822.6758,614.7983,1122.6753,614.7983
52672,52090,P_TEST,0,GAZE_UNAWARE,802.0,535.0,true,LEFT_EYE,LOOKING_AT_EYES,816.7782,606.04767,1116.7777,606.04767
52722,52140,P_TEST,0,GAZE_UNAWARE,802.0,535.0,true,LEFT_EYE,LOOKING_AT_EYES,807.9318,592.92175,1107.9314,592.92175
52755,52173,P_TEST,0,GAZE_UNAWARE,802.0,535.0,true,LEFT_EYE,LOOKING_AT_EYES,802.03424,584.17114,1102.0338,584.17114
52788,52206,P_TEST,0,GAZE_UNAWARE,802.0,535.0,true,LEFT_EYE,LOOKING_AT_EYES,796.13666,575.42053,1096.1362,575.42053
52821,52239,P_TEST,0,GAZE_UNAWARE,802.0,535.0,true,LEFT_EYE,LOOKING_AT_EYES,790.2391,566.6699,1090.2386,566.6699
52855,52273,P_TEST,0,GAZE_UNAWARE,802.0,535.0,true,LEFT_EYE,LOOKING_AT_EYES,784.3415,557.9193,1084.3411,557.9193
52888,52306,P_TEST,0,GAZE_UNAWARE,802.0,535.0,true,LEFT_EYE,LOOKING_AT_EYES,778.44385,549.1687,1078.4436,549.1687
52922,52340,P_TEST,0,GAZE_UNAWARE,802.0,535.0,true,LEFT_EYE,LOOKING_AT_EYES,772.5462,540.4181,1072.546,540.4181
52955,52373,P_TEST,0,GAZE_UNAWARE,802.0,535.0,true,LEFT_EYE,LOOKING_AT_EYES,766.64856,531.6675,1066.6484,531.6675
52988,52406,P_TEST,0,GAZE_UNAWARE,802.0,535.0,true,LEFT_EYE,LOOKING_AT_EYES,760.7509,522.9169,1060.7509,522.9169
53021,52439,P_TEST,0,GAZE_UNAWARE,802.0,535.0,true,LEFT_EYE,LOOKING_AT_EYES,755.48724,515.10693,1055.4873,515.10693
53054,52472,P_TEST,0,GAZE_UNAWARE,802.0,535.0,true,LEFT_EYE,LOOKING_AT_EYES,755.48724,515.10693,1055.4873,515.10693
53088,52506,P_TEST,0,GAZE_UNAWARE,802.0,535.0,true,LEFT_EYE,LOOKING_AT_EYES,755.48724,515.10693,1055.4873,515.10693
53121,52539,P_TEST,0,GAZE_UNAWARE,802.0,535.0,true,LEFT_EYE,LOOKING_AT_EYES,755.48724,515.10693,1055.4873,515.10693
53155,52573,P_TEST,0,GAZE_UNAWARE,802.0,535.0,true,LEFT_EYE,LOOKING_AT_EYES,755.48724,515.10693,1055.4873,515.10693
53188,52606,P_TEST,0,GAZE_UNAWARE,802.0,535.0,true,LEFT_EYE,LOOKING_AT_EYES,755.48724,515.10693,1055.4873,515.10693
53222,52640,P_TEST,0,GAZE_UNAWARE,802.0,535.0,true,LEFT_EYE,LOOKING_AT_EYES,755.48724,515.10693,1055.4873,515.10693
53272,52690,P_TEST,0,GAZE_UNAWARE,802.0,535.0,true,LEFT_EYE,LOOKING_AT_EYES,755.48724,515.10693,1055.4873,515.10693
53305,52723,P_TEST,0,GAZE_UNAWARE,802.0,535.0,true,LEFT_EYE,LOOKING_AT_EYES,755.48724,515.10693,1055.4873,515.10693
53339,52757,P_TEST,0,GAZE_UNAWARE,802.0,535.0,true,LEFT_EYE,LOOKING_AT_EYES,755.48724,515.10693,1055.4873,515.10693
53388,52806,P_TEST,0,GAZE_UNAWARE,802.0,535.0,true,LEFT_EYE,LOOKING_AT_EYES,755.48724,515.10693,1055.4873,515.10693
53421,52839,P_TEST,0,GAZE_UNAWARE,802.0,535.0,true,LEFT_EYE,LOOKING_AT_EYES,755.48724,515.10693,1055.4873,515.10693
53455,52873,P_TEST,0,GAZE_UNAWARE,802.0,535.0,true,LEFT_EYE,LOOKING_AT_EYES,755.48724,515.10693,1055.4873,515.10693
53488,52906,P_TEST,0,GAZE_UNAWARE,802.0,535.0,true,LEFT_EYE,LOOKING_AT_EYES,755.48724,515.10693,1055.4873,515.10693
53521,52939,P_TEST,0,GAZE_UNAWARE,802.0,535.0,true,LEFT_EYE,LOOKING_AT_EYES,755.48724,515.10693,1055.4873,515.10693
53555,52973,P_TEST,0,GAZE_UNAWARE,802.0,535.0,true,LEFT_EYE,LOOKING_AT_EYES,755.48724,515.10693,1055.4873,515.10693
53588,53006,P_TEST,0,GAZE_UNAWARE,802.0,535.0,true,LEFT_EYE,LOOKING_AT_EYES,755.48724,515.10693,1055.4873,515.10693
53621,53039,P_TEST,0,GAZE_UNAWARE,802.0,535.0,true,LEFT_EYE,LOOKING_AT_EYES,755.48724,515.10693,1055.4873,515.10693
53655,53073,P_TEST,0,GAZE_UNAWARE,802.0,535.0,true,LEFT_EYE,LOOKING_AT_EYES,755.48724,515.10693,1055.4873,515.10693
53689,53107,P_TEST,0,GAZE_UNAWARE,802.0,535.0,true,LEFT_EYE,LOOKING_AT_EYES,755.48724,515.10693,1055.4873,515.10693
53722,53140,P_TEST,0,GAZE_UNAWARE,802.0,535.0,true,LEFT_EYE,LOOKING_AT_EYES,755.48724,515.10693,1055.4873,515.10693
53755,53173,P_TEST,0,GAZE_UNAWARE,802.0,535.0,true,LEFT_EYE,LOOKING_AT_EYES,755.48724,515.10693,1055.4873,515.10693
53788,53206,P_TEST,0,GAZE_UNAWARE,802.0,535.0,true,LEFT_EYE,LOOKING_AT_EYES,755.48724,515.10693,1055.4873,515.10693
53822,53240,P_TEST,0,GAZE_UNAWARE,802.0,535.0,true,LEFT_EYE,LOOKING_AT_EYES,755.48724,515.10693,1055.4873,515.10693
53855,53273,P_TEST,0,GAZE_UNAWARE,802.0,535.0,true,LEFT_EYE,LOOKING_AT_EYES,755.48724,515.10693,1055.4873,515.10693
53888,53306,P_TEST,0,GAZE_UNAWARE,802.0,535.0,true,LEFT_EYE,LOOKING_AT_EYES,755.48724,515.10693,1055.4873,515.10693
53937,53355,P_TEST,0,GAZE_UNAWARE,802.0,535.0,true,LEFT_EYE,LOOKING_AT_EYES,755.48724,515.10693,1055.4873,515.10693
53972,53390,P_TEST,0,GAZE_UNAWARE,802.0,535.0,true,LEFT_EYE,LOOKING_AT_EYES,755.48724,515.10693,1055.4873,515.10693
54020,53438,P_TEST,0,GAZE_UNAWARE,802.0,535.0,true,LEFT_EYE,LOOKING_AT_EYES,755.48724,515.10693,1055.4873,515.10693
54054,53472,P_TEST,0,GAZE_UNAWARE,802.0,535.0,true,LEFT_EYE,LOOKING_AT_EYES,755.48724,515.10693,1055.4873,515.10693
54088,53506,P_TEST,0,GAZE_UNAWARE,802.0,535.0,true,LEFT_EYE,LOOKING_AT_EYES,755.48724,515.10693,1055.4873,515.10693
54138,53556,P_TEST,0,GAZE_UNAWARE,802.0,535.0,true,LEFT_EYE,LOOKING_AT_EYES,755.48724,515.10693,1055.4873,515.10693
54171,53589,P_TEST,0,GAZE_UNAWARE,802.0,535.0,true,LEFT_EYE,LOOKING_AT_EYES,755.48724,515.10693,1055.4873,515.10693
54206,53624,P_TEST,0,GAZE_UNAWARE,802.0,535.0,true,LEFT_EYE,LOOKING_AT_EYES,755.48724,515.10693,1055.4873,515.10693
54239,53657,P_TEST,0,GAZE_UNAWARE,802.0,535.0,true,LEFT_EYE,LOOKING_AT_EYES,755.48724,515.10693,1055.4873,515.10693
54272,53690,P_TEST,0,GAZE_UNAWARE,802.0,535.0,true,LEFT_EYE,LOOKING_AT_EYES,755.48724,515.10693,1055.4873,515.10693
54306,53724,P_TEST,0,GAZE_UNAWARE,802.0,535.0,true,LEFT_EYE,LOOKING_AT_EYES,755.48724,515.10693,1055.4873,515.10693
54356,53774,P_TEST,0,GAZE_UNAWARE,802.0,535.0,true,LEFT_EYE,LOOKING_AT_EYES,755.48724,515.10693,1055.4873,515.10693
54406,53824,P_TEST,0,GAZE_UNAWARE,802.0,535.0,true,LEFT_EYE,LOOKING_AT_EYES,755.48724,515.10693,1055.4873,515.10693
54455,53873,P_TEST,0,GAZE_UNAWARE,802.0,535.0,true,LEFT_EYE,LOOKING_AT_EYES,755.48724,515.10693,1055.4873,515.10693
54488,53906,P_TEST,0,GAZE_UNAWARE,802.0,535.0,true,LEFT_EYE,LOOKING_AT_EYES,755.48724,515.10693,1055.4873,515.10693
54521,53939,P_TEST,0,GAZE_UNAWARE,802.0,535.0,true,LEFT_EYE,LOOKING_AT_EYES,755.48724,515.10693,1055.4873,515.10693
54555,53973,P_TEST,0,GAZE_UNAWARE,802.0,535.0,true,LEFT_EYE,LOOKING_AT_EYES,755.48724,515.10693,1055.4873,515.10693
54588,54006,P_TEST,0,GAZE_UNAWARE,802.0,535.0,true,LEFT_EYE,LOOKING_AT_EYES,755.48724,515.10693,1055.4873,515.10693
54622,54040,P_TEST,0,GAZE_UNAWARE,802.0,535.0,true,LEFT_EYE,LOOKING_AT_EYES,755.48724,515.10693,1055.4873,515.10693
54656,54074,P_TEST,0,GAZE_UNAWARE,802.0,535.0,true,LEFT_EYE,LOOKING_AT_EYES,755.48724,515.10693,1055.4873,515.10693
54705,54123,P_TEST,0,GAZE_UNAWARE,802.0,535.0,true,LEFT_EYE,LOOKING_AT_EYES,755.48724,515.10693,1055.4873,515.10693
54738,54156,P_TEST,0,GAZE_UNAWARE,802.0,535.0,true,LEFT_EYE,LOOKING_AT_EYES,755.48724,515.10693,1055.4873,515.10693
54771,54189,P_TEST,0,GAZE_UNAWARE,802.0,535.0,true,LEFT_EYE,LOOKING_AT_EYES,755.48724,515.10693,1055.4873,515.10693
54804,54222,P_TEST,0,GAZE_UNAWARE,802.0,535.0,true,LEFT_EYE,LOOKING_AT_EYES,755.48724,515.10693,1055.4873,515.10693
54838,54256,P_TEST,0,GAZE_UNAWARE,802.0,535.0,true,LEFT_EYE,LOOKING_AT_EYES,755.48724,515.10693,1055.4873,515.10693
54871,54289,P_TEST,0,GAZE_UNAWARE,802.0,535.0,true,LEFT_EYE,LOOKING_AT_EYES,755.48724,515.10693,1055.4873,515.10693
54905,54323,P_TEST,0,GAZE_UNAWARE,802.0,535.0,true,LEFT_EYE,LOOKING_AT_EYES,755.48724,515.10693,1055.4873,515.10693
54938,54356,P_TEST,0,GAZE_UNAWARE,802.0,535.0,true,LEFT_EYE,LOOKING_AT_EYES,760.6825,516.5304,1060.6826,516.5304
54972,54390,P_TEST,0,GAZE_UNAWARE,802.0,535.0,true,LEFT_EYE,LOOKING_AT_EYES,771.073,519.3773,1071.0732,519.3773
55022,54440,P_TEST,0,GAZE_UNAWARE,802.0,535.0,true,LEFT_EYE,LOOKING_AT_EYES,786.65875,523.6477,1086.6592,523.6477
55055,54473,P_TEST,0,GAZE_UNAWARE,802.0,535.0,true,LEFT_EYE,LOOKING_AT_EYES,797.04926,526.4946,1097.0496,526.4946
55089,54507,P_TEST,0,GAZE_UNAWARE,802.0,535.0,true,LEFT_EYE,LOOKING_AT_EYES,807.43976,529.34155,1107.44,529.34155
55137,54555,P_TEST,0,GAZE_UNAWARE,802.0,535.0,true,LEFT_EYE,LOOKING_AT_EYES,822.2696,533.40485,1122.2695,533.40485
55171,54589,P_TEST,0,GAZE_UNAWARE,802.0,535.0,true,LEFT_EYE,LOOKING_AT_EYES,822.2696,533.40485,1122.2695,533.40485
55205,54623,P_TEST,0,GAZE_UNAWARE,802.0,535.0,true,LEFT_EYE,LOOKING_AT_EYES,822.2696,533.40485,1122.2695,533.40485
55238,54656,P_TEST,0,GAZE_UNAWARE,802.0,535.0,true,LEFT_EYE,MUTUAL_GAZE,822.2696,533.40485,1122.2695,533.40485
55272,54690,P_TEST,0,GAZE_UNAWARE,802.0,535.0,true,LEFT_EYE,MUTUAL_GAZE,822.2696,533.40485,1122.2695,533.40485
55305,54723,P_TEST,0,GAZE_UNAWARE,802.0,535.0,true,LEFT_EYE,MUTUAL_GAZE,822.2696,533.40485,1122.2695,533.40485
55338,54756,P_TEST,0,GAZE_UNAWARE,802.0,535.0,true,LEFT_EYE,MUTUAL_GAZE,822.2696,533.40485,1122.2695,533.40485
55389,54807,P_TEST,0,GAZE_UNAWARE,802.0,535.0,true,LEFT_EYE,MUTUAL_GAZE,822.2696,533.40485,1122.2695,533.40485
55422,54840,P_TEST,0,GAZE_UNAWARE,802.0,535.0,true,LEFT_EYE,MUTUAL_GAZE,822.2696,533.40485,1122.2695,533.40485
55455,54873,P_TEST,0,GAZE_UNAWARE,802.0,535.0,true,LEFT_EYE,MUTUAL_GAZE,822.2696,533.40485,1122.2695,533.40485
55488,54906,P_TEST,0,GAZE_UNAWARE,802.0,535.0,true,LEFT_EYE,MUTUAL_GAZE,822.2696,533.40485,1122.2695,533.40485
55522,54940,P_TEST,0,GAZE_UNAWARE,802.0,535.0,true,LEFT_EYE,MUTUAL_GAZE,822.2696,533.40485,1122.2695,533.40485
55555,54973,P_TEST,0,GAZE_UNAWARE,802.0,535.0,true,LEFT_EYE,MUTUAL_GAZE,822.2696,533.40485,1122.2695,533.40485
55588,55006,P_TEST,0,GAZE_UNAWARE,802.0,535.0,true,LEFT_EYE,MUTUAL_GAZE,822.2696,533.40485,1122.2695,533.40485
55622,55040,P_TEST,0,GAZE_UNAWARE,802.0,535.0,true,LEFT_EYE,MUTUAL_GAZE,822.2696,533.40485,1122.2695,533.40485
55656,55074,P_TEST,0,GAZE_UNAWARE,802.0,535.0,true,LEFT_EYE,MUTUAL_GAZE,822.2696,533.40485,1122.2695,533.40485
55689,55107,P_TEST,0,GAZE_UNAWARE,802.0,535.0,true,LEFT_EYE,MUTUAL_GAZE,822.2696,533.40485,1122.2695,533.40485
55722,55140,P_TEST,0,GAZE_UNAWARE,802.0,535.0,true,LEFT_EYE,MUTUAL_GAZE,822.2696,533.40485,1122.2695,533.40485
55772,55190,P_TEST,0,GAZE_UNAWARE,802.0,535.0,true,LEFT_EYE,MUTUAL_GAZE,822.2696,533.40485,1122.2695,533.40485
55805,55223,P_TEST,0,GAZE_UNAWARE,802.0,535.0,true,LEFT_EYE,MUTUAL_GAZE,822.2696,533.40485,1122.2695,533.40485
55838,55256,P_TEST,0,GAZE_UNAWARE,802.0,535.0,true,LEFT_EYE,MUTUAL_GAZE,822.2696,533.40485,1122.2695,533.40485
55872,55290,P_TEST,0,GAZE_UNAWARE,802.0,535.0,true,LEFT_EYE,MUTUAL_GAZE,822.2696,533.40485,1122.2695,533.40485
55906,55324,P_TEST,0,GAZE_UNAWARE,802.0,535.0,true,LEFT_EYE,MUTUAL_GAZE,822.2696,533.40485,1122.2695,533.40485
55939,55357,P_TEST,0,GAZE_UNAWARE,802.0,535.0,true,LEFT_EYE,MUTUAL_GAZE,822.2696,533.40485,1122.2695,533.40485
55972,55390,P_TEST,0,GAZE_UNAWARE,802.0,535.0,true,LEFT_EYE,MUTUAL_GAZE,822.2696,533.40485,1122.2695,533.40485
56005,55423,P_TEST,0,GAZE_UNAWARE,802.0,535.0,true,LEFT_EYE,MUTUAL_GAZE,822.2696,533.40485,1122.2695,533.40485
56039,55457,P_TEST,0,GAZE_UNAWARE,802.0,535.0,true,LEFT_EYE,MUTUAL_GAZE,822.2696,533.40485,1122.2695,533.40485
56072,55490,P_TEST,0,GAZE_UNAWARE,802.0,535.0,true,LEFT_EYE,MUTUAL_GAZE,822.2696,533.40485,1122.2695,533.40485
56121,55539,P_TEST,0,GAZE_UNAWARE,802.0,535.0,true,LEFT_EYE,MUTUAL_GAZE,822.2696,533.40485,1122.2695,533.40485
56154,55572,P_TEST,0,GAZE_UNAWARE,802.0,535.0,true,LEFT_EYE,MUTUAL_GAZE,822.2696,533.40485,1122.2695,533.40485
56188,55606,P_TEST,0,GAZE_UNAWARE,802.0,535.0,true,LEFT_EYE,MUTUAL_GAZE,822.2696,533.40485,1122.2695,533.40485
56221,55639,P_TEST,0,GAZE_UNAWARE,802.0,535.0,true,LEFT_EYE,MUTUAL_GAZE,822.2696,533.40485,1122.2695,533.40485
56254,55672,P_TEST,0,GAZE_UNAWARE,802.0,535.0,true,LEFT_EYE,MUTUAL_GAZE,822.2696,533.40485,1122.2695,533.40485
56289,55707,P_TEST,0,GAZE_UNAWARE,802.0,535.0,true,LEFT_EYE,MUTUAL_GAZE,822.2696,533.40485,1122.2695,533.40485
56322,55740,P_TEST,0,GAZE_UNAWARE,802.0,535.0,true,LEFT_EYE,MUTUAL_GAZE,822.2696,533.40485,1122.2695,533.40485
56355,55773,P_TEST,0,GAZE_UNAWARE,802.0,535.0,true,LEFT_EYE,MUTUAL_GAZE,822.2696,533.40485,1122.2695,533.40485
56389,55807,P_TEST,0,GAZE_UNAWARE,802.0,535.0,true,LEFT_EYE,MUTUAL_GAZE,822.2696,533.40485,1122.2695,533.40485
56439,55857,P_TEST,0,GAZE_UNAWARE,802.0,535.0,true,LEFT_EYE,MUTUAL_GAZE,822.2696,533.40485,1122.2695,533.40485
56472,55890,P_TEST,0,GAZE_UNAWARE,802.0,535.0,true,LEFT_EYE,MUTUAL_GAZE,822.2696,533.40485,1122.2695,533.40485
56505,55923,P_TEST,0,GAZE_UNAWARE,802.0,535.0,true,LEFT_EYE,MUTUAL_GAZE,822.2696,533.40485,1122.2695,533.40485
56538,55956,P_TEST,0,GAZE_UNAWARE,802.0,535.0,true,LEFT_EYE,MUTUAL_GAZE,822.2696,533.40485,1122.2695,533.40485
56572,55990,P_TEST,0,GAZE_UNAWARE,802.0,535.0,true,LEFT_EYE,MUTUAL_GAZE,822.2696,533.40485,1122.2695,533.40485
56606,56024,P_TEST,0,GAZE_UNAWARE,802.0,535.0,true,LEFT_EYE,MUTUAL_GAZE,822.2696,533.40485,1122.2695,533.40485
56640,56058,P_TEST,0,GAZE_UNAWARE,802.0,535.0,true,LEFT_EYE,MUTUAL_GAZE,822.2696,533.40485,1122.2695,533.40485
56688,56106,P_TEST,0,GAZE_UNAWARE,802.0,535.0,true,LEFT_EYE,MUTUAL_GAZE,822.2696,533.40485,1122.2695,533.40485
56722,56140,P_TEST,0,GAZE_UNAWARE,802.0,535.0,true,LEFT_EYE,MUTUAL_GAZE,822.2696,533.40485,1122.2695,533.40485
56755,56173,P_TEST,0,GAZE_UNAWARE,802.0,535.0,true,LEFT_EYE,MUTUAL_GAZE,822.2696,533.40485,1122.2695,533.40485
56805,56223,P_TEST,0,GAZE_UNAWARE,802.0,535.0,true,LEFT_EYE,MUTUAL_GAZE,822.2696,533.40485,1122.2695,533.40485
56839,56257,P_TEST,0,GAZE_UNAWARE,802.0,535.0,true,LEFT_EYE,MUTUAL_GAZE,822.2696,533.40485,1122.2695,533.40485
56872,56290,P_TEST,0,GAZE_UNAWARE,802.0,535.0,true,LEFT_EYE,MUTUAL_GAZE,822.2696,533.40485,1122.2695,533.40485
56905,56323,P_TEST,0,GAZE_UNAWARE,802.0,535.0,true,LEFT_EYE,MUTUAL_GAZE,822.2696,533.40485,1122.2695,533.40485
56938,56356,P_TEST,0,GAZE_UNAWARE,802.0,535.0,true,LEFT_EYE,MUTUAL_GAZE,822.2696,533.40485,1122.2695,533.40485
56973,56391,P_TEST,0,GAZE_UNAWARE,802.0,535.0,true,LEFT_EYE,MUTUAL_GAZE,822.2696,533.40485,1122.2695,533.40485
57022,56440,P_TEST,0,GAZE_UNAWARE,802.0,535.0,true,LEFT_EYE,MUTUAL_GAZE,822.2696,533.40485,1122.2695,533.40485
57055,56473,P_TEST,0,GAZE_UNAWARE,802.0,535.0,true,LEFT_EYE,MUTUAL_GAZE,822.2696,533.40485,1122.2695,533.40485
57088,56506,P_TEST,0,GAZE_UNAWARE,802.0,535.0,true,LEFT_EYE,MUTUAL_GAZE,822.2696,533.40485,1122.2695,533.40485
57121,56539,P_TEST,0,GAZE_UNAWARE,802.0,535.0,true,LEFT_EYE,MUTUAL_GAZE,822.2696,533.40485,1122.2695,533.40485
57155,56573,P_TEST,0,GAZE_UNAWARE,802.0,535.0,true,LEFT_EYE,MUTUAL_GAZE,822.2696,533.40485,1122.2695,533.40485
57189,56607,P_TEST,0,GAZE_UNAWARE,802.0,535.0,true,LEFT_EYE,MUTUAL_GAZE,822.2696,533.40485,1122.2695,533.40485
57222,56640,P_TEST,0,GAZE_UNAWARE,802.0,535.0,true,LEFT_EYE,MUTUAL_GAZE,822.2696,533.40485,1122.2695,533.40485
57256,56674,P_TEST,0,GAZE_UNAWARE,802.0,535.0,true,LEFT_EYE,MUTUAL_GAZE,822.2696,533.40485,1122.2695,533.40485
57289,56707,P_TEST,0,GAZE_UNAWARE,802.0,535.0,true,LEFT_EYE,MUTUAL_GAZE,822.2696,533.40485,1122.2695,533.40485
57322,56740,P_TEST,0,GAZE_UNAWARE,802.0,535.0,true,LEFT_EYE,MUTUAL_GAZE,822.2696,533.40485,1122.2695,533.40485
57356,56774,P_TEST,0,GAZE_UNAWARE,802.0,535.0,true,LEFT_EYE,MUTUAL_GAZE,822.2696,533.40485,1122.2695,533.40485
57389,56807,P_TEST,0,GAZE_UNAWARE,802.0,535.0,true,LEFT_EYE,MUTUAL_GAZE,822.2696,533.40485,1122.2695,533.40485
57423,56841,P_TEST,0,GAZE_UNAWARE,802.0,535.0,true,LEFT_EYE,MUTUAL_GAZE,822.2696,533.40485,1122.2695,533.40485
57472,56890,P_TEST,0,GAZE_UNAWARE,802.0,535.0,true,LEFT_EYE,MUTUAL_GAZE,822.2696,533.40485,1122.2695,533.40485
57506,56924,P_TEST,0,GAZE_UNAWARE,802.0,535.0,true,LEFT_EYE,MUTUAL_GAZE,822.2696,533.40485,1122.2695,533.40485
57555,56973,P_TEST,0,GAZE_UNAWARE,802.0,535.0,true,LEFT_EYE,MUTUAL_GAZE,822.2696,533.40485,1122.2695,533.40485
57588,57006,P_TEST,0,GAZE_UNAWARE,802.0,535.0,true,LEFT_EYE,MUTUAL_GAZE,822.2696,533.40485,1122.2695,533.40485
57622,57040,P_TEST,0,GAZE_UNAWARE,802.0,535.0,true,LEFT_EYE,MUTUAL_GAZE,822.2696,533.40485,1122.2695,533.40485
57655,57073,P_TEST,0,GAZE_UNAWARE,802.0,535.0,true,LEFT_EYE,MUTUAL_GAZE,822.2696,533.40485,1122.2695,533.40485
57689,57107,P_TEST,0,GAZE_UNAWARE,802.0,535.0,true,LEFT_EYE,MUTUAL_GAZE,822.2696,533.40485,1122.2695,533.40485
57722,57140,P_TEST,0,GAZE_UNAWARE,802.0,535.0,true,LEFT_EYE,MUTUAL_GAZE,822.2696,533.40485,1122.2695,533.40485
57771,57189,P_TEST,0,GAZE_UNAWARE,802.0,535.0,true,LEFT_EYE,MUTUAL_GAZE,822.2696,533.40485,1122.2695,533.40485
57806,57224,P_TEST,0,GAZE_UNAWARE,802.0,535.0,true,LEFT_EYE,MUTUAL_GAZE,822.2696,533.40485,1122.2695,533.40485
57855,57273,P_TEST,0,GAZE_UNAWARE,802.0,535.0,true,LEFT_EYE,MUTUAL_GAZE,822.2696,533.40485,1122.2695,533.40485
57889,57307,P_TEST,0,GAZE_UNAWARE,802.0,535.0,true,LEFT_EYE,MUTUAL_GAZE,822.2696,533.40485,1122.2695,533.40485
57922,57340,P_TEST,0,GAZE_UNAWARE,802.0,535.0,true,LEFT_EYE,MUTUAL_GAZE,822.2696,533.40485,1122.2695,533.40485
57956,57374,P_TEST,0,GAZE_UNAWARE,802.0,535.0,true,LEFT_EYE,MUTUAL_GAZE,822.2696,533.40485,1122.2695,533.40485
57989,57407,P_TEST,0,GAZE_UNAWARE,802.0,535.0,true,LEFT_EYE,MUTUAL_GAZE,822.2696,533.40485,1122.2695,533.40485
58038,57456,P_TEST,0,GAZE_UNAWARE,802.0,535.0,true,LEFT_EYE,MUTUAL_GAZE,822.2696,533.40485,1122.2695,533.40485
58072,57490,P_TEST,0,GAZE_UNAWARE,802.0,535.0,true,LEFT_EYE,MUTUAL_GAZE,822.2696,533.40485,1122.2695,533.40485
58122,57540,P_TEST,0,GAZE_UNAWARE,802.0,535.0,true,LEFT_EYE,MUTUAL_GAZE,835.3717,523.7146,1135.3718,523.7146
58155,57573,P_TEST,0,GAZE_UNAWARE,802.0,535.0,true,LEFT_EYE,MUTUAL_GAZE,844.1065,517.25446,1144.1067,517.2544
58189,57607,P_TEST,0,GAZE_UNAWARE,802.0,535.0,true,LEFT_EYE,MUTUAL_GAZE,852.8413,510.79428,1152.8416,510.79422
58238,57656,P_TEST,0,GAZE_UNAWARE,802.0,535.0,true,LEFT_EYE,LOOKING_AT_EYES,865.7387,501.25555,1165.7388,501.25555
58272,57690,P_TEST,0,GAZE_UNAWARE,802.0,535.0,true,LEFT_EYE,LOOKING_AT_EYES,865.7387,501.25555,1165.7388,501.25555
58305,57723,P_TEST,0,GAZE_UNAWARE,802.0,535.0,true,LEFT_EYE,LOOKING_AT_EYES,865.7387,501.25555,1165.7388,501.25555
58338,57756,P_TEST,0,GAZE_UNAWARE,802.0,535.0,true,LEFT_EYE,LOOKING_AT_EYES,865.7387,501.25555,1165.7388,501.25555
58372,57790,P_TEST,0,GAZE_UNAWARE,802.0,535.0,true,LEFT_EYE,LOOKING_AT_EYES,865.7387,501.25555,1165.7388,501.25555
58422,57840,P_TEST,0,GAZE_UNAWARE,802.0,535.0,true,LEFT_EYE,LOOKING_AT_EYES,865.7387,501.25555,1165.7388,501.25555
58455,57873,P_TEST,0,GAZE_UNAWARE,802.0,535.0,true,LEFT_EYE,LOOKING_AT_EYES,865.7387,501.25555,1165.7388,501.25555
58488,57906,P_TEST,0,GAZE_UNAWARE,802.0,535.0,true,LEFT_EYE,LOOKING_AT_EYES,865.7387,501.25555,1165.7388,501.25555
58521,57939,P_TEST,0,GAZE_UNAWARE,802.0,535.0,true,LEFT_EYE,LOOKING_AT_EYES,865.7387,501.25555,1165.7388,501.25555
58554,57972,P_TEST,0,GAZE_UNAWARE,802.0,535.0,true,LEFT_EYE,LOOKING_AT_EYES,865.7387,501.25555,1165.7388,501.25555
58588,58006,P_TEST,0,GAZE_UNAWARE,802.0,535.0,true,LEFT_EYE,LOOKING_AT_EYES,865.7387,501.25555,1165.7388,501.25555
58622,58040,P_TEST,0,GAZE_UNAWARE,802.0,535.0,true,LEFT_EYE,LOOKING_AT_EYES,865.7387,501.25555,1165.7388,501.25555
58655,58073,P_TEST,0,GAZE_UNAWARE,802.0,535.0,true,LEFT_EYE,LOOKING_AT_EYES,865.7387,501.25555,1165.7388,501.25555
58688,58106,P_TEST,0,GAZE_UNAWARE,802.0,535.0,true,LEFT_EYE,LOOKING_AT_EYES,865.7387,501.25555,1165.7388,501.25555
58722,58140,P_TEST,0,GAZE_UNAWARE,802.0,535.0,true,LEFT_EYE,LOOKING_AT_EYES,865.7387,501.25555,1165.7388,501.25555
58755,58173,P_TEST,0,GAZE_UNAWARE,802.0,535.0,true,LEFT_EYE,LOOKING_AT_EYES,865.7387,501.25555,1165.7388,501.25555
58789,58207,P_TEST,0,GAZE_UNAWARE,802.0,535.0,true,LEFT_EYE,LOOKING_AT_EYES,865.7387,501.25555,1165.7388,501.25555
58822,58240,P_TEST,0,GAZE_UNAWARE,802.0,535.0,true,LEFT_EYE,LOOKING_AT_EYES,865.7387,501.25555,1165.7388,501.25555
58855,58273,P_TEST,0,GAZE_UNAWARE,802.0,535.0,true,LEFT_EYE,LOOKING_AT_EYES,865.7387,501.25555,1165.7388,501.25555
58888,58306,P_TEST,0,GAZE_UNAWARE,802.0,535.0,true,LEFT_EYE,LOOKING_AT_EYES,865.7387,501.25555,1165.7388,501.25555
58922,58340,P_TEST,0,GAZE_UNAWARE,802.0,535.0,true,LEFT_EYE,LOOKING_AT_EYES,865.7387,501.25555,1165.7388,501.25555
58956,58374,P_TEST,0,GAZE_UNAWARE,802.0,535.0,true,LEFT_EYE,LOOKING_AT_EYES,865.7387,501.25555,1165.7388,501.25555
58989,58407,P_TEST,0,GAZE_UNAWARE,802.0,535.0,true,LEFT_EYE,LOOKING_AT_EYES,865.7387,501.25555,1165.7388,501.25555
59022,58440,P_TEST,0,GAZE_UNAWARE,802.0,535.0,true,LEFT_EYE,LOOKING_AT_EYES,865.7387,501.25555,1165.7388,501.25555
59055,58473,P_TEST,0,GAZE_UNAWARE,802.0,535.0,true,LEFT_EYE,LOOKING_AT_EYES,865.7387,501.25555,1165.7388,501.25555
59088,58506,P_TEST,0,GAZE_UNAWARE,802.0,535.0,true,LEFT_EYE,LOOKING_AT_EYES,865.7387,501.25555,1165.7388,501.25555
59122,58540,P_TEST,0,GAZE_UNAWARE,802.0,535.0,true,LEFT_EYE,LOOKING_AT_EYES,865.7387,501.25555,1165.7388,501.25555
59156,58574,P_TEST,0,GAZE_UNAWARE,802.0,535.0,true,LEFT_EYE,LOOKING_AT_EYES,865.7387,501.25555,1165.7388,501.25555
59205,58623,P_TEST,0,GAZE_UNAWARE,802.0,535.0,true,LEFT_EYE,LOOKING_AT_EYES,865.7387,501.25555,1165.7388,501.25555
59238,58656,P_TEST,0,GAZE_UNAWARE,802.0,535.0,true,LEFT_EYE,LOOKING_AT_EYES,865.7387,501.25555,1165.7388,501.25555
59272,58690,P_TEST,0,GAZE_UNAWARE,802.0,535.0,true,LEFT_EYE,LOOKING_AT_EYES,865.7387,501.25555,1165.7388,501.25555
59321,58739,P_TEST,0,GAZE_UNAWARE,802.0,535.0,true,LEFT_EYE,LOOKING_AT_EYES,865.7387,501.25555,1165.7388,501.25555
59354,58772,P_TEST,0,GAZE_UNAWARE,802.0,535.0,true,LEFT_EYE,LOOKING_AT_EYES,865.7387,501.25555,1165.7388,501.25555
59388,58806,P_TEST,0,GAZE_UNAWARE,802.0,535.0,true,LEFT_EYE,LOOKING_AT_EYES,865.7387,501.25555,1165.7388,501.25555
59422,58840,P_TEST,0,GAZE_UNAWARE,802.0,535.0,true,LEFT_EYE,LOOKING_AT_EYES,865.7387,501.25555,1165.7388,501.25555
59455,58873,P_TEST,0,GAZE_UNAWARE,802.0,535.0,true,LEFT_EYE,LOOKING_AT_EYES,865.7387,501.25555,1165.7388,501.25555
59489,58907,P_TEST,0,GAZE_UNAWARE,802.0,535.0,true,LEFT_EYE,LOOKING_AT_EYES,865.7387,501.25555,1165.7388,501.25555
59538,58956,P_TEST,0,GAZE_UNAWARE,802.0,535.0,true,LEFT_EYE,LOOKING_AT_EYES,865.7387,501.25555,1165.7388,501.25555
59572,58990,P_TEST,0,GAZE_UNAWARE,802.0,535.0,true,LEFT_EYE,LOOKING_AT_EYES,865.7387,501.25555,1165.7388,501.25555
59605,59023,P_TEST,0,GAZE_UNAWARE,802.0,535.0,true,LEFT_EYE,LOOKING_AT_EYES,865.7387,501.25555,1165.7388,501.25555
59654,59072,P_TEST,0,GAZE_UNAWARE,802.0,535.0,true,LEFT_EYE,LOOKING_AT_EYES,865.7387,501.25555,1165.7388,501.25555
59688,59106,P_TEST,0,GAZE_UNAWARE,802.0,535.0,true,LEFT_EYE,LOOKING_AT_EYES,865.7387,501.25555,1165.7388,501.25555
59739,59157,P_TEST,0,GAZE_UNAWARE,802.0,535.0,true,LEFT_EYE,LOOKING_AT_EYES,865.7387,501.25555,1165.7388,501.25555
59788,59206,P_TEST,0,GAZE_UNAWARE,802.0,535.0,true,LEFT_EYE,LOOKING_AT_EYES,865.7387,501.25555,1165.7388,501.25555
59822,59240,P_TEST,0,GAZE_UNAWARE,802.0,535.0,true,LEFT_EYE,LOOKING_AT_EYES,865.7387,501.25555,1165.7388,501.25555
59872,59290,P_TEST,0,GAZE_UNAWARE,802.0,535.0,true,LEFT_EYE,LOOKING_AT_EYES,865.7387,501.25555,1165.7388,501.25555
59905,59323,P_TEST,0,GAZE_UNAWARE,802.0,535.0,true,LEFT_EYE,LOOKING_AT_EYES,865.7387,501.25555,1165.7388,501.25555
59939,59357,P_TEST,0,GAZE_UNAWARE,802.0,535.0,true,LEFT_EYE,LOOKING_AT_EYES,865.7387,501.25555,1165.7388,501.25555
59973,59391,P_TEST,0,GAZE_UNAWARE,802.0,535.0,true,LEFT_EYE,LOOKING_AT_EYES,865.7387,501.25555,1165.7388,501.25555
60022,59440,P_TEST,0,GAZE_UNAWARE,802.0,535.0,true,LEFT_EYE,LOOKING_AT_EYES,865.7387,501.25555,1165.7388,501.25555
60055,59473,P_TEST,0,GAZE_UNAWARE,802.0,535.0,true,LEFT_EYE,LOOKING_AT_EYES,865.7387,501.25555,1165.7388,501.25555
60088,59506,P_TEST,0,GAZE_UNAWARE,802.0,535.0,true,LEFT_EYE,LOOKING_AT_EYES,865.7387,501.25555,1165.7388,501.25555
60121,59539,P_TEST,0,GAZE_UNAWARE,802.0,535.0,true,LEFT_EYE,LOOKING_AT_EYES,865.7387,501.25555,1165.7388,501.25555
60155,59573,P_TEST,0,GAZE_UNAWARE,802.0,535.0,true,LEFT_EYE,LOOKING_AT_EYES,865.7387,501.25555,1165.7388,501.25555
60188,59606,P_TEST,0,GAZE_UNAWARE,802.0,535.0,true,LEFT_EYE,LOOKING_AT_EYES,865.7387,501.25555,1165.7388,501.25555
60222,59640,P_TEST,0,GAZE_UNAWARE,802.0,535.0,true,LEFT_EYE,LOOKING_AT_EYES,865.7387,501.25555,1165.7388,501.25555
60272,59690,P_TEST,0,GAZE_UNAWARE,802.0,535.0,true,LEFT_EYE,LOOKING_AT_EYES,865.7387,501.25555,1165.7388,501.25555
60305,59723,P_TEST,0,GAZE_UNAWARE,802.0,535.0,true,LEFT_EYE,LOOKING_AT_EYES,865.7387,501.25555,1165.7388,501.25555
60339,59757,P_TEST,0,GAZE_UNAWARE,802.0,535.0,true,LEFT_EYE,LOOKING_AT_EYES,865.7387,501.25555,1165.7388,501.25555
60388,59806,P_TEST,0,GAZE_UNAWARE,802.0,535.0,true,LEFT_EYE,LOOKING_AT_EYES,857.1948,504.2181,1157.1947,504.2181
60422,59840,P_TEST,0,GAZE_UNAWARE,802.0,535.0,true,LEFT_EYE,LOOKING_AT_EYES,851.4989,506.19315,1151.4987,506.19315
60471,59889,P_TEST,0,GAZE_UNAWARE,802.0,535.0,true,LEFT_EYE,LOOKING_AT_EYES,842.955,509.1557,1142.9546,509.1557
60505,59923,P_TEST,0,GAZE_UNAWARE,802.0,535.0,true,LEFT_EYE,LOOKING_AT_EYES,837.2591,511.13074,1137.2585,511.13074
60539,59957,P_TEST,0,GAZE_UNAWARE,802.0,535.0,true,LEFT_EYE,LOOKING_AT_EYES,831.5632,513.10583,1131.5625,513.10583
60589,60007,P_TEST,0,GAZE_UNAWARE,802.0,535.0,true,LEFT_EYE,LOOKING_AT_EYES,823.0193,516.06836,1123.0184,516.0685
60639,60057,P_TEST,0,GAZE_UNAWARE,802.0,535.0,true,LEFT_EYE,LOOKING_AT_EYES,814.4754,519.0309,1114.4744,519.0311
60672,60090,P_TEST,0,GAZE_UNAWARE,802.0,535.0,true,LEFT_EYE,LOOKING_AT_EYES,808.7795,521.0059,1108.7783,521.0062
60705,60123,P_TEST,0,GAZE_UNAWARE,802.0,535.0,true,LEFT_EYE,LOOKING_AT_EYES,803.08356,522.98096,1103.0823,522.9813
60739,60157,P_TEST,0,GAZE_UNAWARE,802.0,535.0,true,LEFT_EYE,LOOKING_AT_EYES,797.38763,524.95593,1097.3862,524.9564
60772,60190,P_TEST,0,GAZE_UNAWARE,802.0,535.0,true,LEFT_EYE,LOOKING_AT_EYES,791.6917,526.93097,1091.6902,526.9315
60806,60224,P_TEST,0,GAZE_UNAWARE,802.0,535.0,true,LEFT_EYE,LOOKING_AT_EYES,785.9958,528.906,1085.9941,528.90656
60839,60257,P_TEST,0,GAZE_UNAWARE,802.0,535.0,true,LEFT_EYE,LOOKING_AT_EYES,780.29987,530.88104,1080.2981,530.88165
60872,60290,P_TEST,0,GAZE_UNAWARE,802.0,535.0,true,LEFT_EYE,LOOKING_AT_EYES,774.60394,532.856,1074.602,532.8567
60905,60323,P_TEST,0,GAZE_UNAWARE,802.0,535.0,true,LEFT_EYE,LOOKING_AT_EYES,768.908,534.83105,1068.906,534.8318
60938,60356,P_TEST,0,GAZE_UNAWARE,802.0,535.0,true,LEFT_EYE,LOOKING_AT_EYES,763.2121,536.8061,1063.21,536.8068
60971,60389,P_TEST,0,GAZE_UNAWARE,802.0,535.0,true,LEFT_EYE,LOOKING_AT_EYES,758.69476,538.37244,1058.6948,538.37244
61005,60423,P_TEST,0,GAZE_UNAWARE,802.0,535.0,true,LEFT_EYE,LOOKING_AT_EYES,758.69476,538.37244,1058.6948,538.37244
61039,60457,P_TEST,0,GAZE_UNAWARE,802.0,535.0,true,LEFT_EYE,LOOKING_AT_EYES,758.69476,538.37244,1058.6948,538.37244
61072,60490,P_TEST,0,GAZE_UNAWARE,802.0,535.0,true,LEFT_EYE,LOOKING_AT_EYES,758.69476,538.37244,1058.6948,538.37244
61106,60524,P_TEST,0,GAZE_UNAWARE,802.0,535.0,true,LEFT_EYE,LOOKING_AT_EYES,758.69476,538.37244,1058.6948,538.37244
61155,60573,P_TEST,0,GAZE_UNAWARE,802.0,535.0,true,LEFT_EYE,LOOKING_AT_EYES,758.69476,538.37244,1058.6948,538.37244
61188,60606,P_TEST,0,GAZE_UNAWARE,802.0,535.0,true,LEFT_EYE,LOOKING_AT_EYES,758.69476,538.37244,1058.6948,538.37244
61222,60640,P_TEST,0,GAZE_UNAWARE,802.0,535.0,true,LEFT_EYE,LOOKING_AT_EYES,758.69476,538.37244,1058.6948,538.37244
61255,60673,P_TEST,0,GAZE_UNAWARE,802.0,535.0,true,LEFT_EYE,LOOKING_AT_EYES,758.69476,538.37244,1058.6948,538.37244
61289,60707,P_TEST,0,GAZE_UNAWARE,802.0,535.0,true,LEFT_EYE,LOOKING_AT_EYES,758.69476,538.37244,1058.6948,538.37244
61340,60758,P_TEST,0,GAZE_AWARE,802.0,535.0,true,LEFT_EYE,LOOKING_AT_EYES,764.68445,538.0204,1064.6844,538.0204
61373,60791,P_TEST,0,GAZE_AWARE,802.0,535.0,true,LEFT_EYE,LOOKING_AT_EYES,770.5,537.6786,1070.5,537.6786
61406,60824,P_TEST,0,GAZE_AWARE,802.0,535.0,true,LEFT_EYE,LOOKING_AT_EYES,770.5,537.6786,1070.5,537.6786
61456,60874,P_TEST,0,GAZE_AWARE,802.0,535.0,true,LEFT_EYE,LOOKING_AT_EYES,770.5,537.6786,1070.5,537.6786
61489,60907,P_TEST,0,GAZE_AWARE,802.0,535.0,true,LEFT_EYE,LOOKING_AT_EYES,770.5,537.6786,1070.5,537.6786
61538,60956,P_TEST,0,GAZE_AWARE,802.0,535.0,true,LEFT_EYE,LOOKING_AT_EYES,770.5,537.6786,1070.5,537.6786
61571,60989,P_TEST,0,GAZE_AWARE,802.0,535.0,true,LEFT_EYE,LOOKING_AT_EYES,770.5,537.6786,1070.5,537.6786
61604,61022,P_TEST,0,GAZE_AWARE,802.0,535.0,true,LEFT_EYE,LOOKING_AT_EYES,770.5,537.6786,1070.5,537.6786
61639,61057,P_TEST,0,GAZE_AWARE,802.0,535.0,true,LEFT_EYE,LOOKING_AT_EYES,770.5,537.6786,1070.5,537.6786
61672,61090,P_TEST,0,GAZE_AWARE,802.0,535.0,true,LEFT_EYE,LOOKING_AT_EYES,770.5,537.6786,1070.5,537.6786
61722,61140,P_TEST,0,GAZE_AWARE,802.0,535.0,true,LEFT_EYE,LOOKING_AT_EYES,770.5,537.6786,1070.5,537.6786
61756,61174,P_TEST,0,GAZE_AWARE,802.0,535.0,true,LEFT_EYE,LOOKING_AT_EYES,770.5,537.6786,1070.5,537.6786
61804,61222,P_TEST,0,GAZE_AWARE,822.0,533.0,true,LEFT_EYE,LOOKING_AT_EYES,775.5,536.75,1075.5,536.75
61839,61257,P_TEST,0,GAZE_AWARE,839.0,534.0,true,LEFT_EYE,LOOKING_AT_EYES,779.75,537.2143,1079.75,537.2143
61889,61307,P_TEST,0,GAZE_AWARE,847.0,536.0,true,LEFT_EYE,LOOKING_AT_EYES,781.75,538.1429,1081.75,538.1429
61939,61357,P_TEST,0,GAZE_AWARE,851.0,538.0,true,LEFT_EYE,LOOKING_AT_EYES,782.75,539.0714,1082.75,539.0714
61972,61390,P_TEST,0,GAZE_AWARE,851.0,538.0,true,LEFT_EYE,LOOKING_AT_EYES,782.75,539.0714,1082.75,539.0714
62006,61424,P_TEST,0,GAZE_AWARE,851.0,538.0,true,LEFT_EYE,LOOKING_AT_EYES,782.75,539.0714,1082.75,539.0714
62039,61457,P_TEST,0,GAZE_AWARE,844.0,540.0,true,LEFT_EYE,LOOKING_AT_EYES,781.0,540.0,1081.0,540.0
62072,61490,P_TEST,0,GAZE_AWARE,825.0,542.0,true,LEFT_EYE,LOOKING_AT_EYES,776.25,540.9286,1076.25,540.9286
62106,61524,P_TEST,0,GAZE_AWARE,798.0,544.0,true,LEFT_EYE,LOOKING_AT_EYES,769.5,541.8571,1069.5,541.8571
62139,61557,P_TEST,0,GAZE_AWARE,790.0,544.0,true,LEFT_EYE,LOOKING_AT_EYES,767.5,541.8571,1067.5,541.8571
62173,61591,P_TEST,0,GAZE_AWARE,785.0,544.0,true,LEFT_EYE,LOOKING_AT_EYES,766.25,541.8571,1066.25,541.8571
62206,61624,P_TEST,0,GAZE_AWARE,785.0,544.0,true,LEFT_EYE,LOOKING_AT_EYES,766.25,541.8571,1066.25,541.8571
62240,61658,P_TEST,0,GAZE_AWARE,785.0,544.0,true,LEFT_EYE,LOOKING_AT_EYES,766.25,541.8571,1066.25,541.8571
62288,61706,P_TEST,0,GAZE_AWARE,785.0,544.0,true,LEFT_EYE,LOOKING_AT_EYES,766.25,541.8571,1066.25,541.8571
62323,61741,P_TEST,0,GAZE_AWARE,785.0,544.0,true,LEFT_EYE,LOOKING_AT_EYES,766.25,541.8571,1066.25,541.8571
62356,61774,P_TEST,0,GAZE_AWARE,785.0,543.0,true,LEFT_EYE,LOOKING_AT_EYES,766.25,541.3929,1066.25,541.3929
62389,61807,P_TEST,0,GAZE_AWARE,786.0,543.0,true,LEFT_EYE,LOOKING_AT_EYES,766.5,541.3929,1066.5,541.3929
62439,61857,P_TEST,0,GAZE_AWARE,788.0,541.0,true,LEFT_EYE,LOOKING_AT_EYES,767.0,540.4643,1067.0,540.4643
62489,61907,P_TEST,0,GAZE_AWARE,793.0,540.0,true,LEFT_EYE,LOOKING_AT_EYES,768.25,540.0,1068.25,540.0
62523,61941,P_TEST,0,GAZE_AWARE,797.0,540.0,true,LEFT_EYE,LOOKING_AT_EYES,769.25,540.0,1069.25,540.0
62556,61974,P_TEST,0,GAZE_AWARE,799.0,539.0,true,LEFT_EYE,LOOKING_AT_EYES,769.75,539.5357,1069.75,539.5357
62589,62007,P_TEST,0,GAZE_AWARE,801.0,539.0,true,LEFT_EYE,LOOKING_AT_EYES,770.25,539.5357,1070.25,539.5357
62622,62040,P_TEST,0,GAZE_AWARE,805.0,539.0,true,LEFT_EYE,LOOKING_AT_EYES,771.25,539.5357,1071.25,539.5357
62673,62091,P_TEST,0,GAZE_AWARE,811.0,540.0,true,LEFT_EYE,LOOKING_AT_EYES,772.75,540.0,1072.75,540.0
62706,62124,P_TEST,0,GAZE_AWARE,816.0,540.0,true,LEFT_EYE,LOOKING_AT_EYES,774.0,540.0,1074.0,540.0
62740,62158,P_TEST,0,GAZE_AWARE,820.0,540.0,true,LEFT_EYE,LOOKING_AT_EYES,775.0,540.0,1075.0,540.0
62773,62191,P_TEST,0,GAZE_AWARE,823.0,541.0,true,LEFT_EYE,LOOKING_AT_EYES,775.75,540.4643,1075.75,540.4643
62823,62241,P_TEST,0,GAZE_AWARE,824.0,541.0,true,LEFT_EYE,LOOKING_AT_EYES,776.0,540.4643,1076.0,540.4643
62856,62274,P_TEST,0,GAZE_AWARE,825.0,541.0,true,LEFT_EYE,LOOKING_AT_EYES,776.25,540.4643,1076.25,540.4643
62889,62307,P_TEST,0,GAZE_AWARE,825.0,541.0,true,LEFT_EYE,LOOKING_AT_EYES,776.25,540.4643,1076.25,540.4643
62922,62340,P_TEST,0,GAZE_AWARE,825.0,541.0,true,LEFT_EYE,LOOKING_AT_EYES,776.25,540.4643,1076.25,540.4643
62972,62390,P_TEST,0,GAZE_AWARE,825.0,541.0,true,LEFT_EYE,LOOKING_AT_EYES,776.25,540.4643,1076.25,540.4643
63005,62423,P_TEST,0,GAZE_AWARE,829.0,542.0,true,LEFT_EYE,LOOKING_AT_EYES,777.25,540.9286,1077.25,540.9286
63054,62472,P_TEST,0,GAZE_AWARE,834.0,543.0,true,LEFT_EYE,LOOKING_AT_EYES,778.5,541.3929,1078.5,541.3929
63089,62507,P_TEST,0,GAZE_AWARE,835.0,543.0,true,LEFT_EYE,LOOKING_AT_EYES,778.75,541.3929,1078.75,541.3929
63122,62540,P_TEST,0,GAZE_AWARE,836.0,543.0,true,LEFT_EYE,LOOKING_AT_EYES,779.0,541.3929,1079.0,541.3929
63156,62574,P_TEST,0,GAZE_AWARE,836.0,543.0,true,LEFT_EYE,LOOKING_AT_EYES,779.0,541.3929,1079.0,541.3929
63189,62607,P_TEST,0,GAZE_AWARE,836.0,543.0,true,LEFT_EYE,LOOKING_AT_EYES,779.0,541.3929,1079.0,541.3929
63222,62640,P_TEST,0,GAZE_AWARE,836.0,543.0,true,LEFT_EYE,LOOKING_AT_EYES,779.0,541.3929,1079.0,541.3929
63256,62674,P_TEST,0,GAZE_AWARE,836.0,543.0,true,LEFT_EYE,LOOKING_AT_EYES,779.0,541.3929,1079.0,541.3929
63289,62707,P_TEST,0,GAZE_AWARE,836.0,543.0,true,LEFT_EYE,LOOKING_AT_EYES,779.0,541.3929,1079.0,541.3929
63323,62741,P_TEST,0,GAZE_AWARE,836.0,543.0,true,LEFT_EYE,LOOKING_AT_EYES,779.0,541.3929,1079.0,541.3929
63373,62791,P_TEST,0,GAZE_AWARE,836.0,543.0,true,LEFT_EYE,LOOKING_AT_EYES,779.0,541.3929,1079.0,541.3929
63406,62824,P_TEST,0,GAZE_AWARE,836.0,543.0,true,LEFT_EYE,LOOKING_AT_EYES,779.0,541.3929,1079.0,541.3929
63439,62857,P_TEST,0,GAZE_AWARE,836.0,543.0,true,LEFT_EYE,LOOKING_AT_EYES,779.0,541.3929,1079.0,541.3929
63472,62890,P_TEST,0,GAZE_AWARE,836.0,543.0,true,LEFT_EYE,LOOKING_AT_EYES,779.0,541.3929,1079.0,541.3929
63523,62941,P_TEST,0,GAZE_AWARE,837.0,542.0,true,LEFT_EYE,LOOKING_AT_EYES,779.25,540.9286,1079.25,540.9286
63572,62990,P_TEST,0,GAZE_AWARE,837.0,542.0,true,LEFT_EYE,LOOKING_AT_EYES,779.25,540.9286,1079.25,540.9286
63606,63024,P_TEST,0,GAZE_AWARE,837.0,542.0,true,LEFT_EYE,LOOKING_AT_EYES,779.25,540.9286,1079.25,540.9286
63639,63057,P_TEST,0,GAZE_AWARE,837.0,542.0,true,LEFT_EYE,LOOKING_AT_EYES,779.25,540.9286,1079.25,540.9286
63673,63091,P_TEST,0,GAZE_AWARE,830.0,543.0,true,LEFT_EYE,LOOKING_AT_EYES,777.5,541.3929,1077.5,541.3929
63706,63124,P_TEST,0,GAZE_AWARE,826.0,543.0,true,LEFT_EYE,LOOKING_AT_EYES,776.5,541.3929,1076.5,541.3929
63756,63174,P_TEST,0,GAZE_AWARE,828.0,540.0,true,LEFT_EYE,LOOKING_AT_EYES,777.0,540.0,1077.0,540.0
63806,63224,P_TEST,0,GAZE_AWARE,830.0,538.0,true,LEFT_EYE,LOOKING_AT_EYES,777.5,539.0714,1077.5,539.0714
63839,63257,P_TEST,0,GAZE_AWARE,830.0,538.0,true,LEFT_EYE,LOOKING_AT_EYES,777.5,539.0714,1077.5,539.0714
63873,63291,P_TEST,0,GAZE_AWARE,828.0,538.0,true,LEFT_EYE,LOOKING_AT_EYES,777.0,539.0714,1077.0,539.0714
63923,63341,P_TEST,0,GAZE_AWARE,821.0,541.0,true,LEFT_EYE,LOOKING_AT_EYES,775.25,540.4643,1075.25,540.4643
63956,63374,P_TEST,0,GAZE_AWARE,821.0,541.0,true,LEFT_EYE,LOOKING_AT_EYES,775.25,540.4643,1075.25,540.4643
63989,63407,P_TEST,0,GAZE_AWARE,821.0,541.0,true,LEFT_EYE,LOOKING_AT_EYES,775.25,540.4643,1075.25,540.4643
64023,63441,P_TEST,0,GAZE_AWARE,821.0,541.0,true,LEFT_EYE,LOOKING_AT_EYES,775.25,540.4643,1075.25,540.4643
64056,63474,P_TEST,0,GAZE_AWARE,816.0,542.0,true,LEFT_EYE,LOOKING_AT_EYES,774.0,540.9286,1074.0,540.9286
64089,63507,P_TEST,0,GAZE_AWARE,804.0,545.0,true,LEFT_EYE,LOOKING_AT_EYES,771.0,542.3214,1071.0,542.3214
64123,63541,P_TEST,0,GAZE_AWARE,797.0,547.0,true,LEFT_EYE,LOOKING_AT_EYES,769.25,543.25,1069.25,543.25
64156,63574,P_TEST,0,GAZE_AWARE,797.0,547.0,true,LEFT_EYE,LOOKING_AT_EYES,769.25,543.25,1069.25,543.25
64189,63607,P_TEST,0,GAZE_AWARE,797.0,547.0,true,LEFT_EYE,LOOKING_AT_EYES,769.25,543.25,1069.25,543.25
64223,63641,P_TEST,0,GAZE_AWARE,797.0,547.0,true,LEFT_EYE,LOOKING_AT_EYES,769.25,543.25,1069.25,543.25
64256,63674,P_TEST,0,GAZE_AWARE,797.0,547.0,true,LEFT_EYE,LOOKING_AT_EYES,769.25,543.25,1069.25,543.25
64289,63707,P_TEST,0,GAZE_AWARE,797.0,547.0,true,LEFT_EYE,LOOKING_AT_EYES,769.25,543.25,1069.25,543.25
64322,63740,P_TEST,0,GAZE_AWARE,797.0,547.0,true,LEFT_EYE,LOOKING_AT_EYES,769.25,543.25,1069.25,543.25
64355,63773,P_TEST,0,GAZE_AWARE,797.0,547.0,true,LEFT_EYE,LOOKING_AT_EYES,769.25,543.25,1069.25,543.25
64390,63808,P_TEST,0,GAZE_AWARE,797.0,547.0,true,LEFT_EYE,LOOKING_AT_EYES,769.25,543.25,1069.25,543.25
64423,63841,P_TEST,0,GAZE_AWARE,797.0,547.0,true,LEFT_EYE,LOOKING_AT_EYES,769.25,543.25,1069.25,543.25
64456,63874,P_TEST,0,GAZE_AWARE,798.0,546.0,true,LEFT_EYE,LOOKING_AT_EYES,769.5,542.7857,1069.5,542.7857
64490,63908,P_TEST,0,GAZE_AWARE,798.0,546.0,true,LEFT_EYE,LOOKING_AT_EYES,769.5,542.7857,1069.5,542.7857
64540,63958,P_TEST,0,GAZE_AWARE,799.0,546.0,true,LEFT_EYE,LOOKING_AT_EYES,769.75,542.7857,1069.75,542.7857
64590,64008,P_TEST,0,GAZE_AWARE,799.0,545.0,true,LEFT_EYE,LOOKING_AT_EYES,769.75,542.3214,1069.75,542.3214
64623,64041,P_TEST,0,GAZE_AWARE,799.0,545.0,true,LEFT_EYE,LOOKING_AT_EYES,769.75,542.3214,1069.75,542.3214
64672,64090,P_TEST,0,GAZE_AWARE,799.0,545.0,true,LEFT_EYE,LOOKING_AT_EYES,769.75,542.3214,1069.75,542.3214
64705,64123,P_TEST,0,GAZE_AWARE,799.0,545.0,true,LEFT_EYE,LOOKING_AT_EYES,769.75,542.3214,1069.75,542.3214
64740,64158,P_TEST,0,GAZE_AWARE,799.0,545.0,true,LEFT_EYE,LOOKING_AT_EYES,769.75,542.3214,1069.75,542.3214
64773,64191,P_TEST,0,GAZE_AWARE,799.0,545.0,true,LEFT_EYE,LOOKING_AT_EYES,769.75,542.3214,1069.75,542.3214
64806,64224,P_TEST,0,GAZE_AWARE,799.0,545.0,true,LEFT_EYE,LOOKING_AT_EYES,769.75,542.3214,1069.75,542.3214
64855,64273,P_TEST,0,GAZE_AWARE,799.0,545.0,true,LEFT_EYE,LOOKING_AT_EYES,769.75,542.3214,1069.75,542.3214
64889,64307,P_TEST,0,GAZE_AWARE,799.0,545.0,true,LEFT_EYE,LOOKING_AT_EYES,769.75,542.3214,1069.75,542.3214
64922,64340,P_TEST,0,GAZE_AWARE,799.0,545.0,true,LEFT_EYE,LOOKING_AT_EYES,769.75,542.3214,1069.75,542.3214
64972,64390,P_TEST,0,GAZE_AWARE,799.0,545.0,true,LEFT_EYE,LOOKING_AT_EYES,769.75,542.3214,1069.75,542.3214
65006,64424,P_TEST,0,GAZE_AWARE,799.0,545.0,true,LEFT_EYE,LOOKING_AT_EYES,769.75,542.3214,1069.75,542.3214
65056,64474,P_TEST,0,GAZE_AWARE,800.0,545.0,true,LEFT_EYE,LOOKING_AT_EYES,770.0,542.3214,1070.0,542.3214
65106,64524,P_TEST,0,GAZE_AWARE,812.0,543.0,true,LEFT_EYE,LOOKING_AT_EYES,773.0,541.3929,1073.0,541.3929
65143,64561,P_TEST,0,GAZE_AWARE,825.0,541.0,true,LEFT_EYE,LOOKING_AT_EYES,776.25,540.4643,1076.25,540.4643
65187,64605,P_TEST,0,GAZE_AWARE,830.0,540.0,true,LEFT_EYE,LOOKING_AT_EYES,777.5,540.0,1077.5,540.0
65222,64640,P_TEST,0,GAZE_AWARE,832.0,541.0,true,LEFT_EYE,LOOKING_AT_EYES,778.0,540.4643,1078.0,540.4643
65272,64690,P_TEST,0,GAZE_AWARE,834.0,543.0,true,LEFT_EYE,LOOKING_AT_EYES,778.5,541.3929,1078.5,541.3929
65306,64724,P_TEST,0,GAZE_AWARE,835.0,546.0,true,LEFT_EYE,LOOKING_AT_EYES,778.75,542.7857,1078.75,542.7857
65339,64757,P_TEST,0,GAZE_AWARE,834.0,547.0,true,LEFT_EYE,LOOKING_AT_EYES,778.5,543.25,1078.5,543.25
65373,64791,P_TEST,0,GAZE_AWARE,831.0,550.0,true,LEFT_EYE,LOOKING_AT_EYES,777.75,544.6429,1077.75,544.6429
65406,64824,P_TEST,0,GAZE_AWARE,827.0,552.0,true,LEFT_EYE,LOOKING_AT_EYES,776.75,545.5714,1076.75,545.5714
65439,64857,P_TEST,0,GAZE_AWARE,827.0,552.0,true,LEFT_EYE,LOOKING_AT_EYES,776.75,545.5714,1076.75,545.5714
65473,64891,P_TEST,0,GAZE_AWARE,827.0,549.0,true,LEFT_EYE,LOOKING_AT_EYES,776.75,544.1786,1076.75,544.1786
65523,64941,P_TEST,0,GAZE_AWARE,830.0,543.0,true,LEFT_EYE,LOOKING_AT_EYES,777.5,541.3929,1077.5,541.3929
65573,64991,P_TEST,0,GAZE_AWARE,834.0,539.0,true,LEFT_EYE,LOOKING_AT_EYES,778.5,539.5357,1078.5,539.5357
65606,65024,P_TEST,0,GAZE_AWARE,837.0,538.0,true,LEFT_EYE,LOOKING_AT_EYES,779.25,539.0714,1079.25,539.0714
65640,65058,P_TEST,0,GAZE_AWARE,838.0,538.0,true,LEFT_EYE,LOOKING_AT_EYES,779.5,539.0714,1079.5,539.0714
65673,65091,P_TEST,0,GAZE_AWARE,840.0,537.0,true,LEFT_EYE,LOOKING_AT_EYES,780.0,538.6071,1080.0,538.6071
65706,65124,P_TEST,0,GAZE_AWARE,846.0,536.0,true,LEFT_EYE,LOOKING_AT_EYES,781.5,538.1429,1081.5,538.1429
65740,65158,P_TEST,0,GAZE_AWARE,858.0,534.0,true,LEFT_EYE,LOOKING_AT_EYES,784.5,537.2143,1084.5,537.2143
65773,65191,P_TEST,0,GAZE_AWARE,873.0,532.0,true,LEFT_EYE,LOOKING_AT_EYES,788.25,536.2857,1088.25,536.2857
65822,65240,P_TEST,0,GAZE_AWARE,894.0,532.0,true,LEFT_EYE,LOOKING_AT_EYES,793.5,536.2857,1093.5,536.2857
65856,65274,P_TEST,0,GAZE_AWARE,922.0,532.0,true,LEFT_EYE,LOOKING_AT_EYES,800.5,536.2857,1100.5,536.2857
65890,65308,P_TEST,0,GAZE_AWARE,942.0,532.0,true,FACE,LOOKING_AT_EYES,805.5,536.2857,1105.5,536.2857
65939,65357,P_TEST,0,GAZE_AWARE,966.0,533.0,true,FACE,LOOKING_AT_EYES,811.5,536.75,1111.5,536.75
65990,65408,P_TEST,0,GAZE_AWARE,1004.0,533.0,true,RIGHT_EYE,LOOKING_AT_EYES,821.0,536.75,1121.0,536.75
66037,65455,P_TEST,0,GAZE_AWARE,1044.0,534.0,true,RIGHT_EYE,LOOKING_AT_EYES,831.0,537.2143,1131.0,537.2143
66070,65488,P_TEST,0,GAZE_AWARE,1060.0,534.0,true,RIGHT_EYE,LOOKING_AT_EYES,835.0,537.2143,1135.0,537.2143
66106,65524,P_TEST,0,GAZE_AWARE,1083.0,534.0,true,RIGHT_EYE,LOOKING_AT_EYES,840.75,537.2143,1140.75,537.2143
66140,65558,P_TEST,0,GAZE_AWARE,1084.0,534.0,true,RIGHT_EYE,LOOKING_AT_EYES,841.0,537.2143,1141.0,537.2143
66173,65591,P_TEST,0,GAZE_AWARE,1082.0,534.0,true,RIGHT_EYE,LOOKING_AT_EYES,840.5,537.2143,1140.5,537.2143
66206,65624,P_TEST,0,GAZE_AWARE,1075.0,534.0,true,RIGHT_EYE,LOOKING_AT_EYES,838.75,537.2143,1138.75,537.2143
66239,65657,P_TEST,0,GAZE_AWARE,1057.0,534.0,true,RIGHT_EYE,LOOKING_AT_EYES,834.25,537.2143,1134.25,537.2143
66273,65691,P_TEST,0,GAZE_AWARE,1029.0,533.0,true,RIGHT_EYE,LOOKING_AT_EYES,827.25,536.75,1127.25,536.75
66307,65725,P_TEST,0,GAZE_AWARE,1012.0,533.0,true,RIGHT_EYE,LOOKING_AT_EYES,823.0,536.75,1123.0,536.75
66356,65774,P_TEST,0,GAZE_AWARE,1012.0,533.0,true,RIGHT_EYE,LOOKING_AT_EYES,823.0,536.75,1123.0,536.75
66389,65807,P_TEST,0,GAZE_AWARE,1015.0,533.0,true,RIGHT_EYE,LOOKING_AT_EYES,823.75,536.75,1123.75,536.75
66437,65855,P_TEST,0,GAZE_AWARE,1063.0,532.0,true,RIGHT_EYE,LOOKING_AT_EYES,831.5,536.2857,1131.5,536.2857
66473,65891,P_TEST,0,GAZE_AWARE,1104.0,532.0,true,RIGHT_EYE,LOOKING_AT_EYES,843.5,536.2857,1143.5,536.2857
66523,65941,P_TEST,0,GAZE_AWARE,1147.0,532.0,true,RIGHT_EYE,LOOKING_AT_EYES,856.75,536.2857,1156.75,536.2857
66556,65974,P_TEST,0,GAZE_AWARE,1155.0,532.0,true,RIGHT_EYE,LOOKING_AT_EYES,858.75,536.2857,1158.75,536.2857
66590,66008,P_TEST,0,GAZE_AWARE,1155.0,532.0,true,RIGHT_EYE,LOOKING_AT_EYES,858.75,536.2857,1158.75,536.2857
66623,66041,P_TEST,0,GAZE_AWARE,1155.0,532.0,true,RIGHT_EYE,LOOKING_AT_EYES,858.75,536.2857,1158.75,536.2857
66656,66074,P_TEST,0,GAZE_AWARE,1155.0,532.0,true,RIGHT_EYE,LOOKING_AT_EYES,858.75,536.2857,1158.75,536.2857
66690,66108,P_TEST,0,GAZE_AWARE,1149.0,532.0,true,RIGHT_EYE,LOOKING_AT_EYES,857.25,536.2857,1157.25,536.2857
66723,66141,P_TEST,0,GAZE_AWARE,1127.0,533.0,true,RIGHT_EYE,LOOKING_AT_EYES,851.75,536.75,1151.75,536.75
66756,66174,P_TEST,0,GAZE_AWARE,1113.0,534.0,true,RIGHT_EYE,LOOKING_AT_EYES,848.25,537.2143,1148.25,537.2143
66790,66208,P_TEST,0,GAZE_AWARE,1113.0,534.0,true,RIGHT_EYE,LOOKING_AT_EYES,848.25,537.2143,1148.25,537.2143
66823,66241,P_TEST,0,GAZE_AWARE,1113.0,534.0,true,RIGHT_EYE,LOOKING_AT_EYES,848.25,537.2143,1148.25,537.2143
66856,66274,P_TEST,0,GAZE_AWARE,1115.0,534.0,true,RIGHT_EYE,LOOKING_AT_EYES,848.75,537.2143,1148.75,537.2143
66889,66307,P_TEST,0,GAZE_AWARE,1122.0,533.0,true,RIGHT_EYE,LOOKING_AT_EYES,850.5,536.75,1150.5,536.75
66922,66340,P_TEST,0,GAZE_AWARE,1129.0,533.0,true,RIGHT_EYE,LOOKING_AT_EYES,852.25,536.75,1152.25,536.75
66955,66373,P_TEST,0,GAZE_AWARE,1129.0,533.0,true,RIGHT_EYE,LOOKING_AT_EYES,852.25,536.75,1152.25,536.75
66988,66406,P_TEST,0,GAZE_AWARE,1129.0,533.0,true,RIGHT_EYE,LOOKING_AT_EYES,852.25,536.75,1152.25,536.75
67023,66441,P_TEST,0,GAZE_AWARE,1128.0,533.0,true,RIGHT_EYE,LOOKING_AT_EYES,852.0,536.75,1152.0,536.75
67056,66474,P_TEST,0,GAZE_AWARE,1124.0,534.0,true,RIGHT_EYE,LOOKING_AT_EYES,851.0,537.2143,1151.0,537.2143
67089,66507,P_TEST,0,GAZE_AWARE,1124.0,534.0,true,RIGHT_EYE,LOOKING_AT_EYES,851.0,537.2143,1151.0,537.2143
67122,66540,P_TEST,0,GAZE_AWARE,1126.0,533.0,true,RIGHT_EYE,LOOKING_AT_EYES,851.5,536.75,1151.5,536.75
67156,66574,P_TEST,0,GAZE_AWARE,1129.0,531.0,true,RIGHT_EYE,LOOKING_AT_EYES,852.25,535.8214,1152.25,535.8214
67189,66607,P_TEST,0,GAZE_AWARE,1130.0,531.0,true,RIGHT_EYE,LOOKING_AT_EYES,852.5,535.8214,1152.5,535.8214
67223,66641,P_TEST,0,GAZE_AWARE,1130.0,531.0,true,RIGHT_EYE,LOOKING_AT_EYES,852.5,535.8214,1152.5,535.8214
67256,66674,P_TEST,0,GAZE_AWARE,1125.0,532.0,true,RIGHT_EYE,LOOKING_AT_EYES,851.25,536.2857,1151.25,536.2857
67289,66707,P_TEST,0,GAZE_AWARE,1114.0,534.0,true,RIGHT_EYE,LOOKING_AT_EYES,848.5,537.2143,1148.5,537.2143
67323,66741,P_TEST,0,GAZE_AWARE,1113.0,534.0,true,RIGHT_EYE,LOOKING_AT_EYES,848.25,537.2143,1148.25,537.2143
67356,66774,P_TEST,0,GAZE_AWARE,1113.0,534.0,true,RIGHT_EYE,LOOKING_AT_EYES,848.25,537.2143,1148.25,537.2143
67390,66808,P_TEST,0,GAZE_AWARE,1115.0,533.0,true,RIGHT_EYE,LOOKING_AT_EYES,848.75,536.75,1148.75,536.75
67423,66841,P_TEST,0,GAZE_AWARE,1115.0,533.0,true,RIGHT_EYE,LOOKING_AT_EYES,848.75,536.75,1148.75,536.75
67456,66874,P_TEST,0,GAZE_AWARE,1115.0,533.0,true,RIGHT_EYE,LOOKING_AT_EYES,848.75,536.75,1148.75,536.75
67489,66908,P_TEST,0,GAZE_AWARE,1107.0,534.0,true,RIGHT_EYE,LOOKING_AT_EYES,846.75,537.2143,1146.75,537.2143
67523,66941,P_TEST,0,GAZE_AWARE,1104.0,535.0,true,RIGHT_EYE,LOOKING_AT_EYES,846.0,537.6786,1146.0,537.6786
67557,66975,P_TEST,0,GAZE_AWARE,1104.0,535.0,true,RIGHT_EYE,LOOKING_AT_EYES,846.0,537.6786,1146.0,537.6786
67590,67008,P_TEST,0,GAZE_AWARE,1104.0,535.0,true,RIGHT_EYE,LOOKING_AT_EYES,846.0,537.6786,1146.0,537.6786
67623,67041,P_TEST,0,GAZE_AWARE,1104.0,535.0,true,RIGHT_EYE,LOOKING_AT_EYES,846.0,537.6786,1146.0,537.6786
67657,67075,P_TEST,0,GAZE_AWARE,1104.0,535.0,true,RIGHT_EYE,LOOKING_AT_EYES,846.0,537.6786,1146.0,537.6786
67706,67124,P_TEST,0,GAZE_AWARE,1104.0,535.0,true,RIGHT_EYE,LOOKING_AT_EYES,846.0,537.6786,1146.0,537.6786
67739,67157,P_TEST,0,GAZE_AWARE,1104.0,535.0,true,RIGHT_EYE,LOOKING_AT_EYES,846.0,537.6786,1146.0,537.6786
67772,67190,P_TEST,0,GAZE_AWARE,1104.0,535.0,true,RIGHT_EYE,LOOKING_AT_EYES,846.0,537.6786,1146.0,537.6786
67806,67224,P_TEST,0,GAZE_AWARE,1104.0,535.0,true,RIGHT_EYE,LOOKING_AT_EYES,846.0,537.6786,1146.0,537.6786
67839,67257,P_TEST,0,GAZE_AWARE,1104.0,535.0,true,RIGHT_EYE,LOOKING_AT_EYES,846.0,537.6786,1146.0,537.6786
67872,67290,P_TEST,0,GAZE_AWARE,1104.0,535.0,true,RIGHT_EYE,LOOKING_AT_EYES,846.0,537.6786,1146.0,537.6786
67906,67324,P_TEST,0,GAZE_AWARE,1104.0,535.0,true,RIGHT_EYE,LOOKING_AT_EYES,846.0,537.6786,1146.0,537.6786
67956,67374,P_TEST,0,GAZE_AWARE,1104.0,535.0,true,RIGHT_EYE,LOOKING_AT_EYES,846.0,537.6786,1146.0,537.6786
67989,67407,P_TEST,0,GAZE_AWARE,1104.0,535.0,true,RIGHT_EYE,LOOKING_AT_EYES,846.0,537.6786,1146.0,537.6786
68022,67440,P_TEST,0,GAZE_AWARE,1104.0,535.0,true,RIGHT_EYE,LOOKING_AT_EYES,846.0,537.6786,1146.0,537.6786
68056,67474,P_TEST,0,GAZE_AWARE,1104.0,535.0,true,RIGHT_EYE,LOOKING_AT_EYES,846.0,537.6786,1146.0,537.6786
68089,67507,P_TEST,0,GAZE_AWARE,1104.0,535.0,true,RIGHT_EYE,LOOKING_AT_EYES,846.0,537.6786,1146.0,537.6786
68139,67557,P_TEST,0,GAZE_AWARE,1104.0,535.0,true,RIGHT_EYE,LOOKING_AT_EYES,846.0,537.6786,1146.0,537.6786
68189,67607,P_TEST,0,GAZE_AWARE,1104.0,535.0,true,RIGHT_EYE,LOOKING_AT_EYES,846.0,537.6786,1146.0,537.6786
68222,67640,P_TEST,0,GAZE_AWARE,1104.0,535.0,true,RIGHT_EYE,LOOKING_AT_EYES,846.0,537.6786,1146.0,537.6786
68260,67679,P_TEST,0,GAZE_AWARE,1104.0,535.0,true,RIGHT_EYE,LOOKING_AT_EYES,846.0,537.6786,1146.0,537.6786
68309,67727,P_TEST,0,GAZE_AWARE,1104.0,535.0,true,RIGHT_EYE,LOOKING_AT_EYES,846.0,537.6786,1146.0,537.6786
68343,67761,P_TEST,0,GAZE_AWARE,1104.0,535.0,true,RIGHT_EYE,LOOKING_AT_EYES,846.0,537.6786,1146.0,537.6786
68376,67794,P_TEST,0,GAZE_AWARE,1104.0,535.0,true,RIGHT_EYE,LOOKING_AT_EYES,846.0,537.6786,1146.0,537.6786
68409,67827,P_TEST,0,GAZE_AWARE,1104.0,535.0,true,RIGHT_EYE,LOOKING_AT_EYES,846.0,537.6786,1146.0,537.6786
68443,67861,P_TEST,0,GAZE_AWARE,1104.0,535.0,true,RIGHT_EYE,LOOKING_AT_EYES,846.0,537.6786,1146.0,537.6786
68476,67894,P_TEST,0,GAZE_AWARE,1104.0,535.0,true,RIGHT_EYE,LOOKING_AT_EYES,846.0,537.6786,1146.0,537.6786
68509,67927,P_TEST,0,GAZE_AWARE,1104.0,535.0,true,RIGHT_EYE,LOOKING_AT_EYES,846.0,537.6786,1146.0,537.6786
68542,67960,P_TEST,0,GAZE_AWARE,1104.0,535.0,true,RIGHT_EYE,LOOKING_AT_EYES,846.0,537.6786,1146.0,537.6786
68575,67993,P_TEST,0,GAZE_AWARE,1088.0,535.0,true,RIGHT_EYE,LOOKING_AT_EYES,842.0,537.6786,1142.0,537.6786
68608,68026,P_TEST,0,GAZE_AWARE,1008.0,534.0,true,RIGHT_EYE,LOOKING_AT_EYES,832.25,537.2143,1132.25,537.2143
68642,68060,P_TEST,0,GAZE_AWARE,941.0,532.0,true,FACE,LOOKING_AT_EYES,820.2558,536.85443,1120.2557,536.85443
68676,68094,P_TEST,0,GAZE_AWARE,891.0,530.0,true,LEFT_EYE,LOOKING_AT_EYES,808.2695,536.3244,1108.2694,536.3244
68709,68127,P_TEST,0,GAZE_AWARE,878.0,528.0,true,LEFT_EYE,LOOKING_AT_EYES,796.32587,535.17194,1096.3258,535.17194
68742,68160,P_TEST,0,GAZE_AWARE,872.0,527.0,true,LEFT_EYE,LOOKING_AT_EYES,788.0,533.9643,1088.0,533.9643
68776,68194,P_TEST,0,GAZE_AWARE,867.0,526.0,true,LEFT_EYE,LOOKING_AT_EYES,786.75,533.5,1086.75,533.5
68809,68227,P_TEST,0,GAZE_AWARE,865.0,526.0,true,LEFT_EYE,LOOKING_AT_EYES,786.25,533.5,1086.25,533.5
68857,68275,P_TEST,0,GAZE_AWARE,850.0,526.0,true,LEFT_EYE,LOOKING_AT_EYES,782.5,533.5,1082.5,533.5
68893,68311,P_TEST,0,GAZE_AWARE,844.0,527.0,true,LEFT_EYE,LOOKING_AT_EYES,781.0,533.9643,1081.0,533.9643
68943,68361,P_TEST,0,GAZE_AWARE,819.0,528.0,true,LEFT_EYE,LOOKING_AT_EYES,774.75,534.4286,1074.75,534.4286
68976,68394,P_TEST,0,GAZE_AWARE,817.0,528.0,true,LEFT_EYE,LOOKING_AT_EYES,774.25,534.4286,1074.25,534.4286
69009,68427,P_TEST,0,GAZE_AWARE,817.0,528.0,true,LEFT_EYE,LOOKING_AT_EYES,774.25,534.4286,1074.25,534.4286
69042,68460,P_TEST,0,GAZE_AWARE,817.0,528.0,true,LEFT_EYE,LOOKING_AT_EYES,774.25,534.4286,1074.25,534.4286
69075,68493,P_TEST,0,GAZE_AWARE,817.0,528.0,true,LEFT_EYE,LOOKING_AT_EYES,774.25,534.4286,1074.25,534.4286
69108,68526,P_TEST,0,GAZE_AWARE,817.0,528.0,true,LEFT_EYE,LOOKING_AT_EYES,774.25,534.4286,1074.25,534.4286
69141,68559,P_TEST,0,GAZE_AWARE,817.0,528.0,true,LEFT_EYE,LOOKING_AT_EYES,774.25,534.4286,1074.25,534.4286
69175,68593,P_TEST,0,GAZE_AWARE,817.0,528.0,true,LEFT_EYE,LOOKING_AT_EYES,774.25,534.4286,1074.25,534.4286
69209,68627,P_TEST,0,GAZE_AWARE,817.0,528.0,true,LEFT_EYE,LOOKING_AT_EYES,774.25,534.4286,1074.25,534.4286
69243,68661,P_TEST,0,GAZE_AWARE,817.0,528.0,true,LEFT_EYE,LOOKING_AT_EYES,774.25,534.4286,1074.25,534.4286
69277,68695,P_TEST,0,GAZE_AWARE,819.0,529.0,true,LEFT_EYE,LOOKING_AT_EYES,774.75,534.8929,1074.75,534.8929
69324,68742,P_TEST,0,GAZE_AWARE,820.0,529.0,true,LEFT_EYE,LOOKING_AT_EYES,775.0,534.8929,1075.0,534.8929
69359,68777,P_TEST,0,GAZE_AWARE,821.0,532.0,true,LEFT_EYE,LOOKING_AT_EYES,775.25,536.2857,1075.25,536.2857
69392,68810,P_TEST,0,GAZE_AWARE,823.0,536.0,true,LEFT_EYE,LOOKING_AT_EYES,775.75,538.1429,1075.75,538.1429
69443,68861,P_TEST,0,GAZE_AWARE,823.0,542.0,true,LEFT_EYE,LOOKING_AT_EYES,775.75,540.9286,1075.75,540.9286
69476,68894,P_TEST,0,GAZE_AWARE,823.0,542.0,true,LEFT_EYE,LOOKING_AT_EYES,775.75,540.9286,1075.75,540.9286
69510,68928,P_TEST,0,GAZE_AWARE,823.0,542.0,true,LEFT_EYE,LOOKING_AT_EYES,775.75,540.9286,1075.75,540.9286
69559,68977,P_TEST,0,GAZE_AWARE,823.0,542.0,true,LEFT_EYE,LOOKING_AT_EYES,775.75,540.9286,1075.75,540.9286
69595,69013,P_TEST,0,GAZE_AWARE,823.0,542.0,true,LEFT_EYE,LOOKING_AT_EYES,775.75,540.9286,1075.75,540.9286
69628,69046,P_TEST,0,GAZE_AWARE,823.0,542.0,true,LEFT_EYE,LOOKING_AT_EYES,775.75,540.9286,1075.75,540.9286
69662,69080,P_TEST,0,GAZE_AWARE,823.0,542.0,true,LEFT_EYE,LOOKING_AT_EYES,775.75,540.9286,1075.75,540.9286
69712,69130,P_TEST,0,GAZE_AWARE,823.0,542.0,true,LEFT_EYE,LOOKING_AT_EYES,775.75,540.9286,1075.75,540.9286
69745,69163,P_TEST,0,GAZE_AWARE,824.0,542.0,true,LEFT_EYE,LOOKING_AT_EYES,776.0,540.9286,1076.0,540.9286
69779,69197,P_TEST,0,GAZE_AWARE,830.0,542.0,true,LEFT_EYE,LOOKING_AT_EYES,777.5,540.9286,1077.5,540.9286
69813,69231,P_TEST,0,GAZE_AWARE,837.0,541.0,true,LEFT_EYE,LOOKING_AT_EYES,779.25,540.4643,1079.25,540.4643
69846,69264,P_TEST,0,GAZE_AWARE,840.0,541.0,true,LEFT_EYE,LOOKING_AT_EYES,780.0,540.4643,1080.0,540.4643
69896,69314,P_TEST,0,GAZE_AWARE,840.0,541.0,true,LEFT_EYE,LOOKING_AT_EYES,780.0,540.4643,1080.0,540.4643
69946,69364,P_TEST,0,GAZE_AWARE,840.0,541.0,true,LEFT_EYE,LOOKING_AT_EYES,780.0,540.4643,1080.0,540.4643
69979,69397,P_TEST,0,GAZE_AWARE,841.0,541.0,true,LEFT_EYE,LOOKING_AT_EYES,780.25,540.4643,1080.25,540.4643
70028,69446,P_TEST,0,GAZE_AWARE,846.0,539.0,true,LEFT_EYE,LOOKING_AT_EYES,781.5,539.5357,1081.5,539.5357
70062,69480,P_TEST,0,GAZE_AWARE,849.0,539.0,true,LEFT_EYE,LOOKING_AT_EYES,782.25,539.5357,1082.25,539.5357
70112,69530,P_TEST,0,GAZE_AWARE,854.0,537.0,true,LEFT_EYE,LOOKING_AT_EYES,783.5,538.6071,1083.5,538.6071
70145,69563,P_TEST,0,GAZE_AWARE,858.0,536.0,true,LEFT_EYE,LOOKING_AT_EYES,784.5,538.1429,1084.5,538.1429
70178,69596,P_TEST,0,GAZE_AWARE,864.0,535.0,true,LEFT_EYE,LOOKING_AT_EYES,786.0,537.6786,1086.0,537.6786
70212,69630,P_TEST,0,GAZE_AWARE,881.0,533.0,true,LEFT_EYE,LOOKING_AT_EYES,790.25,536.75,1090.25,536.75
70262,69680,P_TEST,0,GAZE_AWARE,915.0,531.0,true,LEFT_EYE,LOOKING_AT_EYES,798.75,535.8214,1098.75,535.8214
70295,69713,P_TEST,0,GAZE_AWARE,961.0,528.0,true,FACE,LOOKING_AT_EYES,809.44403,534.5394,1109.444,534.5394
70329,69747,P_TEST,0,GAZE_AWARE,980.0,527.0,true,FACE,LOOKING_AT_EYES,815.0,533.9643,1115.0,533.9643
70363,69781,P_TEST,0,GAZE_AWARE,989.0,526.0,true,RIGHT_EYE,LOOKING_AT_EYES,817.25,533.5,1117.25,533.5
70412,69830,P_TEST,0,GAZE_AWARE,990.0,526.0,true,RIGHT_EYE,LOOKING_AT_EYES,817.5,533.5,1117.5,533.5
70446,69864,P_TEST,0,GAZE_AWARE,990.0,526.0,true,RIGHT_EYE,LOOKING_AT_EYES,817.5,533.5,1117.5,533.5
70479,69897,P_TEST,0,GAZE_AWARE,990.0,526.0,true,RIGHT_EYE,LOOKING_AT_EYES,817.5,533.5,1117.5,533.5
70512,69930,P_TEST,0,GAZE_AWARE,990.0,526.0,true,RIGHT_EYE,LOOKING_AT_EYES,817.5,533.5,1117.5,533.5
70545,69963,P_TEST,0,GAZE_AWARE,990.0,526.0,true,RIGHT_EYE,LOOKING_AT_EYES,817.5,533.5,1117.5,533.5
70579,69997,P_TEST,0,GAZE_AWARE,989.0,527.0,true,RIGHT_EYE,LOOKING_AT_EYES,817.25,533.9643,1117.25,533.9643
70628,70046,P_TEST,0,GAZE_AWARE,959.0,535.0,true,FACE,LOOKING_AT_EYES,810.3079,537.41956,1110.308,537.41956
70662,70080,P_TEST,0,GAZE_AWARE,945.0,535.0,true,FACE,LOOKING_AT_EYES,806.25,537.6786,1106.25,537.6786
70695,70113,P_TEST,0,GAZE_AWARE,934.0,536.0,true,LEFT_EYE,LOOKING_AT_EYES,803.5,538.1429,1103.5,538.1429
70728,70146,P_TEST,0,GAZE_AWARE,934.0,536.0,true,LEFT_EYE,LOOKING_AT_EYES,803.5,538.1429,1103.5,538.1429
70762,70180,P_TEST,0,GAZE_AWARE,934.0,536.0,true,LEFT_EYE,LOOKING_AT_EYES,803.5,538.1429,1103.5,538.1429
70795,70213,P_TEST,0,GAZE_AWARE,934.0,536.0,true,LEFT_EYE,LOOKING_AT_EYES,803.5,538.1429,1103.5,538.1429
70828,70246,P_TEST,0,GAZE_AWARE,934.0,536.0,true,LEFT_EYE,LOOKING_AT_EYES,803.5,538.1429,1103.5,538.1429
70862,70280,P_TEST,0,GAZE_AWARE,934.0,536.0,true,LEFT_EYE,LOOKING_AT_EYES,803.5,538.1429,1103.5,538.1429
70895,70313,P_TEST,0,GAZE_AWARE,934.0,536.0,true,LEFT_EYE,LOOKING_AT_EYES,803.5,538.1429,1103.5,538.1429
70928,70346,P_TEST,0,GAZE_AWARE,935.0,536.0,true,FACE,LOOKING_AT_EYES,803.75,538.1429,1103.75,538.1429
70962,70380,P_TEST,0,GAZE_AWARE,935.0,536.0,true,FACE,LOOKING_AT_EYES,803.75,538.1429,1103.75,538.1429
71013,70431,P_TEST,0,GAZE_AWARE,936.0,536.0,true,FACE,LOOKING_AT_EYES,804.0,538.1429,1104.0,538.1429
71062,70480,P_TEST,0,GAZE_AWARE,938.0,536.0,true,FACE,LOOKING_AT_FACE,804.5,538.1429,1104.5,538.1429
71095,70513,P_TEST,0,GAZE_AWARE,938.0,536.0,true,FACE,LOOKING_AT_FACE,804.5,538.1429,1104.5,538.1429
71128,70546,P_TEST,0,GAZE_AWARE,938.0,536.0,true,FACE,LOOKING_AT_FACE,804.5,538.1429,1104.5,538.1429
71162,70580,P_TEST,0,GAZE_AWARE,938.0,536.0,true,FACE,LOOKING_AT_FACE,804.5,538.1429,1104.5,538.1429
71195,70613,P_TEST,0,GAZE_AWARE,938.0,536.0,true,FACE,LOOKING_AT_FACE,804.5,538.1429,1104.5,538.1429
71229,70647,P_TEST,0,GAZE_AWARE,938.0,536.0,true,FACE,LOOKING_AT_FACE,804.5,538.1429,1104.5,538.1429
71262,70680,P_TEST,0,GAZE_AWARE,938.0,536.0,true,FACE,LOOKING_AT_FACE,804.5,538.1429,1104.5,538.1429
71311,70729,P_TEST,0,GAZE_AWARE,938.0,536.0,true,FACE,LOOKING_AT_FACE,804.5,538.1429,1104.5,538.1429
71344,70762,P_TEST,0,GAZE_AWARE,938.0,536.0,true,FACE,LOOKING_AT_FACE,804.5,538.1429,1104.5,538.1429
71378,70796,P_TEST,0,GAZE_AWARE,938.0,536.0,true,FACE,LOOKING_AT_FACE,804.5,538.1429,1104.5,538.1429
71412,70830,P_TEST,0,GAZE_AWARE,938.0,536.0,true,FACE,LOOKING_AT_FACE,804.5,538.1429,1104.5,538.1429
71462,70880,P_TEST,0,GAZE_AWARE,938.0,536.0,true,FACE,LOOKING_AT_FACE,804.5,538.1429,1104.5,538.1429
71495,70913,P_TEST,0,GAZE_AWARE,938.0,536.0,true,FACE,LOOKING_AT_FACE,804.5,538.1429,1104.5,538.1429
71529,70947,P_TEST,0,GAZE_AWARE,938.0,536.0,true,FACE,LOOKING_AT_FACE,804.5,538.1429,1104.5,538.1429
71562,70980,P_TEST,0,GAZE_AWARE,938.0,536.0,true,FACE,LOOKING_AT_FACE,804.5,538.1429,1104.5,538.1429
71595,71013,P_TEST,0,GAZE_AWARE,938.0,536.0,true,FACE,LOOKING_AT_FACE,804.5,538.1429,1104.5,538.1429
71645,71063,P_TEST,0,GAZE_AWARE,938.0,536.0,true,FACE,LOOKING_AT_FACE,804.5,538.1429,1104.5,538.1429
71678,71096,P_TEST,0,GAZE_AWARE,939.0,536.0,true,FACE,LOOKING_AT_FACE,804.75,538.1429,1104.75,538.1429
71712,71130,P_TEST,0,GAZE_AWARE,941.0,536.0,true,FACE,LOOKING_AT_FACE,805.25,538.1429,1105.25,538.1429
71763,71181,P_TEST,0,GAZE_AWARE,944.0,536.0,true,FACE,LOOKING_AT_FACE,806.0,538.1429,1106.0,538.1429
71796,71214,P_TEST,0,GAZE_AWARE,946.0,536.0,true,FACE,LOOKING_AT_FACE,806.5,538.1429,1106.5,538.1429
71829,71247,P_TEST,0,GAZE_AWARE,947.0,536.0,true,FACE,LOOKING_AT_FACE,806.75,538.1429,1106.75,538.1429
71863,71281,P_TEST,0,GAZE_AWARE,949.0,536.0,true,FACE,LOOKING_AT_FACE,807.25,538.1429,1107.25,538.1429
71912,71330,P_TEST,0,GAZE_AWARE,951.0,537.0,true,FACE,LOOKING_AT_FACE,807.75,538.6071,1107.75,538.6071
71946,71364,P_TEST,0,GAZE_AWARE,952.0,537.0,true,FACE,LOOKING_AT_FACE,808.0,538.6071,1108.0,538.6071
71979,71397,P_TEST,0,GAZE_AWARE,956.0,537.0,true,FACE,LOOKING_AT_FACE,809.0,538.6071,1109.0,538.6071
72012,71430,P_TEST,0,GAZE_AWARE,960.0,537.0,true,FACE,LOOKING_AT_FACE,810.0,538.6071,1110.0,538.6071
72046,71464,P_TEST,0,GAZE_AWARE,962.0,538.0,true,FACE,LOOKING_AT_FACE,810.5,539.0714,1110.5,539.0714
72096,71514,P_TEST,0,GAZE_AWARE,962.0,538.0,true,FACE,LOOKING_AT_FACE,810.5,539.0714,1110.5,539.0714
72145,71563,P_TEST,0,GAZE_AWARE,962.0,538.0,true,FACE,LOOKING_AT_FACE,810.5,539.0714,1110.5,539.0714
72179,71597,P_TEST,0,GAZE_AWARE,963.0,538.0,true,FACE,LOOKING_AT_FACE,810.75,539.0714,1110.75,539.0714
72228,71646,P_TEST,0,GAZE_AWARE,963.0,538.0,true,FACE,LOOKING_AT_FACE,810.75,539.0714,1110.75,539.0714
72262,71680,P_TEST,0,GAZE_AWARE,963.0,538.0,true,FACE,LOOKING_AT_FACE,810.75,539.0714,1110.75,539.0714
72295,71713,P_TEST,0,GAZE_AWARE,964.0,538.0,true,FACE,LOOKING_AT_FACE,811.0,539.0714,1111.0,539.0714
72329,71747,P_TEST,0,GAZE_AWARE,964.0,538.0,true,FACE,LOOKING_AT_FACE,811.0,539.0714,1111.0,539.0714
72362,71780,P_TEST,0,GAZE_AWARE,964.0,538.0,true,FACE,LOOKING_AT_FACE,811.0,539.0714,1111.0,539.0714
72395,71813,P_TEST,0,GAZE_AWARE,964.0,538.0,true,FACE,LOOKING_AT_FACE,811.0,539.0714,1111.0,539.0714
72428,71846,P_TEST,0,GAZE_AWARE,964.0,538.0,true,FACE,LOOKING_AT_FACE,811.0,539.0714,1111.0,539.0714
72462,71880,P_TEST,0,GAZE_AWARE,964.0,538.0,true,FACE,LOOKING_AT_FACE,811.0,539.0714,1111.0,539.0714
72495,71913,P_TEST,0,GAZE_AWARE,964.0,538.0,true,FACE,LOOKING_AT_FACE,811.0,539.0714,1111.0,539.0714
72546,71964,P_TEST,0,GAZE_AWARE,964.0,538.0,true,FACE,LOOKING_AT_FACE,811.0,539.0714,1111.0,539.0714
72579,71997,P_TEST,0,GAZE_AWARE,964.0,538.0,true,FACE,LOOKING_AT_FACE,811.0,539.0714,1111.0,539.0714
72612,72030,P_TEST,0,GAZE_AWARE,964.0,538.0,true,FACE,LOOKING_AT_FACE,811.0,539.0714,1111.0,539.0714
72645,72063,P_TEST,0,GAZE_AWARE,964.0,538.0,true,FACE,LOOKING_AT_FACE,811.0,539.0714,1111.0,539.0714
72678,72096,P_TEST,0,GAZE_AWARE,964.0,538.0,true,FACE,LOOKING_AT_FACE,811.0,539.0714,1111.0,539.0714
72712,72130,P_TEST,0,GAZE_AWARE,964.0,538.0,true,FACE,LOOKING_AT_FACE,811.0,539.0714,1111.0,539.0714
72762,72180,P_TEST,0,GAZE_AWARE,964.0,538.0,true,FACE,LOOKING_AT_FACE,811.0,539.0714,1111.0,539.0714
72812,72230,P_TEST,0,GAZE_AWARE,964.0,538.0,true,FACE,LOOKING_AT_FACE,811.0,539.0714,1111.0,539.0714
72845,72263,P_TEST,0,GAZE_AWARE,964.0,538.0,true,FACE,LOOKING_AT_FACE,811.0,539.0714,1111.0,539.0714
72878,72296,P_TEST,0,GAZE_AWARE,964.0,538.0,true,FACE,LOOKING_AT_FACE,811.0,539.0714,1111.0,539.0714
72912,72330,P_TEST,0,GAZE_AWARE,964.0,538.0,true,FACE,LOOKING_AT_FACE,811.0,539.0714,1111.0,539.0714
72945,72363,P_TEST,0,GAZE_AWARE,964.0,538.0,true,FACE,LOOKING_AT_FACE,811.0,539.0714,1111.0,539.0714
72978,72396,P_TEST,0,GAZE_AWARE,964.0,538.0,true,FACE,LOOKING_AT_FACE,811.0,539.0714,1111.0,539.0714
73011,72429,P_TEST,0,GAZE_AWARE,964.0,538.0,true,FACE,LOOKING_AT_FACE,811.0,539.0714,1111.0,539.0714
73045,72463,P_TEST,0,GAZE_AWARE,964.0,538.0,true,FACE,LOOKING_AT_FACE,811.0,539.0714,1111.0,539.0714
73078,72496,P_TEST,0,GAZE_AWARE,964.0,538.0,true,FACE,LOOKING_AT_FACE,811.0,539.0714,1111.0,539.0714
73111,72529,P_TEST,0,GAZE_AWARE,964.0,538.0,true,FACE,LOOKING_AT_FACE,811.0,539.0714,1111.0,539.0714
73145,72563,P_TEST,0,GAZE_AWARE,964.0,538.0,true,FACE,LOOKING_AT_FACE,811.0,539.0714,1111.0,539.0714
73178,72596,P_TEST,0,GAZE_AWARE,964.0,538.0,true,FACE,LOOKING_AT_FACE,811.0,539.0714,1111.0,539.0714
73211,72629,P_TEST,0,GAZE_AWARE,964.0,538.0,true,FACE,LOOKING_AT_FACE,811.0,539.0714,1111.0,539.0714
73245,72663,P_TEST,0,GAZE_AWARE,964.0,538.0,true,FACE,LOOKING_AT_FACE,811.0,539.0714,1111.0,539.0714
73278,72696,P_TEST,0,GAZE_AWARE,964.0,538.0,true,FACE,LOOKING_AT_FACE,811.0,539.0714,1111.0,539.0714
73311,72729,P_TEST,0,GAZE_AWARE,964.0,538.0,true,FACE,LOOKING_AT_FACE,811.0,539.0714,1111.0,539.0714
73345,72763,P_TEST,0,GAZE_AWARE,964.0,538.0,true,FACE,LOOKING_AT_FACE,811.0,539.0714,1111.0,539.0714
73379,72797,P_TEST,0,GAZE_AWARE,964.0,538.0,true,FACE,LOOKING_AT_FACE,811.0,539.0714,1111.0,539.0714
73412,72830,P_TEST,0,GAZE_AWARE,963.0,538.0,true,FACE,LOOKING_AT_FACE,810.75,539.0714,1110.75,539.0714
73445,72863,P_TEST,0,GAZE_AWARE,963.0,538.0,true,FACE,LOOKING_AT_FACE,810.75,539.0714,1110.75,539.0714
73478,72896,P_TEST,0,GAZE_AWARE,963.0,538.0,true,FACE,LOOKING_AT_FACE,810.75,539.0714,1110.75,539.0714
73512,72930,P_TEST,0,GAZE_AWARE,962.0,538.0,true,FACE,LOOKING_AT_FACE,810.5,539.0714,1110.5,539.0714
73546,72964,P_TEST,0,GAZE_AWARE,962.0,537.0,true,FACE,LOOKING_AT_FACE,810.5,538.6071,1110.5,538.6071
73579,72997,P_TEST,0,GAZE_AWARE,962.0,537.0,true,FACE,LOOKING_AT_FACE,810.5,538.6071,1110.5,538.6071
73612,73030,P_TEST,0,GAZE_AWARE,962.0,537.0,true,FACE,LOOKING_AT_FACE,810.5,538.6071,1110.5,538.6071
73645,73063,P_TEST,0,GAZE_AWARE,962.0,537.0,true,FACE,LOOKING_AT_FACE,810.5,538.6071,1110.5,538.6071
73678,73096,P_TEST,0,GAZE_AWARE,962.0,537.0,true,FACE,LOOKING_AT_FACE,810.5,538.6071,1110.5,538.6071
73712,73130,P_TEST,0,GAZE_AWARE,962.0,537.0,true,FACE,LOOKING_AT_FACE,810.5,538.6071,1110.5,538.6071
73745,73163,P_TEST,0,GAZE_AWARE,962.0,537.0,true,FACE,LOOKING_AT_FACE,810.5,538.6071,1110.5,538.6071
73779,73197,P_TEST,0,GAZE_AWARE,962.0,537.0,true,FACE,LOOKING_AT_FACE,810.5,538.6071,1110.5,538.6071
73812,73230,P_TEST,0,GAZE_AWARE,962.0,537.0,true,FACE,LOOKING_AT_FACE,810.5,538.6071,1110.5,538.6071
73846,73264,P_TEST,0,GAZE_AWARE,962.0,537.0,true,FACE,LOOKING_AT_FACE,810.5,538.6071,1110.5,538.6071
73879,73297,P_TEST,0,GAZE_AWARE,962.0,537.0,true,FACE,LOOKING_AT_FACE,810.5,538.6071,1110.5,538.6071
73912,73330,P_TEST,0,GAZE_AWARE,962.0,537.0,true,FACE,LOOKING_AT_FACE,810.5,538.6071,1110.5,538.6071
73962,73380,P_TEST,0,GAZE_AWARE,962.0,537.0,true,FACE,LOOKING_AT_FACE,810.5,538.6071,1110.5,538.6071
74012,73430,P_TEST,0,GAZE_AWARE,962.0,537.0,true,FACE,LOOKING_AT_FACE,810.5,538.6071,1110.5,538.6071
74046,73464,P_TEST,0,GAZE_AWARE,962.0,537.0,true,FACE,LOOKING_AT_FACE,810.5,538.6071,1110.5,538.6071
74079,73497,P_TEST,0,GAZE_AWARE,962.0,537.0,true,FACE,LOOKING_AT_FACE,810.5,538.6071,1110.5,538.6071
74128,73546,P_TEST,0,GAZE_AWARE,962.0,537.0,true,FACE,LOOKING_AT_FACE,810.5,538.6071,1110.5,538.6071
74162,73580,P_TEST,0,GAZE_AWARE,962.0,537.0,true,FACE,LOOKING_AT_FACE,810.5,538.6071,1110.5,538.6071
74195,73613,P_TEST,0,GAZE_AWARE,962.0,537.0,true,FACE,LOOKING_AT_FACE,810.5,538.6071,1110.5,538.6071
74228,73646,P_TEST,0,GAZE_AWARE,962.0,537.0,true,FACE,LOOKING_AT_FACE,810.5,538.6071,1110.5,538.6071
74261,73679,P_TEST,0,GAZE_AWARE,962.0,537.0,true,FACE,LOOKING_AT_FACE,810.5,538.6071,1110.5,538.6071
74294,73712,P_TEST,0,GAZE_AWARE,962.0,537.0,true,FACE,LOOKING_AT_FACE,810.5,538.6071,1110.5,538.6071
74329,73747,P_TEST,0,GAZE_AWARE,962.0,537.0,true,FACE,LOOKING_AT_FACE,810.5,538.6071,1110.5,538.6071
74362,73780,P_TEST,0,GAZE_AWARE,962.0,537.0,true,FACE,LOOKING_AT_FACE,810.5,538.6071,1110.5,538.6071
74395,73813,P_TEST,0,GAZE_AWARE,962.0,537.0,true,FACE,LOOKING_AT_FACE,810.5,538.6071,1110.5,538.6071
74428,73846,P_TEST,0,GAZE_AWARE,962.0,537.0,true,FACE,LOOKING_AT_FACE,810.5,538.6071,1110.5,538.6071
74462,73880,P_TEST,0,GAZE_AWARE,962.0,537.0,true,FACE,LOOKING_AT_FACE,810.5,538.6071,1110.5,538.6071
74495,73913,P_TEST,0,GAZE_AWARE,962.0,537.0,true,FACE,LOOKING_AT_FACE,810.5,538.6071,1110.5,538.6071
74528,73946,P_TEST,0,GAZE_AWARE,948.0,536.0,true,FACE,LOOKING_AT_FACE,807.0,538.1429,1107.0,538.1429
74562,73980,P_TEST,0,GAZE_AWARE,903.0,535.0,true,LEFT_EYE,LOOKING_AT_FACE,797.25,537.6786,1097.25,537.6786
74595,74013,P_TEST,0,GAZE_AWARE,826.0,532.0,true,LEFT_EYE,LOOKING_AT_FACE,785.2758,536.8934,1085.2758,536.8934
74628,74046,P_TEST,0,GAZE_AWARE,780.0,528.0,true,LEFT_EYE,LOOKING_AT_FACE,773.3562,535.5176,1073.3562,535.5176
74661,74079,P_TEST,0,GAZE_AWARE,765.0,525.0,true,LEFT_EYE,LOOKING_AT_FACE,761.6008,533.11255,1061.6008,533.11255
74695,74113,P_TEST,0,GAZE_AWARE,764.0,524.0,true,LEFT_EYE,LOOKING_AT_EYES,761.0,532.5714,1061.0,532.5714
74729,74147,P_TEST,0,GAZE_AWARE,764.0,524.0,true,LEFT_EYE,LOOKING_AT_EYES,761.0,532.5714,1061.0,532.5714
74762,74180,P_TEST,0,GAZE_AWARE,764.0,524.0,true,LEFT_EYE,LOOKING_AT_EYES,761.0,532.5714,1061.0,532.5714
74795,74213,P_TEST,0,GAZE_AWARE,764.0,524.0,true,LEFT_EYE,LOOKING_AT_EYES,761.0,532.5714,1061.0,532.5714
74829,74247,P_TEST,0,GAZE_AWARE,764.0,524.0,true,LEFT_EYE,LOOKING_AT_EYES,761.0,532.5714,1061.0,532.5714
74879,74297,P_TEST,0,GAZE_AWARE,764.0,524.0,true,LEFT_EYE,LOOKING_AT_EYES,761.0,532.5714,1061.0,532.5714
74912,74330,P_TEST,0,GAZE_AWARE,764.0,524.0,true,LEFT_EYE,LOOKING_AT_EYES,761.0,532.5714,1061.0,532.5714
74945,74363,P_TEST,0,GAZE_AWARE,764.0,524.0,true,LEFT_EYE,LOOKING_AT_EYES,761.0,532.5714,1061.0,532.5714
74979,74397,P_TEST,0,GAZE_AWARE,764.0,524.0,true,LEFT_EYE,LOOKING_AT_EYES,761.0,532.5714,1061.0,532.5714
75012,74430,P_TEST,0,GAZE_AWARE,764.0,524.0,true,LEFT_EYE,LOOKING_AT_EYES,761.0,532.5714,1061.0,532.5714
75045,74463,P_TEST,0,GAZE_AWARE,764.0,524.0,true,LEFT_EYE,LOOKING_AT_EYES,761.0,532.5714,1061.0,532.5714
75079,74497,P_TEST,0,GAZE_AWARE,764.0,524.0,true,LEFT_EYE,LOOKING_AT_EYES,761.0,532.5714,1061.0,532.5714
75112,74530,P_TEST,0,GAZE_AWARE,764.0,524.0,true,LEFT_EYE,LOOKING_AT_EYES,761.0,532.5714,1061.0,532.5714
75145,74563,P_TEST,0,GAZE_AWARE,764.0,524.0,true,LEFT_EYE,LOOKING_AT_EYES,761.0,532.5714,1061.0,532.5714
75179,74597,P_TEST,0,GAZE_AWARE,764.0,524.0,true,LEFT_EYE,LOOKING_AT_EYES,761.0,532.5714,1061.0,532.5714
75229,74647,P_TEST,0,GAZE_AWARE,764.0,524.0,true,LEFT_EYE,LOOKING_AT_EYES,761.0,532.5714,1061.0,532.5714
75263,74681,P_TEST,0,GAZE_AWARE,765.0,524.0,true,LEFT_EYE,LOOKING_AT_EYES,761.25,532.5714,1061.25,532.5714
75312,74730,P_TEST,0,GAZE_AWARE,769.0,524.0,true,LEFT_EYE,LOOKING_AT_EYES,762.25,532.5714,1062.25,532.5714
75346,74764,P_TEST,0,GAZE_AWARE,774.0,525.0,true,LEFT_EYE,LOOKING_AT_EYES,763.5,533.0357,1063.5,533.0357
75379,74797,P_TEST,0,GAZE_AWARE,778.0,526.0,true,LEFT_EYE,LOOKING_AT_EYES,764.5,533.5,1064.5,533.5
75429,74847,P_TEST,0,GAZE_AWARE,780.0,527.0,true,LEFT_EYE,LOOKING_AT_EYES,765.0,533.9643,1065.0,533.9643
75463,74881,P_TEST,0,GAZE_AWARE,781.0,527.0,true,LEFT_EYE,LOOKING_AT_EYES,765.25,533.9643,1065.25,533.9643
75496,74914,P_TEST,0,GAZE_AWARE,782.0,528.0,true,LEFT_EYE,LOOKING_AT_EYES,765.5,534.4286,1065.5,534.4286
75529,74947,P_TEST,0,GAZE_AWARE,784.0,528.0,true,LEFT_EYE,LOOKING_AT_EYES,766.0,534.4286,1066.0,534.4286
75563,74981,P_TEST,0,GAZE_AWARE,785.0,529.0,true,LEFT_EYE,LOOKING_AT_EYES,766.25,534.8929,1066.25,534.8929
75613,75031,P_TEST,0,GAZE_AWARE,787.0,529.0,true,LEFT_EYE,LOOKING_AT_EYES,766.75,534.8929,1066.75,534.8929
75646,75064,P_TEST,0,GAZE_AWARE,789.0,530.0,true,LEFT_EYE,LOOKING_AT_EYES,767.25,535.3571,1067.25,535.3571
75679,75097,P_TEST,0,GAZE_AWARE,791.0,530.0,true,LEFT_EYE,LOOKING_AT_EYES,767.75,535.3571,1067.75,535.3571
75729,75147,P_TEST,0,GAZE_AWARE,794.0,531.0,true,LEFT_EYE,LOOKING_AT_EYES,768.5,535.8214,1068.5,535.8214
75762,75180,P_TEST,0,GAZE_AWARE,796.0,531.0,true,LEFT_EYE,LOOKING_AT_EYES,769.0,535.8214,1069.0,535.8214
75796,75214,P_TEST,0,GAZE_AWARE,797.0,531.0,true,LEFT_EYE,LOOKING_AT_EYES,769.25,535.8214,1069.25,535.8214
75829,75247,P_TEST,0,GAZE_AWARE,798.0,531.0,true,LEFT_EYE,LOOKING_AT_EYES,769.5,535.8214,1069.5,535.8214
75862,75280,P_TEST,0,GAZE_AWARE,799.0,532.0,true,LEFT_EYE,LOOKING_AT_EYES,769.75,536.2857,1069.75,536.2857
75895,75313,P_TEST,0,GAZE_AWARE,800.0,532.0,true,LEFT_EYE,LOOKING_AT_EYES,770.0,536.2857,1070.0,536.2857
75929,75347,P_TEST,0,GAZE_AWARE,802.0,532.0,true,LEFT_EYE,LOOKING_AT_EYES,770.5,536.2857,1070.5,536.2857
75963,75381,P_TEST,0,GAZE_AWARE,803.0,532.0,true,LEFT_EYE,LOOKING_AT_EYES,770.75,536.2857,1070.75,536.2857
76012,75430,P_TEST,0,GAZE_AWARE,803.0,532.0,true,LEFT_EYE,LOOKING_AT_EYES,770.75,536.2857,1070.75,536.2857
76045,75463,P_TEST,0,GAZE_AWARE,803.0,532.0,true,LEFT_EYE,LOOKING_AT_EYES,770.75,536.2857,1070.75,536.2857
76079,75497,P_TEST,0,GAZE_AWARE,804.0,532.0,true,LEFT_EYE,LOOKING_AT_EYES,771.0,536.2857,1071.0,536.2857
76112,75530,P_TEST,0,GAZE_AWARE,804.0,532.0,true,LEFT_EYE,LOOKING_AT_EYES,771.0,536.2857,1071.0,536.2857
76145,75563,P_TEST,0,GAZE_AWARE,804.0,532.0,true,LEFT_EYE,LOOKING_AT_EYES,771.0,536.2857,1071.0,536.2857
76178,75596,P_TEST,0,GAZE_AWARE,805.0,532.0,true,LEFT_EYE,LOOKING_AT_EYES,771.25,536.2857,1071.25,536.2857
76212,75630,P_TEST,0,GAZE_AWARE,805.0,532.0,true,LEFT_EYE,LOOKING_AT_EYES,771.25,536.2857,1071.25,536.2857
76245,75663,P_TEST,0,GAZE_AWARE,805.0,532.0,true,LEFT_EYE,LOOKING_AT_EYES,771.25,536.2857,1071.25,536.2857
76278,75696,P_TEST,0,GAZE_AWARE,805.0,532.0,true,LEFT_EYE,LOOKING_AT_EYES,771.25,536.2857,1071.25,536.2857
76312,75730,P_TEST,0,GAZE_AWARE,805.0,532.0,true,LEFT_EYE,LOOKING_AT_EYES,771.25,536.2857,1071.25,536.2857
76346,75764,P_TEST,0,GAZE_AWARE,805.0,532.0,true,LEFT_EYE,LOOKING_AT_EYES,771.25,536.2857,1071.25,536.2857
76379,75797,P_TEST,0,GAZE_AWARE,805.0,532.0,true,LEFT_EYE,LOOKING_AT_EYES,771.25,536.2857,1071.25,536.2857
76413,75831,P_TEST,0,GAZE_AWARE,805.0,532.0,true,LEFT_EYE,LOOKING_AT_EYES,771.25,536.2857,1071.25,536.2857
76462,75880,P_TEST,0,GAZE_AWARE,805.0,532.0,true,LEFT_EYE,LOOKING_AT_EYES,771.25,536.2857,1071.25,536.2857
76496,75914,P_TEST,0,GAZE_AWARE,805.0,532.0,true,LEFT_EYE,LOOKING_AT_EYES,771.25,536.2857,1071.25,536.2857
76545,75963,P_TEST,0,GAZE_AWARE,805.0,532.0,true,LEFT_EYE,LOOKING_AT_EYES,771.25,536.2857,1071.25,536.2857
76578,75996,P_TEST,0,GAZE_AWARE,805.0,532.0,true,LEFT_EYE,LOOKING_AT_EYES,771.25,536.2857,1071.25,536.2857
76612,76030,P_TEST,0,GAZE_AWARE,805.0,532.0,true,LEFT_EYE,LOOKING_AT_EYES,771.25,536.2857,1071.25,536.2857
76662,76080,P_TEST,0,GAZE_AWARE,805.0,532.0,true,LEFT_EYE,LOOKING_AT_EYES,771.25,536.2857,1071.25,536.2857
76696,76114,P_TEST,0,GAZE_AWARE,805.0,532.0,true,LEFT_EYE,LOOKING_AT_EYES,771.25,536.2857,1071.25,536.2857
76745,76163,P_TEST,0,GAZE_AWARE,805.0,532.0,true,LEFT_EYE,LOOKING_AT_EYES,771.25,536.2857,1071.25,536.2857
76779,76197,P_TEST,0,GAZE_AWARE,805.0,532.0,true,LEFT_EYE,LOOKING_AT_EYES,771.25,536.2857,1071.25,536.2857
76812,76230,P_TEST,0,GAZE_AWARE,805.0,532.0,true,LEFT_EYE,LOOKING_AT_EYES,771.25,536.2857,1071.25,536.2857
76845,76263,P_TEST,0,GAZE_AWARE,805.0,532.0,true,LEFT_EYE,LOOKING_AT_EYES,771.25,536.2857,1071.25,536.2857
76878,76296,P_TEST,0,GAZE_AWARE,805.0,532.0,true,LEFT_EYE,LOOKING_AT_EYES,771.25,536.2857,1071.25,536.2857
76912,76330,P_TEST,0,GAZE_AWARE,805.0,532.0,true,LEFT_EYE,LOOKING_AT_EYES,771.25,536.2857,1071.25,536.2857
76946,76364,P_TEST,0,GAZE_AWARE,805.0,532.0,true,LEFT_EYE,LOOKING_AT_EYES,771.25,536.2857,1071.25,536.2857
76979,76397,P_TEST,0,GAZE_AWARE,805.0,532.0,true,LEFT_EYE,LOOKING_AT_EYES,771.25,536.2857,1071.25,536.2857
77012,76430,P_TEST,0,GAZE_AWARE,805.0,532.0,true,LEFT_EYE,LOOKING_AT_EYES,771.25,536.2857,1071.25,536.2857
77045,76463,P_TEST,0,GAZE_AWARE,805.0,532.0,true,LEFT_EYE,LOOKING_AT_EYES,771.25,536.2857,1071.25,536.2857
77079,76497,P_TEST,0,GAZE_AWARE,805.0,532.0,true,LEFT_EYE,LOOKING_AT_EYES,771.25,536.2857,1071.25,536.2857
77112,76530,P_TEST,0,GAZE_AWARE,805.0,532.0,true,LEFT_EYE,LOOKING_AT_EYES,771.25,536.2857,1071.25,536.2857
77145,76563,P_TEST,0,GAZE_AWARE,805.0,532.0,true,LEFT_EYE,LOOKING_AT_EYES,771.25,536.2857,1071.25,536.2857
77178,76596,P_TEST,0,GAZE_AWARE,805.0,532.0,true,LEFT_EYE,LOOKING_AT_EYES,771.25,536.2857,1071.25,536.2857
77212,76630,P_TEST,0,GAZE_AWARE,805.0,532.0,true,LEFT_EYE,LOOKING_AT_EYES,771.25,536.2857,1071.25,536.2857
77245,76663,P_TEST,0,GAZE_AWARE,805.0,532.0,true,LEFT_EYE,LOOKING_AT_EYES,771.25,536.2857,1071.25,536.2857
77278,76696,P_TEST,0,GAZE_AWARE,805.0,532.0,true,LEFT_EYE,LOOKING_AT_EYES,771.25,536.2857,1071.25,536.2857
77311,76729,P_TEST,0,GAZE_AWARE,805.0,532.0,true,LEFT_EYE,LOOKING_AT_EYES,771.25,536.2857,1071.25,536.2857
77346,76764,P_TEST,0,GAZE_AWARE,805.0,532.0,true,LEFT_EYE,LOOKING_AT_EYES,771.25,536.2857,1071.25,536.2857
77379,76797,P_TEST,0,GAZE_AWARE,805.0,532.0,true,LEFT_EYE,LOOKING_AT_EYES,771.25,536.2857,1071.25,536.2857
77412,76830,P_TEST,0,GAZE_AWARE,805.0,532.0,true,LEFT_EYE,LOOKING_AT_EYES,771.25,536.2857,1071.25,536.2857
77445,76863,P_TEST,0,GAZE_AWARE,805.0,532.0,true,LEFT_EYE,LOOKING_AT_EYES,771.25,536.2857,1071.25,536.2857
77479,76897,P_TEST,0,GAZE_AWARE,805.0,532.0,true,LEFT_EYE,LOOKING_AT_EYES,771.25,536.2857,1071.25,536.2857
77512,76930,P_TEST,0,GAZE_AWARE,805.0,532.0,true,LEFT_EYE,LOOKING_AT_EYES,771.25,536.2857,1071.25,536.2857
77562,76980,P_TEST,0,GAZE_AWARE,805.0,532.0,true,LEFT_EYE,LOOKING_AT_EYES,771.25,536.2857,1071.25,536.2857
77596,77014,P_TEST,0,GAZE_AWARE,805.0,532.0,true,LEFT_EYE,LOOKING_AT_EYES,771.25,536.2857,1071.25,536.2857
77629,77047,P_TEST,0,GAZE_AWARE,805.0,532.0,true,LEFT_EYE,LOOKING_AT_EYES,771.25,536.2857,1071.25,536.2857
77662,77080,P_TEST,0,GAZE_AWARE,805.0,532.0,true,LEFT_EYE,LOOKING_AT_EYES,771.25,536.2857,1071.25,536.2857
77696,77114,P_TEST,0,GAZE_AWARE,805.0,532.0,true,LEFT_EYE,LOOKING_AT_EYES,771.25,536.2857,1071.25,536.2857
77729,77147,P_TEST,0,GAZE_AWARE,805.0,532.0,true,LEFT_EYE,LOOKING_AT_EYES,771.25,536.2857,1071.25,536.2857
77762,77180,P_TEST,0,GAZE_AWARE,806.0,532.0,true,LEFT_EYE,LOOKING_AT_EYES,771.5,536.2857,1071.5,536.2857
77796,77214,P_TEST,0,GAZE_AWARE,807.0,533.0,true,LEFT_EYE,LOOKING_AT_EYES,771.75,536.75,1071.75,536.75
77829,77247,P_TEST,0,GAZE_AWARE,809.0,533.0,true,LEFT_EYE,LOOKING_AT_EYES,772.25,536.75,1072.25,536.75
77862,77280,P_TEST,0,GAZE_AWARE,811.0,533.0,true,LEFT_EYE,LOOKING_AT_EYES,772.75,536.75,1072.75,536.75
77896,77314,P_TEST,0,GAZE_AWARE,814.0,534.0,true,LEFT_EYE,LOOKING_AT_EYES,773.5,537.2143,1073.5,537.2143
77929,77347,P_TEST,0,GAZE_AWARE,815.0,535.0,true,LEFT_EYE,LOOKING_AT_EYES,773.75,537.6786,1073.75,537.6786
77978,77396,P_TEST,0,GAZE_AWARE,817.0,535.0,true,LEFT_EYE,LOOKING_AT_EYES,774.25,537.6786,1074.25,537.6786
78013,77431,P_TEST,0,GAZE_AWARE,818.0,535.0,true,LEFT_EYE,LOOKING_AT_EYES,774.5,537.6786,1074.5,537.6786
78062,77480,P_TEST,0,GAZE_AWARE,820.0,535.0,true,LEFT_EYE,LOOKING_AT_EYES,775.0,537.6786,1075.0,537.6786
78096,77514,P_TEST,0,GAZE_AWARE,822.0,534.0,true,LEFT_EYE,LOOKING_AT_EYES,775.5,537.2143,1075.5,537.2143
78129,77547,P_TEST,0,GAZE_AWARE,824.0,534.0,true,LEFT_EYE,LOOKING_AT_EYES,776.0,537.2143,1076.0,537.2143
78163,77581,P_TEST,0,GAZE_AWARE,826.0,534.0,true,LEFT_EYE,LOOKING_AT_EYES,776.5,537.2143,1076.5,537.2143
78196,77614,P_TEST,0,GAZE_AWARE,828.0,534.0,true,LEFT_EYE,LOOKING_AT_EYES,777.0,537.2143,1077.0,537.2143
78229,77647,P_TEST,0,GAZE_AWARE,830.0,534.0,true,LEFT_EYE,LOOKING_AT_EYES,777.5,537.2143,1077.5,537.2143
78262,77680,P_TEST,0,GAZE_AWARE,831.0,534.0,true,LEFT_EYE,LOOKING_AT_EYES,777.75,537.2143,1077.75,537.2143
78296,77714,P_TEST,0,GAZE_AWARE,832.0,535.0,true,LEFT_EYE,LOOKING_AT_EYES,778.0,537.6786,1078.0,537.6786
78329,77747,P_TEST,0,GAZE_AWARE,833.0,535.0,true,LEFT_EYE,LOOKING_AT_EYES,778.25,537.6786,1078.25,537.6786
78362,77780,P_TEST,0,GAZE_AWARE,834.0,535.0,true,LEFT_EYE,LOOKING_AT_EYES,778.5,537.6786,1078.5,537.6786
78396,77814,P_TEST,0,GAZE_AWARE,834.0,535.0,true,LEFT_EYE,LOOKING_AT_EYES,778.5,537.6786,1078.5,537.6786
78429,77847,P_TEST,0,GAZE_AWARE,835.0,535.0,true,LEFT_EYE,LOOKING_AT_EYES,778.75,537.6786,1078.75,537.6786
78463,77881,P_TEST,0,GAZE_AWARE,835.0,535.0,true,LEFT_EYE,LOOKING_AT_EYES,778.75,537.6786,1078.75,537.6786
78512,77930,P_TEST,0,GAZE_AWARE,836.0,535.0,true,LEFT_EYE,LOOKING_AT_EYES,779.0,537.6786,1079.0,537.6786
78545,77963,P_TEST,0,GAZE_AWARE,836.0,535.0,true,LEFT_EYE,LOOKING_AT_EYES,779.0,537.6786,1079.0,537.6786
78579,77997,P_TEST,0,GAZE_AWARE,837.0,534.0,true,LEFT_EYE,LOOKING_AT_EYES,779.25,537.2143,1079.25,537.2143
78612,78030,P_TEST,0,GAZE_AWARE,839.0,535.0,true,LEFT_EYE,LOOKING_AT_EYES,779.75,537.6786,1079.75,537.6786
78645,78063,P_TEST,0,GAZE_AWARE,842.0,535.0,true,LEFT_EYE,LOOKING_AT_EYES,780.5,537.6786,1080.5,537.6786
78678,78096,P_TEST,0,GAZE_AWARE,846.0,536.0,true,LEFT_EYE,LOOKING_AT_EYES,781.5,538.1429,1081.5,538.1429
78711,78129,P_TEST,0,GAZE_AWARE,854.0,537.0,true,LEFT_EYE,LOOKING_AT_EYES,783.5,538.6071,1083.5,538.6071
78745,78163,P_TEST,0,GAZE_AWARE,863.0,538.0,true,LEFT_EYE,LOOKING_AT_EYES,785.75,539.0714,1085.75,539.0714
78779,78197,P_TEST,0,GAZE_AWARE,869.0,538.0,true,LEFT_EYE,LOOKING_AT_EYES,787.25,539.0714,1087.25,539.0714
78812,78230,P_TEST,0,GAZE_AWARE,874.0,537.0,true,LEFT_EYE,LOOKING_AT_EYES,788.5,538.6071,1088.5,538.6071
78846,78264,P_TEST,0,GAZE_AWARE,879.0,537.0,true,LEFT_EYE,LOOKING_AT_EYES,789.75,538.6071,1089.75,538.6071
78880,78298,P_TEST,0,GAZE_AWARE,885.0,536.0,true,LEFT_EYE,LOOKING_AT_EYES,791.25,538.1429,1091.25,538.1429
78929,78347,P_TEST,0,GAZE_AWARE,889.0,535.0,true,LEFT_EYE,LOOKING_AT_EYES,792.25,537.6786,1092.25,537.6786
78963,78381,P_TEST,0,GAZE_AWARE,890.0,535.0,true,LEFT_EYE,LOOKING_AT_EYES,792.5,537.6786,1092.5,537.6786
78996,78414,P_TEST,0,GAZE_AWARE,890.0,535.0,true,LEFT_EYE,LOOKING_AT_EYES,792.5,537.6786,1092.5,537.6786
79029,78447,P_TEST,0,GAZE_AWARE,891.0,535.0,true,LEFT_EYE,LOOKING_AT_EYES,792.75,537.6786,1092.75,537.6786
79063,78481,P_TEST,0,GAZE_AWARE,891.0,535.0,true,LEFT_EYE,LOOKING_AT_EYES,792.75,537.6786,1092.75,537.6786
79112,78530,P_TEST,0,GAZE_AWARE,891.0,535.0,true,LEFT_EYE,LOOKING_AT_EYES,792.75,537.6786,1092.75,537.6786
79145,78563,P_TEST,0,GAZE_AWARE,892.0,535.0,true,LEFT_EYE,LOOKING_AT_EYES,793.0,537.6786,1093.0,537.6786
79180,78598,P_TEST,0,GAZE_AWARE,892.0,535.0,true,LEFT_EYE,LOOKING_AT_EYES,793.0,537.6786,1093.0,537.6786
79229,78647,P_TEST,0,GAZE_AWARE,894.0,535.0,true,LEFT_EYE,LOOKING_AT_EYES,793.5,537.6786,1093.5,537.6786
79262,78680,P_TEST,0,GAZE_AWARE,895.0,534.0,true,LEFT_EYE,LOOKING_AT_EYES,793.75,537.2143,1093.75,537.2143
79296,78714,P_TEST,0,GAZE_AWARE,896.0,534.0,true,LEFT_EYE,LOOKING_AT_EYES,794.0,537.2143,1094.0,537.2143
79330,78748,P_TEST,0,GAZE_AWARE,897.0,534.0,true,LEFT_EYE,LOOKING_AT_EYES,794.25,537.2143,1094.25,537.2143
79363,78781,P_TEST,0,GAZE_AWARE,898.0,534.0,true,LEFT_EYE,LOOKING_AT_EYES,794.5,537.2143,1094.5,537.2143
79396,78814,P_TEST,0,GAZE_AWARE,900.0,534.0,true,LEFT_EYE,LOOKING_AT_EYES,795.0,537.2143,1095.0,537.2143
79429,78847,P_TEST,0,GAZE_AWARE,902.0,535.0,true,LEFT_EYE,LOOKING_AT_EYES,795.5,537.6786,1095.5,537.6786
79463,78881,P_TEST,0,GAZE_AWARE,904.0,535.0,true,LEFT_EYE,LOOKING_AT_EYES,796.0,537.6786,1096.0,537.6786
79512,78930,P_TEST,0,GAZE_AWARE,905.0,535.0,true,LEFT_EYE,LOOKING_AT_EYES,796.25,537.6786,1096.25,537.6786
79546,78964,P_TEST,0,GAZE_AWARE,905.0,535.0,true,LEFT_EYE,LOOKING_AT_EYES,796.25,537.6786,1096.25,537.6786
79579,78997,P_TEST,0,GAZE_AWARE,905.0,535.0,true,LEFT_EYE,LOOKING_AT_EYES,796.25,537.6786,1096.25,537.6786
79612,79030,P_TEST,0,GAZE_AWARE,906.0,535.0,true,LEFT_EYE,LOOKING_AT_EYES,796.5,537.6786,1096.5,537.6786
79645,79063,P_TEST,0,GAZE_AWARE,906.0,535.0,true,LEFT_EYE,LOOKING_AT_EYES,796.5,537.6786,1096.5,537.6786
79679,79097,P_TEST,0,GAZE_AWARE,906.0,535.0,true,LEFT_EYE,LOOKING_AT_EYES,796.5,537.6786,1096.5,537.6786
79712,79130,P_TEST,0,GAZE_AWARE,907.0,535.0,true,LEFT_EYE,LOOKING_AT_EYES,796.75,537.6786,1096.75,537.6786
79746,79164,P_TEST,0,GAZE_AWARE,907.0,535.0,true,LEFT_EYE,LOOKING_AT_EYES,796.75,537.6786,1096.75,537.6786
79780,79198,P_TEST,0,GAZE_AWARE,907.0,535.0,true,LEFT_EYE,LOOKING_AT_EYES,796.75,537.6786,1096.75,537.6786
79829,79247,P_TEST,0,GAZE_AWARE,912.0,536.0,true,LEFT_EYE,LOOKING_AT_EYES,798.0,538.1429,1098.0,538.1429
79863,79281,P_TEST,0,GAZE_AWARE,915.0,536.0,true,LEFT_EYE,LOOKING_AT_EYES,798.75,538.1429,1098.75,538.1429
79896,79314,P_TEST,0,GAZE_AWARE,916.0,536.0,true,LEFT_EYE,LOOKING_AT_EYES,799.0,538.1429,1099.0,538.1429
79929,79347,P_TEST,0,GAZE_AWARE,917.0,536.0,true,LEFT_EYE,LOOKING_AT_EYES,799.25,538.1429,1099.25,538.1429
79963,79381,P_TEST,0,GAZE_AWARE,919.0,536.0,true,LEFT_EYE,LOOKING_AT_EYES,799.75,538.1429,1099.75,538.1429
80012,79430,P_TEST,0,GAZE_AWARE,921.0,535.0,true,LEFT_EYE,LOOKING_AT_EYES,800.25,537.6786,1100.25,537.6786
80045,79463,P_TEST,0,GAZE_AWARE,921.0,535.0,true,LEFT_EYE,LOOKING_AT_EYES,800.25,537.6786,1100.25,537.6786
80079,79497,P_TEST,0,GAZE_AWARE,921.0,535.0,true,LEFT_EYE,LOOKING_AT_EYES,800.25,537.6786,1100.25,537.6786
80112,79530,P_TEST,0,GAZE_AWARE,921.0,535.0,true,LEFT_EYE,LOOKING_AT_EYES,800.25,537.6786,1100.25,537.6786
80146,79564,P_TEST,0,GAZE_AWARE,921.0,535.0,true,LEFT_EYE,LOOKING_AT_EYES,800.25,537.6786,1100.25,537.6786
80179,79597,P_TEST,0,GAZE_AWARE,921.0,535.0,true,LEFT_EYE,LOOKING_AT_EYES,800.25,537.6786,1100.25,537.6786
80229,79647,P_TEST,0,GAZE_AWARE,921.0,535.0,true,LEFT_EYE,LOOKING_AT_EYES,800.25,537.6786,1100.25,537.6786
80262,79680,P_TEST,0,GAZE_AWARE,921.0,535.0,true,LEFT_EYE,LOOKING_AT_EYES,800.25,537.6786,1100.25,537.6786
80312,79730,P_TEST,0,GAZE_AWARE,921.0,535.0,true,LEFT_EYE,LOOKING_AT_EYES,800.25,537.6786,1100.25,537.6786
80345,79763,P_TEST,0,GAZE_AWARE,921.0,534.0,true,LEFT_EYE,LOOKING_AT_EYES,800.25,537.2143,1100.25,537.2143
80379,79797,P_TEST,0,GAZE_AWARE,921.0,534.0,true,LEFT_EYE,LOOKING_AT_EYES,800.25,537.2143,1100.25,537.2143
80412,79830,P_TEST,0,GAZE_AWARE,922.0,534.0,true,LEFT_EYE,LOOKING_AT_EYES,800.5,537.2143,1100.5,537.2143
80445,79863,P_TEST,0,GAZE_AWARE,922.0,534.0,true,LEFT_EYE,LOOKING_AT_EYES,800.5,537.2143,1100.5,537.2143
80479,79897,P_TEST,0,GAZE_AWARE,922.0,534.0,true,LEFT_EYE,LOOKING_AT_EYES,800.5,537.2143,1100.5,537.2143
80513,79931,P_TEST,0,GAZE_AWARE,922.0,534.0,true,LEFT_EYE,LOOKING_AT_EYES,800.5,537.2143,1100.5,537.2143
80562,79980,P_TEST,0,GAZE_AWARE,922.0,534.0,true,LEFT_EYE,LOOKING_AT_EYES,800.5,537.2143,1100.5,537.2143
80596,80014,P_TEST,0,GAZE_AWARE,922.0,534.0,true,LEFT_EYE,LOOKING_AT_EYES,800.5,537.2143,1100.5,537.2143
80629,80047,P_TEST,0,GAZE_AWARE,922.0,534.0,true,LEFT_EYE,LOOKING_AT_EYES,800.5,537.2143,1100.5,537.2143
80662,80080,P_TEST,0,GAZE_AWARE,922.0,534.0,true,LEFT_EYE,LOOKING_AT_EYES,800.5,537.2143,1100.5,537.2143
80695,80113,P_TEST,0,GAZE_AWARE,922.0,534.0,true,LEFT_EYE,LOOKING_AT_EYES,800.5,537.2143,1100.5,537.2143
80729,80147,P_TEST,0,GAZE_AWARE,922.0,533.0,true,LEFT_EYE,LOOKING_AT_EYES,800.5,536.75,1100.5,536.75
80762,80180,P_TEST,0,GAZE_AWARE,922.0,533.0,true,LEFT_EYE,LOOKING_AT_EYES,800.5,536.75,1100.5,536.75
80796,80214,P_TEST,0,GAZE_AWARE,922.0,533.0,true,LEFT_EYE,LOOKING_AT_EYES,800.5,536.75,1100.5,536.75
80829,80247,P_TEST,0,GAZE_AWARE,922.0,533.0,true,LEFT_EYE,LOOKING_AT_EYES,800.5,536.75,1100.5,536.75
80862,80280,P_TEST,0,GAZE_AWARE,922.0,533.0,true,LEFT_EYE,LOOKING_AT_EYES,800.5,536.75,1100.5,536.75
80896,80314,P_TEST,0,GAZE_AWARE,922.0,533.0,true,LEFT_EYE,LOOKING_AT_EYES,800.5,536.75,1100.5,536.75
80929,80347,P_TEST,0,GAZE_AWARE,922.0,533.0,true,LEFT_EYE,LOOKING_AT_EYES,800.5,536.75,1100.5,536.75
80963,80381,P_TEST,0,GAZE_AWARE,922.0,533.0,true,LEFT_EYE,LOOKING_AT_EYES,800.5,536.75,1100.5,536.75
81013,80431,P_TEST,0,GAZE_AWARE,922.0,533.0,true,LEFT_EYE,LOOKING_AT_EYES,800.5,536.75,1100.5,536.75
81046,80464,P_TEST,0,GAZE_AWARE,922.0,533.0,true,LEFT_EYE,LOOKING_AT_EYES,800.5,536.75,1100.5,536.75
81096,80514,P_TEST,0,GAZE_AWARE,922.0,533.0,true,LEFT_EYE,LOOKING_AT_EYES,800.5,536.75,1100.5,536.75
81130,80548,P_TEST,0,GAZE_AWARE,922.0,532.0,true,LEFT_EYE,LOOKING_AT_EYES,800.5,536.2857,1100.5,536.2857
81179,80597,P_TEST,0,GAZE_AWARE,922.0,532.0,true,LEFT_EYE,LOOKING_AT_EYES,800.5,536.2857,1100.5,536.2857
81212,80630,P_TEST,0,GAZE_AWARE,922.0,532.0,true,LEFT_EYE,LOOKING_AT_EYES,800.5,536.2857,1100.5,536.2857
81246,80664,P_TEST,0,GAZE_AWARE,922.0,532.0,true,LEFT_EYE,LOOKING_AT_EYES,800.5,536.2857,1100.5,536.2857
81279,80697,P_TEST,0,GAZE_AWARE,922.0,532.0,true,LEFT_EYE,LOOKING_AT_EYES,800.5,536.2857,1100.5,536.2857
81312,80730,P_TEST,0,GAZE_AWARE,922.0,532.0,true,LEFT_EYE,LOOKING_AT_EYES,800.5,536.2857,1100.5,536.2857
81346,80764,P_TEST,0,GAZE_AWARE,922.0,532.0,true,LEFT_EYE,LOOKING_AT_EYES,800.5,536.2857,1100.5,536.2857
81379,80797,P_TEST,0,GAZE_AWARE,922.0,532.0,true,LEFT_EYE,LOOKING_AT_EYES,800.5,536.2857,1100.5,536.2857
81412,80830,P_TEST,0,GAZE_AWARE,922.0,532.0,true,LEFT_EYE,LOOKING_AT_EYES,800.5,536.2857,1100.5,536.2857
81445,80863,P_TEST,0,GAZE_AWARE,922.0,532.0,true,LEFT_EYE,LOOKING_AT_EYES,800.5,536.2857,1100.5,536.2857
81479,80897,P_TEST,0,GAZE_AWARE,922.0,532.0,true,LEFT_EYE,LOOKING_AT_EYES,800.5,536.2857,1100.5,536.2857
81512,80930,P_TEST,0,GAZE_AWARE,923.0,531.0,true,LEFT_EYE,LOOKING_AT_EYES,800.75,535.8214,1100.75,535.8214
81546,80964,P_TEST,0,GAZE_AWARE,923.0,531.0,true,LEFT_EYE,LOOKING_AT_EYES,800.75,535.8214,1100.75,535.8214
81579,80997,P_TEST,0,GAZE_AWARE,923.0,531.0,true,LEFT_EYE,LOOKING_AT_EYES,800.75,535.8214,1100.75,535.8214
81612,81030,P_TEST,0,GAZE_AWARE,923.0,531.0,true,LEFT_EYE,LOOKING_AT_EYES,800.75,535.8214,1100.75,535.8214
81646,81064,P_TEST,0,GAZE_AWARE,923.0,531.0,true,LEFT_EYE,LOOKING_AT_EYES,800.75,535.8214,1100.75,535.8214
81679,81097,P_TEST,0,GAZE_AWARE,923.0,531.0,true,LEFT_EYE,LOOKING_AT_EYES,800.75,535.8214,1100.75,535.8214
81729,81147,P_TEST,0,GAZE_AWARE,923.0,531.0,true,LEFT_EYE,LOOKING_AT_EYES,800.75,535.8214,1100.75,535.8214
81762,81180,P_TEST,0,GAZE_AWARE,923.0,531.0,true,LEFT_EYE,LOOKING_AT_EYES,800.75,535.8214,1100.75,535.8214
81796,81214,P_TEST,0,GAZE_AWARE,923.0,531.0,true,LEFT_EYE,LOOKING_AT_EYES,800.75,535.8214,1100.75,535.8214
81845,81263,P_TEST,0,GAZE_AWARE,923.0,531.0,true,LEFT_EYE,LOOKING_AT_EYES,800.75,535.8214,1100.75,535.8214
81878,81296,P_TEST,0,GAZE_AWARE,923.0,531.0,true,LEFT_EYE,LOOKING_AT_EYES,800.75,535.8214,1100.75,535.8214
81912,81330,P_TEST,0,GAZE_AWARE,923.0,531.0,true,LEFT_EYE,LOOKING_AT_EYES,800.75,535.8214,1100.75,535.8214
81945,81363,P_TEST,0,GAZE_AWARE,923.0,531.0,true,LEFT_EYE,LOOKING_AT_EYES,800.75,535.8214,1100.75,535.8214
81978,81396,P_TEST,0,GAZE_AWARE,923.0,531.0,true,LEFT_EYE,LOOKING_AT_EYES,800.75,535.8214,1100.75,535.8214
82012,81430,P_TEST,0,GAZE_AWARE,923.0,531.0,true,LEFT_EYE,LOOKING_AT_EYES,800.75,535.8214,1100.75,535.8214
82045,81463,P_TEST,0,GAZE_AWARE,923.0,531.0,true,LEFT_EYE,LOOKING_AT_EYES,800.75,535.8214,1100.75,535.8214
82078,81496,P_TEST,0,GAZE_AWARE,923.0,531.0,true,LEFT_EYE,LOOKING_AT_EYES,800.75,535.8214,1100.75,535.8214
82112,81530,P_TEST,0,GAZE_AWARE,923.0,531.0,true,LEFT_EYE,LOOKING_AT_EYES,800.75,535.8214,1100.75,535.8214
82145,81563,P_TEST,0,GAZE_AWARE,923.0,531.0,true,LEFT_EYE,LOOKING_AT_EYES,800.75,535.8214,1100.75,535.8214
82179,81597,P_TEST,0,GAZE_AWARE,923.0,531.0,true,LEFT_EYE,LOOKING_AT_EYES,800.75,535.8214,1100.75,535.8214
82213,81631,P_TEST,0,GAZE_AWARE,923.0,530.0,true,LEFT_EYE,LOOKING_AT_EYES,800.75,535.3571,1100.75,535.3571
82263,81681,P_TEST,0,GAZE_AWARE,924.0,530.0,true,LEFT_EYE,LOOKING_AT_EYES,801.0,535.3571,1101.0,535.3571
82296,81714,P_TEST,0,GAZE_AWARE,924.0,530.0,true,LEFT_EYE,LOOKING_AT_EYES,801.0,535.3571,1101.0,535.3571
82329,81747,P_TEST,0,GAZE_AWARE,924.0,530.0,true,LEFT_EYE,LOOKING_AT_EYES,801.0,535.3571,1101.0,535.3571
82362,81780,P_TEST,0,GAZE_AWARE,924.0,530.0,true,LEFT_EYE,LOOKING_AT_EYES,801.0,535.3571,1101.0,535.3571
82395,81813,P_TEST,0,GAZE_AWARE,924.0,530.0,true,LEFT_EYE,LOOKING_AT_EYES,801.0,535.3571,1101.0,535.3571
82429,81847,P_TEST,0,GAZE_AWARE,924.0,530.0,true,LEFT_EYE,LOOKING_AT_EYES,801.0,535.3571,1101.0,535.3571
82463,81881,P_TEST,0,GAZE_AWARE,924.0,530.0,true,LEFT_EYE,LOOKING_AT_EYES,801.0,535.3571,1101.0,535.3571
82512,81930,P_TEST,0,GAZE_AWARE,924.0,530.0,true,LEFT_EYE,LOOKING_AT_EYES,801.0,535.3571,1101.0,535.3571
82545,81963,P_TEST,0,GAZE_AWARE,924.0,530.0,true,LEFT_EYE,LOOKING_AT_EYES,801.0,535.3571,1101.0,535.3571
82579,81997,P_TEST,0,GAZE_AWARE,924.0,530.0,true,LEFT_EYE,LOOKING_AT_EYES,801.0,535.3571,1101.0,535.3571
82613,82031,P_TEST,0,GAZE_AWARE,924.0,530.0,true,LEFT_EYE,LOOKING_AT_EYES,801.0,535.3571,1101.0,535.3571
82646,82064,P_TEST,0,GAZE_AWARE,924.0,530.0,true,LEFT_EYE,LOOKING_AT_EYES,801.0,535.3571,1101.0,535.3571
82695,82113,P_TEST,0,GAZE_AWARE,924.0,530.0,true,LEFT_EYE,LOOKING_AT_EYES,801.0,535.3571,1101.0,535.3571
82728,82146,P_TEST,0,GAZE_AWARE,924.0,530.0,true,LEFT_EYE,LOOKING_AT_EYES,801.0,535.3571,1101.0,535.3571
82762,82180,P_TEST,0,GAZE_AWARE,924.0,530.0,true,LEFT_EYE,LOOKING_AT_EYES,801.0,535.3571,1101.0,535.3571
82795,82213,P_TEST,0,GAZE_AWARE,924.0,530.0,true,LEFT_EYE,LOOKING_AT_EYES,801.0,535.3571,1101.0,535.3571
82829,82247,P_TEST,0,GAZE_AWARE,924.0,530.0,true,LEFT_EYE,LOOKING_AT_EYES,801.0,535.3571,1101.0,535.3571
82862,82280,P_TEST,0,GAZE_AWARE,924.0,530.0,true,LEFT_EYE,LOOKING_AT_EYES,801.0,535.3571,1101.0,535.3571
82895,82313,P_TEST,0,GAZE_AWARE,924.0,530.0,true,LEFT_EYE,LOOKING_AT_EYES,801.0,535.3571,1101.0,535.3571
82929,82347,P_TEST,0,GAZE_AWARE,924.0,530.0,true,LEFT_EYE,LOOKING_AT_EYES,801.0,535.3571,1101.0,535.3571
82962,82380,P_TEST,0,GAZE_AWARE,924.0,530.0,true,LEFT_EYE,LOOKING_AT_EYES,801.0,535.3571,1101.0,535.3571
82995,82413,P_TEST,0,GAZE_AWARE,924.0,530.0,true,LEFT_EYE,LOOKING_AT_EYES,801.0,535.3571,1101.0,535.3571
83029,82447,P_TEST,0,GAZE_AWARE,924.0,530.0,true,LEFT_EYE,LOOKING_AT_EYES,801.0,535.3571,1101.0,535.3571
83062,82480,P_TEST,0,GAZE_AWARE,924.0,530.0,true,LEFT_EYE,LOOKING_AT_EYES,801.0,535.3571,1101.0,535.3571
83096,82514,P_TEST,0,GAZE_AWARE,924.0,530.0,true,LEFT_EYE,LOOKING_AT_EYES,801.0,535.3571,1101.0,535.3571
83129,82547,P_TEST,0,GAZE_AWARE,924.0,530.0,true,LEFT_EYE,LOOKING_AT_EYES,801.0,535.3571,1101.0,535.3571
83162,82580,P_TEST,0,GAZE_AWARE,924.0,530.0,true,LEFT_EYE,LOOKING_AT_EYES,801.0,535.3571,1101.0,535.3571
83196,82614,P_TEST,0,GAZE_AWARE,924.0,530.0,true,LEFT_EYE,LOOKING_AT_EYES,801.0,535.3571,1101.0,535.3571
83229,82647,P_TEST,0,GAZE_AWARE,924.0,530.0,true,LEFT_EYE,LOOKING_AT_EYES,801.0,535.3571,1101.0,535.3571
83262,82680,P_TEST,0,GAZE_AWARE,924.0,530.0,true,LEFT_EYE,LOOKING_AT_EYES,801.0,535.3571,1101.0,535.3571
83295,82713,P_TEST,0,GAZE_AWARE,924.0,530.0,true,LEFT_EYE,LOOKING_AT_EYES,801.0,535.3571,1101.0,535.3571
83328,82746,P_TEST,0,GAZE_AWARE,924.0,530.0,true,LEFT_EYE,LOOKING_AT_EYES,801.0,535.3571,1101.0,535.3571
83362,82780,P_TEST,0,GAZE_AWARE,924.0,530.0,true,LEFT_EYE,LOOKING_AT_EYES,801.0,535.3571,1101.0,535.3571
83396,82814,P_TEST,0,GAZE_AWARE,924.0,530.0,true,LEFT_EYE,LOOKING_AT_EYES,801.0,535.3571,1101.0,535.3571
83429,82847,P_TEST,0,GAZE_AWARE,924.0,530.0,true,LEFT_EYE,LOOKING_AT_EYES,801.0,535.3571,1101.0,535.3571
83462,82880,P_TEST,0,GAZE_AWARE,924.0,530.0,true,LEFT_EYE,LOOKING_AT_EYES,801.0,535.3571,1101.0,535.3571
83495,82913,P_TEST,0,GAZE_AWARE,924.0,530.0,true,LEFT_EYE,LOOKING_AT_EYES,801.0,535.3571,1101.0,535.3571
83529,82947,P_TEST,0,GAZE_AWARE,924.0,530.0,true,LEFT_EYE,LOOKING_AT_EYES,801.0,535.3571,1101.0,535.3571
83562,82980,P_TEST,0,GAZE_AWARE,924.0,530.0,true,LEFT_EYE,LOOKING_AT_EYES,801.0,535.3571,1101.0,535.3571
83595,83013,P_TEST,0,GAZE_AWARE,924.0,530.0,true,LEFT_EYE,LOOKING_AT_EYES,801.0,535.3571,1101.0,535.3571
83629,83047,P_TEST,0,GAZE_AWARE,924.0,530.0,true,LEFT_EYE,LOOKING_AT_EYES,801.0,535.3571,1101.0,535.3571
83662,83080,P_TEST,0,GAZE_AWARE,924.0,530.0,true,LEFT_EYE,LOOKING_AT_EYES,801.0,535.3571,1101.0,535.3571
83696,83114,P_TEST,0,GAZE_AWARE,924.0,530.0,true,LEFT_EYE,LOOKING_AT_EYES,801.0,535.3571,1101.0,535.3571
83746,83164,P_TEST,0,GAZE_AWARE,924.0,530.0,true,LEFT_EYE,LOOKING_AT_EYES,801.0,535.3571,1101.0,535.3571
83796,83214,P_TEST,0,GAZE_AWARE,924.0,530.0,true,LEFT_EYE,LOOKING_AT_EYES,801.0,535.3571,1101.0,535.3571
83829,83247,P_TEST,0,GAZE_AWARE,924.0,530.0,true,LEFT_EYE,LOOKING_AT_EYES,801.0,535.3571,1101.0,535.3571
83862,83280,P_TEST,0,GAZE_AWARE,924.0,530.0,true,LEFT_EYE,LOOKING_AT_EYES,801.0,535.3571,1101.0,535.3571
83896,83314,P_TEST,0,GAZE_AWARE,924.0,530.0,true,LEFT_EYE,LOOKING_AT_EYES,801.0,535.3571,1101.0,535.3571
83929,83347,P_TEST,0,GAZE_AWARE,924.0,530.0,true,LEFT_EYE,LOOKING_AT_EYES,801.0,535.3571,1101.0,535.3571
83962,83380,P_TEST,0,GAZE_AWARE,924.0,530.0,true,LEFT_EYE,LOOKING_AT_EYES,801.0,535.3571,1101.0,535.3571
83995,83413,P_TEST,0,GAZE_AWARE,924.0,530.0,true,LEFT_EYE,LOOKING_AT_EYES,801.0,535.3571,1101.0,535.3571
84028,83446,P_TEST,0,GAZE_AWARE,924.0,530.0,true,LEFT_EYE,LOOKING_AT_EYES,801.0,535.3571,1101.0,535.3571
84062,83480,P_TEST,0,GAZE_AWARE,924.0,530.0,true,LEFT_EYE,LOOKING_AT_EYES,801.0,535.3571,1101.0,535.3571
84096,83514,P_TEST,0,GAZE_AWARE,924.0,530.0,true,LEFT_EYE,LOOKING_AT_EYES,801.0,535.3571,1101.0,535.3571
84130,83548,P_TEST,0,GAZE_AWARE,924.0,530.0,true,LEFT_EYE,LOOKING_AT_EYES,801.0,535.3571,1101.0,535.3571
84179,83597,P_TEST,0,GAZE_AWARE,924.0,530.0,true,LEFT_EYE,LOOKING_AT_EYES,801.0,535.3571,1101.0,535.3571
84213,83631,P_TEST,0,GAZE_AWARE,924.0,530.0,true,LEFT_EYE,LOOKING_AT_EYES,801.0,535.3571,1101.0,535.3571
84262,83680,P_TEST,0,GAZE_AWARE,924.0,530.0,true,LEFT_EYE,LOOKING_AT_EYES,801.0,535.3571,1101.0,535.3571
84296,83714,P_TEST,0,GAZE_AWARE,924.0,530.0,true,LEFT_EYE,LOOKING_AT_EYES,801.0,535.3571,1101.0,535.3571
84329,83747,P_TEST,0,GAZE_AWARE,924.0,530.0,true,LEFT_EYE,LOOKING_AT_EYES,801.0,535.3571,1101.0,535.3571
84363,83781,P_TEST,0,GAZE_AWARE,924.0,530.0,true,LEFT_EYE,LOOKING_AT_EYES,801.0,535.3571,1101.0,535.3571
84413,83831,P_TEST,0,GAZE_AWARE,924.0,530.0,true,LEFT_EYE,LOOKING_AT_EYES,801.0,535.3571,1101.0,535.3571
84462,83880,P_TEST,0,GAZE_AWARE,924.0,530.0,true,LEFT_EYE,LOOKING_AT_EYES,801.0,535.3571,1101.0,535.3571
84495,83913,P_TEST,0,GAZE_AWARE,924.0,530.0,true,LEFT_EYE,LOOKING_AT_EYES,801.0,535.3571,1101.0,535.3571
84529,83947,P_TEST,0,GAZE_AWARE,924.0,530.0,true,LEFT_EYE,LOOKING_AT_EYES,801.0,535.3571,1101.0,535.3571
84562,83980,P_TEST,0,GAZE_AWARE,924.0,530.0,true,LEFT_EYE,LOOKING_AT_EYES,801.0,535.3571,1101.0,535.3571
84596,84014,P_TEST,0,GAZE_AWARE,924.0,530.0,true,LEFT_EYE,LOOKING_AT_EYES,801.0,535.3571,1101.0,535.3571
84646,84064,P_TEST,0,GAZE_AWARE,924.0,530.0,true,LEFT_EYE,LOOKING_AT_EYES,801.0,535.3571,1101.0,535.3571
84679,84097,P_TEST,0,GAZE_AWARE,924.0,530.0,true,LEFT_EYE,LOOKING_AT_EYES,801.0,535.3571,1101.0,535.3571
84712,84130,P_TEST,0,GAZE_AWARE,924.0,530.0,true,LEFT_EYE,LOOKING_AT_EYES,801.0,535.3571,1101.0,535.3571
84746,84164,P_TEST,0,GAZE_AWARE,924.0,530.0,true,LEFT_EYE,LOOKING_AT_EYES,801.0,535.3571,1101.0,535.3571
84780,84198,P_TEST,0,GAZE_AWARE,924.0,530.0,true,LEFT_EYE,LOOKING_AT_EYES,801.0,535.3571,1101.0,535.3571
84813,84231,P_TEST,0,GAZE_AWARE,924.0,530.0,true,LEFT_EYE,LOOKING_AT_EYES,801.0,535.3571,1101.0,535.3571
84846,84264,P_TEST,0,GAZE_AWARE,924.0,530.0,true,LEFT_EYE,LOOKING_AT_EYES,801.0,535.3571,1101.0,535.3571
84879,84297,P_TEST,0,GAZE_AWARE,924.0,530.0,true,LEFT_EYE,LOOKING_AT_EYES,801.0,535.3571,1101.0,535.3571
84912,84330,P_TEST,0,GAZE_AWARE,924.0,530.0,true,LEFT_EYE,LOOKING_AT_EYES,801.0,535.3571,1101.0,535.3571
84946,84364,P_TEST,0,GAZE_AWARE,924.0,530.0,true,LEFT_EYE,LOOKING_AT_EYES,801.0,535.3571,1101.0,535.3571
84996,84414,P_TEST,0,GAZE_AWARE,924.0,530.0,true,LEFT_EYE,LOOKING_AT_EYES,801.0,535.3571,1101.0,535.3571
85029,84447,P_TEST,0,GAZE_AWARE,924.0,530.0,true,LEFT_EYE,LOOKING_AT_EYES,801.0,535.3571,1101.0,535.3571
85079,84497,P_TEST,0,GAZE_AWARE,924.0,530.0,true,LEFT_EYE,LOOKING_AT_EYES,801.0,535.3571,1101.0,535.3571
85113,84531,P_TEST,0,GAZE_AWARE,924.0,530.0,true,LEFT_EYE,LOOKING_AT_EYES,801.0,535.3571,1101.0,535.3571
85146,84564,P_TEST,0,GAZE_AWARE,924.0,530.0,true,LEFT_EYE,LOOKING_AT_EYES,801.0,535.3571,1101.0,535.3571
85179,84597,P_TEST,0,GAZE_AWARE,924.0,530.0,true,LEFT_EYE,LOOKING_AT_EYES,801.0,535.3571,1101.0,535.3571
85213,84631,P_TEST,0,GAZE_AWARE,924.0,530.0,true,LEFT_EYE,LOOKING_AT_EYES,801.0,535.3571,1101.0,535.3571
85246,84664,P_TEST,0,GAZE_AWARE,924.0,530.0,true,LEFT_EYE,LOOKING_AT_EYES,801.0,535.3571,1101.0,535.3571
85279,84697,P_TEST,0,GAZE_AWARE,924.0,530.0,true,LEFT_EYE,LOOKING_AT_EYES,801.0,535.3571,1101.0,535.3571
85329,84747,P_TEST,0,GAZE_AWARE,924.0,530.0,true,LEFT_EYE,LOOKING_AT_EYES,801.0,535.3571,1101.0,535.3571
85362,84780,P_TEST,0,GAZE_AWARE,924.0,530.0,true,LEFT_EYE,LOOKING_AT_EYES,801.0,535.3571,1101.0,535.3571
85396,84814,P_TEST,0,GAZE_AWARE,924.0,530.0,true,LEFT_EYE,LOOKING_AT_EYES,801.0,535.3571,1101.0,535.3571
85429,84847,P_TEST,0,GAZE_AWARE,924.0,530.0,true,LEFT_EYE,LOOKING_AT_EYES,801.0,535.3571,1101.0,535.3571
85479,84897,P_TEST,0,GAZE_AWARE,924.0,530.0,true,LEFT_EYE,LOOKING_AT_EYES,801.0,535.3571,1101.0,535.3571
85512,84930,P_TEST,0,GAZE_AWARE,924.0,530.0,true,LEFT_EYE,LOOKING_AT_EYES,801.0,535.3571,1101.0,535.3571
85546,84964,P_TEST,0,GAZE_AWARE,924.0,530.0,true,LEFT_EYE,LOOKING_AT_EYES,801.0,535.3571,1101.0,535.3571
85596,85014,P_TEST,0,GAZE_AWARE,924.0,530.0,true,LEFT_EYE,LOOKING_AT_EYES,801.0,535.3571,1101.0,535.3571
85629,85047,P_TEST,0,GAZE_AWARE,924.0,530.0,true,LEFT_EYE,LOOKING_AT_EYES,801.0,535.3571,1101.0,535.3571
85662,85080,P_TEST,0,GAZE_AWARE,924.0,530.0,true,LEFT_EYE,LOOKING_AT_EYES,801.0,535.3571,1101.0,535.3571
85695,85113,P_TEST,0,GAZE_AWARE,924.0,530.0,true,LEFT_EYE,LOOKING_AT_EYES,801.0,535.3571,1101.0,535.3571
85728,85146,P_TEST,0,GAZE_AWARE,924.0,530.0,true,LEFT_EYE,LOOKING_AT_EYES,801.0,535.3571,1101.0,535.3571
85762,85180,P_TEST,0,GAZE_AWARE,924.0,530.0,true,LEFT_EYE,LOOKING_AT_EYES,801.0,535.3571,1101.0,535.3571
85796,85214,P_TEST,0,GAZE_AWARE,924.0,530.0,true,LEFT_EYE,LOOKING_AT_EYES,801.0,535.3571,1101.0,535.3571
85829,85247,P_TEST,0,GAZE_AWARE,924.0,530.0,true,LEFT_EYE,LOOKING_AT_EYES,801.0,535.3571,1101.0,535.3571
85863,85281,P_TEST,0,GAZE_AWARE,924.0,530.0,true,LEFT_EYE,LOOKING_AT_EYES,801.0,535.3571,1101.0,535.3571
85896,85314,P_TEST,0,GAZE_AWARE,924.0,530.0,true,LEFT_EYE,LOOKING_AT_EYES,801.0,535.3571,1101.0,535.3571
85946,85364,P_TEST,0,GAZE_AWARE,924.0,530.0,true,LEFT_EYE,LOOKING_AT_EYES,801.0,535.3571,1101.0,535.3571
85979,85397,P_TEST,0,GAZE_AWARE,924.0,530.0,true,LEFT_EYE,LOOKING_AT_EYES,801.0,535.3571,1101.0,535.3571
86012,85430,P_TEST,0,GAZE_AWARE,924.0,530.0,true,LEFT_EYE,LOOKING_AT_EYES,801.0,535.3571,1101.0,535.3571
86045,85463,P_TEST,0,GAZE_AWARE,924.0,530.0,true,LEFT_EYE,LOOKING_AT_EYES,801.0,535.3571,1101.0,535.3571
86079,85497,P_TEST,0,GAZE_AWARE,924.0,530.0,true,LEFT_EYE,LOOKING_AT_EYES,801.0,535.3571,1101.0,535.3571
86112,85530,P_TEST,0,GAZE_AWARE,924.0,530.0,true,LEFT_EYE,LOOKING_AT_EYES,801.0,535.3571,1101.0,535.3571
86145,85563,P_TEST,0,GAZE_AWARE,924.0,530.0,true,LEFT_EYE,LOOKING_AT_EYES,801.0,535.3571,1101.0,535.3571
86179,85597,P_TEST,0,GAZE_AWARE,924.0,530.0,true,LEFT_EYE,LOOKING_AT_EYES,801.0,535.3571,1101.0,535.3571
86213,85631,P_TEST,0,GAZE_AWARE,924.0,530.0,true,LEFT_EYE,LOOKING_AT_EYES,801.0,535.3571,1101.0,535.3571
86262,85680,P_TEST,0,GAZE_AWARE,924.0,530.0,true,LEFT_EYE,LOOKING_AT_EYES,801.0,535.3571,1101.0,535.3571
86296,85714,P_TEST,0,GAZE_AWARE,924.0,530.0,true,LEFT_EYE,LOOKING_AT_EYES,801.0,535.3571,1101.0,535.3571
86329,85747,P_TEST,0,GAZE_AWARE,924.0,530.0,true,LEFT_EYE,LOOKING_AT_EYES,801.0,535.3571,1101.0,535.3571
86362,85780,P_TEST,0,GAZE_AWARE,924.0,530.0,true,LEFT_EYE,LOOKING_AT_EYES,801.0,535.3571,1101.0,535.3571
86396,85814,P_TEST,0,GAZE_AWARE,924.0,530.0,true,LEFT_EYE,LOOKING_AT_EYES,801.0,535.3571,1101.0,535.3571
86429,85847,P_TEST,0,GAZE_AWARE,924.0,530.0,true,LEFT_EYE,LOOKING_AT_EYES,801.0,535.3571,1101.0,535.3571
86462,85880,P_TEST,0,GAZE_AWARE,924.0,530.0,true,LEFT_EYE,LOOKING_AT_EYES,801.0,535.3571,1101.0,535.3571
86496,85914,P_TEST,0,GAZE_AWARE,924.0,530.0,true,LEFT_EYE,LOOKING_AT_EYES,801.0,535.3571,1101.0,535.3571
86529,85947,P_TEST,0,GAZE_AWARE,924.0,530.0,true,LEFT_EYE,LOOKING_AT_EYES,801.0,535.3571,1101.0,535.3571
86562,85980,P_TEST,0,GAZE_AWARE,924.0,530.0,true,LEFT_EYE,LOOKING_AT_EYES,801.0,535.3571,1101.0,535.3571
86596,86014,P_TEST,0,GAZE_AWARE,924.0,530.0,true,LEFT_EYE,LOOKING_AT_EYES,801.0,535.3571,1101.0,535.3571
86629,86047,P_TEST,0,GAZE_AWARE,924.0,530.0,true,LEFT_EYE,LOOKING_AT_EYES,801.0,535.3571,1101.0,535.3571
86678,86096,P_TEST,0,GAZE_AWARE,924.0,530.0,true,LEFT_EYE,LOOKING_AT_EYES,801.0,535.3571,1101.0,535.3571
86712,86130,P_TEST,0,GAZE_AWARE,924.0,530.0,true,LEFT_EYE,LOOKING_AT_EYES,801.0,535.3571,1101.0,535.3571
86745,86163,P_TEST,0,GAZE_AWARE,924.0,530.0,true,LEFT_EYE,LOOKING_AT_EYES,801.0,535.3571,1101.0,535.3571
86779,86197,P_TEST,0,GAZE_AWARE,924.0,530.0,true,LEFT_EYE,LOOKING_AT_EYES,801.0,535.3571,1101.0,535.3571
86812,86230,P_TEST,0,GAZE_AWARE,924.0,530.0,true,LEFT_EYE,LOOKING_AT_EYES,801.0,535.3571,1101.0,535.3571
86846,86264,P_TEST,0,GAZE_AWARE,924.0,530.0,true,LEFT_EYE,LOOKING_AT_EYES,801.0,535.3571,1101.0,535.3571
86879,86297,P_TEST,0,GAZE_AWARE,924.0,530.0,true,LEFT_EYE,LOOKING_AT_EYES,801.0,535.3571,1101.0,535.3571
86913,86331,P_TEST,0,GAZE_AWARE,924.0,530.0,true,LEFT_EYE,LOOKING_AT_EYES,801.0,535.3571,1101.0,535.3571
86962,86380,P_TEST,0,GAZE_AWARE,924.0,530.0,true,LEFT_EYE,LOOKING_AT_EYES,801.0,535.3571,1101.0,535.3571
86996,86414,P_TEST,0,GAZE_AWARE,924.0,530.0,true,LEFT_EYE,LOOKING_AT_EYES,801.0,535.3571,1101.0,535.3571
87029,86447,P_TEST,0,GAZE_AWARE,924.0,530.0,true,LEFT_EYE,LOOKING_AT_EYES,801.0,535.3571,1101.0,535.3571
87063,86481,P_TEST,0,GAZE_AWARE,924.0,530.0,true,LEFT_EYE,LOOKING_AT_EYES,801.0,535.3571,1101.0,535.3571
87096,86514,P_TEST,0,GAZE_AWARE,924.0,530.0,true,LEFT_EYE,LOOKING_AT_EYES,801.0,535.3571,1101.0,535.3571
87129,86547,P_TEST,0,GAZE_AWARE,924.0,530.0,true,LEFT_EYE,LOOKING_AT_EYES,801.0,535.3571,1101.0,535.3571
87162,86580,P_TEST,0,GAZE_AWARE,924.0,530.0,true,LEFT_EYE,LOOKING_AT_EYES,801.0,535.3571,1101.0,535.3571
87196,86614,P_TEST,0,GAZE_AWARE,924.0,530.0,true,LEFT_EYE,LOOKING_AT_EYES,801.0,535.3571,1101.0,535.3571
87229,86647,P_TEST,0,GAZE_AWARE,924.0,530.0,true,LEFT_EYE,LOOKING_AT_EYES,801.0,535.3571,1101.0,535.3571
87262,86680,P_TEST,0,GAZE_AWARE,924.0,530.0,true,LEFT_EYE,LOOKING_AT_EYES,801.0,535.3571,1101.0,535.3571
87296,86714,P_TEST,0,GAZE_AWARE,924.0,530.0,true,LEFT_EYE,LOOKING_AT_EYES,801.0,535.3571,1101.0,535.3571
87329,86747,P_TEST,0,GAZE_AWARE,924.0,530.0,true,LEFT_EYE,LOOKING_AT_EYES,801.0,535.3571,1101.0,535.3571
87362,86780,P_TEST,0,GAZE_AWARE,924.0,530.0,true,LEFT_EYE,LOOKING_AT_EYES,801.0,535.3571,1101.0,535.3571
87396,86814,P_TEST,0,GAZE_AWARE,924.0,530.0,true,LEFT_EYE,LOOKING_AT_EYES,801.0,535.3571,1101.0,535.3571
87429,86847,P_TEST,0,GAZE_AWARE,924.0,530.0,true,LEFT_EYE,LOOKING_AT_EYES,801.0,535.3571,1101.0,535.3571
87462,86880,P_TEST,0,GAZE_AWARE,924.0,530.0,true,LEFT_EYE,LOOKING_AT_EYES,801.0,535.3571,1101.0,535.3571
87495,86913,P_TEST,0,GAZE_AWARE,924.0,530.0,true,LEFT_EYE,LOOKING_AT_EYES,801.0,535.3571,1101.0,535.3571
87529,86947,P_TEST,0,GAZE_AWARE,924.0,530.0,true,LEFT_EYE,LOOKING_AT_EYES,801.0,535.3571,1101.0,535.3571
87563,86981,P_TEST,0,GAZE_AWARE,925.0,530.0,true,LEFT_EYE,LOOKING_AT_EYES,801.25,535.3571,1101.25,535.3571
87596,87014,P_TEST,0,GAZE_AWARE,927.0,529.0,true,LEFT_EYE,LOOKING_AT_EYES,801.75,534.8929,1101.75,534.8929
87645,87063,P_TEST,0,GAZE_AWARE,930.0,528.0,true,LEFT_EYE,LOOKING_AT_EYES,802.5,534.4286,1102.5,534.4286
87680,87098,P_TEST,0,GAZE_AWARE,931.0,528.0,true,LEFT_EYE,LOOKING_AT_EYES,802.75,534.4286,1102.75,534.4286
87730,87148,P_TEST,0,GAZE_AWARE,931.0,528.0,true,LEFT_EYE,LOOKING_AT_EYES,802.75,534.4286,1102.75,534.4286
87779,87197,P_TEST,0,GAZE_AWARE,931.0,528.0,true,LEFT_EYE,LOOKING_AT_EYES,802.75,534.4286,1102.75,534.4286
87812,87230,P_TEST,0,GAZE_AWARE,931.0,528.0,true,LEFT_EYE,LOOKING_AT_EYES,802.75,534.4286,1102.75,534.4286
87846,87264,P_TEST,0,GAZE_AWARE,931.0,528.0,true,LEFT_EYE,LOOKING_AT_EYES,802.75,534.4286,1102.75,534.4286
87879,87297,P_TEST,0,GAZE_AWARE,931.0,528.0,true,LEFT_EYE,LOOKING_AT_EYES,802.75,534.4286,1102.75,534.4286
87913,87331,P_TEST,0,GAZE_AWARE,931.0,528.0,true,LEFT_EYE,LOOKING_AT_EYES,802.75,534.4286,1102.75,534.4286
87946,87364,P_TEST,0,GAZE_AWARE,931.0,528.0,true,LEFT_EYE,LOOKING_AT_EYES,802.75,534.4286,1102.75,534.4286
87979,87397,P_TEST,0,GAZE_AWARE,931.0,528.0,true,LEFT_EYE,LOOKING_AT_EYES,802.75,534.4286,1102.75,534.4286
88012,87430,P_TEST,0,GAZE_AWARE,931.0,528.0,true,LEFT_EYE,LOOKING_AT_EYES,802.75,534.4286,1102.75,534.4286
88046,87464,P_TEST,0,GAZE_AWARE,931.0,528.0,true,LEFT_EYE,LOOKING_AT_EYES,802.75,534.4286,1102.75,534.4286
88096,87514,P_TEST,0,GAZE_AWARE,931.0,528.0,true,LEFT_EYE,LOOKING_AT_EYES,802.75,534.4286,1102.75,534.4286
88130,87548,P_TEST,0,GAZE_AWARE,931.0,528.0,true,LEFT_EYE,LOOKING_AT_EYES,802.75,534.4286,1102.75,534.4286
88163,87581,P_TEST,0,GAZE_AWARE,931.0,528.0,true,LEFT_EYE,LOOKING_AT_EYES,802.75,534.4286,1102.75,534.4286
88196,87614,P_TEST,0,GAZE_AWARE,931.0,528.0,true,LEFT_EYE,LOOKING_AT_EYES,802.75,534.4286,1102.75,534.4286
88229,87647,P_TEST,0,GAZE_AWARE,931.0,528.0,true,LEFT_EYE,LOOKING_AT_EYES,802.75,534.4286,1102.75,534.4286
88262,87680,P_TEST,0,GAZE_AWARE,931.0,528.0,true,LEFT_EYE,LOOKING_AT_EYES,802.75,534.4286,1102.75,534.4286
88296,87714,P_TEST,0,GAZE_AWARE,931.0,528.0,true,LEFT_EYE,LOOKING_AT_EYES,802.75,534.4286,1102.75,534.4286
88345,87763,P_TEST,0,GAZE_AWARE,931.0,528.0,true,LEFT_EYE,LOOKING_AT_EYES,802.75,534.4286,1102.75,534.4286
88379,87797,P_TEST,0,GAZE_AWARE,931.0,528.0,true,LEFT_EYE,LOOKING_AT_EYES,802.75,534.4286,1102.75,534.4286
88412,87830,P_TEST,0,GAZE_AWARE,931.0,528.0,true,LEFT_EYE,LOOKING_AT_EYES,802.75,534.4286,1102.75,534.4286
88446,87864,P_TEST,0,GAZE_AWARE,931.0,528.0,true,LEFT_EYE,LOOKING_AT_EYES,802.75,534.4286,1102.75,534.4286
88480,87898,P_TEST,0,GAZE_AWARE,931.0,528.0,true,LEFT_EYE,LOOKING_AT_EYES,802.75,534.4286,1102.75,534.4286
88513,87931,P_TEST,0,GAZE_AWARE,931.0,528.0,true,LEFT_EYE,LOOKING_AT_EYES,802.75,534.4286,1102.75,534.4286
88546,87964,P_TEST,0,GAZE_AWARE,931.0,528.0,true,LEFT_EYE,LOOKING_AT_EYES,802.75,534.4286,1102.75,534.4286
88580,87998,P_TEST,0,GAZE_AWARE,931.0,528.0,true,LEFT_EYE,LOOKING_AT_EYES,802.75,534.4286,1102.75,534.4286
88613,88031,P_TEST,0,GAZE_AWARE,931.0,528.0,true,LEFT_EYE,LOOKING_AT_EYES,802.75,534.4286,1102.75,534.4286
88646,88064,P_TEST,0,GAZE_AWARE,931.0,528.0,true,LEFT_EYE,LOOKING_AT_EYES,802.75,534.4286,1102.75,534.4286
88679,88097,P_TEST,0,GAZE_AWARE,931.0,528.0,true,LEFT_EYE,LOOKING_AT_EYES,802.75,534.4286,1102.75,534.4286
88712,88130,P_TEST,0,GAZE_AWARE,931.0,528.0,true,LEFT_EYE,LOOKING_AT_EYES,802.75,534.4286,1102.75,534.4286
88746,88164,P_TEST,0,GAZE_AWARE,931.0,528.0,true,LEFT_EYE,LOOKING_AT_EYES,802.75,534.4286,1102.75,534.4286
88779,88197,P_TEST,0,GAZE_AWARE,931.0,528.0,true,LEFT_EYE,LOOKING_AT_EYES,802.75,534.4286,1102.75,534.4286
88812,88230,P_TEST,0,GAZE_AWARE,931.0,528.0,true,LEFT_EYE,LOOKING_AT_EYES,802.75,534.4286,1102.75,534.4286
88846,88264,P_TEST,0,GAZE_AWARE,931.0,528.0,true,LEFT_EYE,LOOKING_AT_EYES,802.75,534.4286,1102.75,534.4286
88896,88314,P_TEST,0,GAZE_AWARE,931.0,528.0,true,LEFT_EYE,LOOKING_AT_EYES,802.75,534.4286,1102.75,534.4286
88929,88347,P_TEST,0,GAZE_AWARE,931.0,528.0,true,LEFT_EYE,LOOKING_AT_EYES,802.75,534.4286,1102.75,534.4286
88962,88380,P_TEST,0,GAZE_AWARE,931.0,528.0,true,LEFT_EYE,LOOKING_AT_EYES,802.75,534.4286,1102.75,534.4286
88995,88413,P_TEST,0,GAZE_AWARE,931.0,528.0,true,LEFT_EYE,LOOKING_AT_EYES,802.75,534.4286,1102.75,534.4286
89029,88447,P_TEST,0,GAZE_AWARE,931.0,528.0,true,LEFT_EYE,LOOKING_AT_EYES,802.75,534.4286,1102.75,534.4286
89062,88480,P_TEST,0,GAZE_AWARE,931.0,528.0,true,LEFT_EYE,LOOKING_AT_EYES,802.75,534.4286,1102.75,534.4286
89096,88514,P_TEST,0,GAZE_AWARE,931.0,528.0,true,LEFT_EYE,LOOKING_AT_EYES,802.75,534.4286,1102.75,534.4286
89130,88548,P_TEST,0,GAZE_AWARE,931.0,528.0,true,LEFT_EYE,LOOKING_AT_EYES,802.75,534.4286,1102.75,534.4286
89163,88581,P_TEST,0,GAZE_AWARE,931.0,528.0,true,LEFT_EYE,LOOKING_AT_EYES,802.75,534.4286,1102.75,534.4286
89196,88614,P_TEST,0,GAZE_AWARE,931.0,528.0,true,LEFT_EYE,LOOKING_AT_EYES,802.75,534.4286,1102.75,534.4286
89229,88647,P_TEST,0,GAZE_AWARE,931.0,528.0,true,LEFT_EYE,LOOKING_AT_EYES,802.75,534.4286,1102.75,534.4286
89263,88681,P_TEST,0,GAZE_AWARE,931.0,528.0,true,LEFT_EYE,LOOKING_AT_EYES,802.75,534.4286,1102.75,534.4286
89312,88730,P_TEST,0,GAZE_AWARE,931.0,528.0,true,LEFT_EYE,LOOKING_AT_EYES,802.75,534.4286,1102.75,534.4286
89345,88763,P_TEST,0,GAZE_AWARE,931.0,528.0,true,LEFT_EYE,LOOKING_AT_EYES,802.75,534.4286,1102.75,534.4286
89378,88796,P_TEST,0,GAZE_AWARE,931.0,528.0,true,LEFT_EYE,LOOKING_AT_EYES,802.75,534.4286,1102.75,534.4286
89412,88830,P_TEST,0,GAZE_AWARE,931.0,528.0,true,LEFT_EYE,LOOKING_AT_EYES,802.75,534.4286,1102.75,534.4286
89446,88864,P_TEST,0,GAZE_AWARE,931.0,528.0,true,LEFT_EYE,LOOKING_AT_EYES,802.75,534.4286,1102.75,534.4286
89480,88898,P_TEST,0,GAZE_AWARE,931.0,528.0,true,LEFT_EYE,LOOKING_AT_EYES,802.75,534.4286,1102.75,534.4286
89529,88947,P_TEST,0,GAZE_AWARE,931.0,528.0,true,LEFT_EYE,LOOKING_AT_EYES,802.75,534.4286,1102.75,534.4286
89563,88981,P_TEST,0,GAZE_AWARE,931.0,528.0,true,LEFT_EYE,LOOKING_AT_EYES,802.75,534.4286,1102.75,534.4286
89596,89014,P_TEST,0,GAZE_AWARE,931.0,528.0,true,LEFT_EYE,LOOKING_AT_EYES,802.75,534.4286,1102.75,534.4286
89629,89047,P_TEST,0,GAZE_AWARE,931.0,528.0,true,LEFT_EYE,LOOKING_AT_EYES,802.75,534.4286,1102.75,534.4286
89663,89081,P_TEST,0,GAZE_AWARE,931.0,528.0,true,LEFT_EYE,LOOKING_AT_EYES,802.75,534.4286,1102.75,534.4286
89696,89114,P_TEST,0,GAZE_AWARE,931.0,528.0,true,LEFT_EYE,LOOKING_AT_EYES,802.75,534.4286,1102.75,534.4286
89745,89163,P_TEST,0,GAZE_AWARE,931.0,528.0,true,LEFT_EYE,LOOKING_AT_EYES,802.75,534.4286,1102.75,534.4286
89779,89197,P_TEST,0,GAZE_AWARE,931.0,528.0,true,LEFT_EYE,LOOKING_AT_EYES,802.75,534.4286,1102.75,534.4286
89812,89230,P_TEST,0,GAZE_AWARE,931.0,528.0,true,LEFT_EYE,LOOKING_AT_EYES,802.75,534.4286,1102.75,534.4286
89846,89264,P_TEST,0,GAZE_AWARE,931.0,528.0,true,LEFT_EYE,LOOKING_AT_EYES,802.75,534.4286,1102.75,534.4286
89879,89297,P_TEST,0,GAZE_AWARE,931.0,528.0,true,LEFT_EYE,LOOKING_AT_EYES,802.75,534.4286,1102.75,534.4286
89913,89331,P_TEST,0,GAZE_AWARE,931.0,528.0,true,LEFT_EYE,LOOKING_AT_EYES,802.75,534.4286,1102.75,534.4286
89946,89364,P_TEST,0,GAZE_AWARE,931.0,528.0,true,LEFT_EYE,LOOKING_AT_EYES,802.75,534.4286,1102.75,534.4286
89979,89397,P_TEST,0,GAZE_AWARE,931.0,528.0,true,LEFT_EYE,LOOKING_AT_EYES,802.75,534.4286,1102.75,534.4286
90012,89430,P_TEST,0,GAZE_AWARE,931.0,528.0,true,LEFT_EYE,LOOKING_AT_EYES,802.75,534.4286,1102.75,534.4286
90046,89464,P_TEST,0,GAZE_AWARE,931.0,528.0,true,LEFT_EYE,LOOKING_AT_EYES,802.75,534.4286,1102.75,534.4286
90079,89497,P_TEST,0,GAZE_AWARE,931.0,528.0,true,LEFT_EYE,LOOKING_AT_EYES,802.75,534.4286,1102.75,534.4286
90113,89531,P_TEST,0,GAZE_AWARE,931.0,528.0,true,LEFT_EYE,LOOKING_AT_EYES,802.75,534.4286,1102.75,534.4286
90146,89564,P_TEST,0,GAZE_AWARE,931.0,528.0,true,LEFT_EYE,LOOKING_AT_EYES,802.75,534.4286,1102.75,534.4286
90179,89597,P_TEST,0,GAZE_AWARE,931.0,528.0,true,LEFT_EYE,LOOKING_AT_EYES,802.75,534.4286,1102.75,534.4286
90212,89630,P_TEST,0,GAZE_AWARE,931.0,528.0,true,LEFT_EYE,LOOKING_AT_EYES,802.75,534.4286,1102.75,534.4286
90246,89664,P_TEST,0,GAZE_AWARE,931.0,528.0,true,LEFT_EYE,LOOKING_AT_EYES,802.75,534.4286,1102.75,534.4286
90279,89697,P_TEST,0,GAZE_AWARE,931.0,528.0,true,LEFT_EYE,LOOKING_AT_EYES,802.75,534.4286,1102.75,534.4286
90312,89730,P_TEST,0,GAZE_AWARE,931.0,528.0,true,LEFT_EYE,LOOKING_AT_EYES,802.75,534.4286,1102.75,534.4286
90346,89764,P_TEST,0,GAZE_AWARE,931.0,528.0,true,LEFT_EYE,LOOKING_AT_EYES,802.75,534.4286,1102.75,534.4286
90380,89798,P_TEST,0,GAZE_AWARE,931.0,528.0,true,LEFT_EYE,LOOKING_AT_EYES,802.75,534.4286,1102.75,534.4286
90430,89848,P_TEST,0,GAZE_AWARE,931.0,528.0,true,LEFT_EYE,LOOKING_AT_EYES,802.75,534.4286,1102.75,534.4286
90479,89897,P_TEST,0,GAZE_AWARE,931.0,528.0,true,LEFT_EYE,LOOKING_AT_EYES,802.75,534.4286,1102.75,534.4286
90512,89930,P_TEST,0,GAZE_AWARE,931.0,528.0,true,LEFT_EYE,LOOKING_AT_EYES,802.75,534.4286,1102.75,534.4286
90545,89963,P_TEST,0,GAZE_AWARE,931.0,528.0,true,LEFT_EYE,LOOKING_AT_EYES,802.75,534.4286,1102.75,534.4286
90580,89998,P_TEST,0,GAZE_AWARE,931.0,528.0,true,LEFT_EYE,LOOKING_AT_EYES,802.75,534.4286,1102.75,534.4286
90630,90048,P_TEST,0,GAZE_AWARE,931.0,528.0,true,LEFT_EYE,LOOKING_AT_EYES,802.75,534.4286,1102.75,534.4286
90663,90081,P_TEST,0,GAZE_AWARE,931.0,528.0,true,LEFT_EYE,LOOKING_AT_EYES,802.75,534.4286,1102.75,534.4286
90697,90115,P_TEST,0,GAZE_AWARE,931.0,528.0,true,LEFT_EYE,LOOKING_AT_EYES,802.75,534.4286,1102.75,534.4286
90730,90148,P_TEST,0,GAZE_AWARE,931.0,528.0,true,LEFT_EYE,LOOKING_AT_EYES,802.75,534.4286,1102.75,534.4286
90780,90198,P_TEST,0,GAZE_AWARE,931.0,528.0,true,LEFT_EYE,LOOKING_AT_EYES,802.75,534.4286,1102.75,534.4286
90813,90231,P_TEST,0,GAZE_AWARE,931.0,528.0,true,LEFT_EYE,LOOKING_AT_EYES,802.75,534.4286,1102.75,534.4286
90846,90264,P_TEST,0,GAZE_AWARE,931.0,528.0,true,LEFT_EYE,LOOKING_AT_EYES,802.75,534.4286,1102.75,534.4286
90879,90297,P_TEST,0,GAZE_AWARE,931.0,528.0,true,LEFT_EYE,LOOKING_AT_EYES,802.75,534.4286,1102.75,534.4286
90913,90331,P_TEST,0,GAZE_AWARE,931.0,528.0,true,LEFT_EYE,LOOKING_AT_EYES,802.75,534.4286,1102.75,534.4286
90946,90364,P_TEST,0,GAZE_AWARE,931.0,528.0,true,LEFT_EYE,LOOKING_AT_EYES,802.75,534.4286,1102.75,534.4286
90979,90397,P_TEST,0,GAZE_AWARE,931.0,528.0,true,LEFT_EYE,LOOKING_AT_EYES,802.75,534.4286,1102.75,534.4286
91012,90430,P_TEST,0,GAZE_AWARE,931.0,528.0,true,LEFT_EYE,LOOKING_AT_EYES,802.75,534.4286,1102.75,534.4286
91045,90463,P_TEST,0,GAZE_AWARE,931.0,528.0,true,LEFT_EYE,LOOKING_AT_EYES,802.75,534.4286,1102.75,534.4286
91080,90498,P_TEST,0,GAZE_AWARE,931.0,528.0,true,LEFT_EYE,LOOKING_AT_EYES,802.75,534.4286,1102.75,534.4286
91129,90547,P_TEST,0,GAZE_AWARE,931.0,528.0,true,LEFT_EYE,LOOKING_AT_EYES,802.75,534.4286,1102.75,534.4286
91162,90580,P_TEST,0,GAZE_AWARE,931.0,528.0,true,LEFT_EYE,LOOKING_AT_EYES,802.75,534.4286,1102.75,534.4286
91196,90614,P_TEST,0,GAZE_AWARE,931.0,528.0,true,LEFT_EYE,LOOKING_AT_EYES,802.75,534.4286,1102.75,534.4286
91229,90647,P_TEST,0,GAZE_AWARE,931.0,528.0,true,LEFT_EYE,LOOKING_AT_EYES,802.75,534.4286,1102.75,534.4286
91262,90680,P_TEST,0,GAZE_AWARE,931.0,528.0,true,LEFT_EYE,LOOKING_AT_EYES,802.75,534.4286,1102.75,534.4286
91295,90713,P_TEST,0,GAZE_AWARE,931.0,528.0,true,LEFT_EYE,LOOKING_AT_EYES,802.75,534.4286,1102.75,534.4286
91329,90747,P_TEST,0,GAZE_AWARE,931.0,528.0,true,LEFT_EYE,LOOKING_AT_EYES,802.75,534.4286,1102.75,534.4286
91362,90780,P_TEST,0,GAZE_AWARE,931.0,528.0,true,LEFT_EYE,LOOKING_AT_EYES,802.75,534.4286,1102.75,534.4286
91395,90813,P_TEST,0,GAZE_AWARE,931.0,528.0,true,LEFT_EYE,LOOKING_AT_EYES,802.75,534.4286,1102.75,534.4286
91429,90847,P_TEST,0,GAZE_AWARE,931.0,528.0,true,LEFT_EYE,LOOKING_AT_EYES,802.75,534.4286,1102.75,534.4286
91462,90880,P_TEST,0,GAZE_AWARE,931.0,528.0,true,LEFT_EYE,LOOKING_AT_EYES,802.75,534.4286,1102.75,534.4286
91496,90914,P_TEST,0,GAZE_AWARE,931.0,528.0,true,LEFT_EYE,LOOKING_AT_EYES,802.75,534.4286,1102.75,534.4286
91529,90947,P_TEST,0,GAZE_AWARE,931.0,528.0,true,LEFT_EYE,LOOKING_AT_EYES,802.75,534.4286,1102.75,534.4286
91563,90981,P_TEST,0,GAZE_AWARE,931.0,528.0,true,LEFT_EYE,LOOKING_AT_EYES,802.75,534.4286,1102.75,534.4286
91596,91014,P_TEST,0,GAZE_AWARE,931.0,528.0,true,LEFT_EYE,LOOKING_AT_EYES,802.75,534.4286,1102.75,534.4286
91629,91047,P_TEST,0,GAZE_AWARE,931.0,528.0,true,LEFT_EYE,LOOKING_AT_EYES,802.75,534.4286,1102.75,534.4286
91662,91081,P_TEST,0,GAZE_AWARE,931.0,528.0,true,LEFT_EYE,LOOKING_AT_EYES,802.75,534.4286,1102.75,534.4286
91697,91115,P_TEST,0,GAZE_AWARE,931.0,528.0,true,LEFT_EYE,LOOKING_AT_EYES,802.75,534.4286,1102.75,534.4286
91746,91164,P_TEST,0,GAZE_AWARE,931.0,528.0,true,LEFT_EYE,LOOKING_AT_EYES,802.75,534.4286,1102.75,534.4286
91780,91198,P_TEST,0,GAZE_AWARE,931.0,528.0,true,LEFT_EYE,LOOKING_AT_EYES,802.75,534.4286,1102.75,534.4286
91813,91231,P_TEST,0,GAZE_AWARE,931.0,528.0,true,LEFT_EYE,LOOKING_AT_EYES,802.75,534.4286,1102.75,534.4286
91847,91265,P_TEST,0,GAZE_AWARE,931.0,528.0,true,LEFT_EYE,LOOKING_AT_EYES,802.75,534.4286,1102.75,534.4286
91880,91298,P_TEST,0,GAZE_AWARE,931.0,528.0,true,LEFT_EYE,LOOKING_AT_EYES,802.75,534.4286,1102.75,534.4286
91929,91347,P_TEST,0,GAZE_AWARE,931.0,528.0,true,LEFT_EYE,LOOKING_AT_EYES,802.75,534.4286,1102.75,534.4286
91963,91381,P_TEST,0,GAZE_AWARE,931.0,528.0,true,LEFT_EYE,LOOKING_AT_EYES,802.75,534.4286,1102.75,534.4286
91996,91414,P_TEST,0,GAZE_AWARE,931.0,528.0,true,LEFT_EYE,LOOKING_AT_EYES,802.75,534.4286,1102.75,534.4286
92045,91463,P_TEST,0,GAZE_AWARE,931.0,528.0,true,LEFT_EYE,LOOKING_AT_EYES,802.75,534.4286,1102.75,534.4286
92079,91497,P_TEST,0,GAZE_AWARE,931.0,528.0,true,LEFT_EYE,LOOKING_AT_EYES,802.75,534.4286,1102.75,534.4286
92113,91531,P_TEST,0,GAZE_AWARE,931.0,528.0,true,LEFT_EYE,LOOKING_AT_EYES,802.75,534.4286,1102.75,534.4286
92163,91581,P_TEST,0,GAZE_AWARE,931.0,528.0,true,LEFT_EYE,LOOKING_AT_EYES,802.75,534.4286,1102.75,534.4286
92196,91614,P_TEST,0,GAZE_AWARE,931.0,528.0,true,LEFT_EYE,LOOKING_AT_EYES,802.75,534.4286,1102.75,534.4286
92230,91648,P_TEST,0,GAZE_AWARE,931.0,528.0,true,LEFT_EYE,LOOKING_AT_EYES,802.75,534.4286,1102.75,534.4286
92264,91682,P_TEST,0,GAZE_AWARE,931.0,528.0,true,LEFT_EYE,LOOKING_AT_EYES,802.75,534.4286,1102.75,534.4286
92312,91730,P_TEST,0,GAZE_AWARE,931.0,528.0,true,LEFT_EYE,LOOKING_AT_EYES,802.75,534.4286,1102.75,534.4286
92346,91764,P_TEST,0,GAZE_AWARE,931.0,528.0,true,LEFT_EYE,LOOKING_AT_EYES,802.75,534.4286,1102.75,534.4286
92380,91798,P_TEST,0,GAZE_AWARE,931.0,528.0,true,LEFT_EYE,LOOKING_AT_EYES,802.75,534.4286,1102.75,534.4286
92413,91831,P_TEST,0,GAZE_AWARE,931.0,528.0,true,LEFT_EYE,LOOKING_AT_EYES,802.75,534.4286,1102.75,534.4286
92447,91865,P_TEST,0,GAZE_AWARE,931.0,528.0,true,LEFT_EYE,LOOKING_AT_EYES,802.75,534.4286,1102.75,534.4286
92496,91914,P_TEST,0,GAZE_AWARE,931.0,528.0,true,LEFT_EYE,LOOKING_AT_EYES,802.75,534.4286,1102.75,534.4286
92530,91948,P_TEST,0,GAZE_AWARE,931.0,528.0,true,LEFT_EYE,LOOKING_AT_EYES,802.75,534.4286,1102.75,534.4286
